Day(Local_Date),GustDir(Deg),GustSpd(m/s),WindRun(Km),Rain(mm),Tmean(C),Tmax(C),Tmin(C),Tgmin(C),VapPress(hPa),ET10(C),Rad(MJ/m2),SoilM(%),Season
1999-11-03,79.0,20.6,492.0,0.2,16.6,18.8,15.2,14.7,14.0,18.1,11.39,37.3,Spring
1999-11-04,56.0,19.8,748.0,103.8,16.5,17.4,15.0,15.0,17.3,16.9,2.12,63.7,Spring
1999-11-05,42.0,14.4,382.0,19.6,17.2,19.4,15.4,12.7,17.7,18.3,14.42,51.2,Spring
1999-11-06,22.0,13.1,363.0,7.8,18.1,22.4,13.8,11.3,15.2,19.5,25.52,39.7,Spring
1999-11-07,19.0,11.8,379.0,12.4,17.6,20.2,16.0,15.2,17.7,19.1,13.29,51.8,Spring
1999-11-08,17.0,11.6,342.0,0.0,18.3,21.8,16.0,14.0,16.4,19.5,20.3,41.9,Spring
1999-11-09,6.0,12.4,431.0,6.6,18.4,23.4,17.3,15.6,20.3,19.6,11.38,45.9,Spring
1999-11-10,356.0,20.5,636.0,18.0,18.5,24.9,17.1,16.8,20.3,18.9,5.28,49.3,Spring
1999-11-11,274.0,20.4,568.0,7.2,17.8,22.3,14.4,12.2,13.2,19.4,24.5,51.6,Spring
1999-11-12,254.0,20.1,644.0,6.8,14.5,18.4,12.1,10.4,14.1,17.1,20.65,50.3,Spring
1999-11-13,256.0,15.6,404.0,0.0,14.5,18.5,9.6,6.0,12.5,16.8,23.56,48.8,Spring
1999-11-14,221.0,8.2,168.0,2.8,13.5,20.0,7.8,4.8,11.4,16.5,16.64,40.5,Spring
1999-11-15,91.0,8.0,160.0,1.4,14.2,20.1,8.2,4.9,12.1,17.3,18.88,39.0,Spring
1999-11-16,20.0,12.2,299.0,0.0,15.4,21.0,8.7,5.2,12.6,18.7,29.9,38.2,Spring
1999-11-17,4.0,14.1,418.0,0.0,17.2,21.0,12.5,9.4,15.7,19.7,28.15,37.0,Spring
1999-11-18,13.0,12.2,338.0,6.2,16.6,18.5,14.6,14.2,16.1,18.5,10.31,35.5,Spring
1999-11-19,216.0,9.4,271.0,0.6,15.2,19.9,11.1,7.7,11.4,18.6,23.81,35.8,Spring
1999-11-20,241.0,13.7,325.0,5.2,12.7,16.9,8.4,5.2,12.1,17.2,22.47,36.3,Spring
1999-11-21,227.0,13.7,302.0,6.2,12.0,16.3,8.6,6.2,12.1,16.0,20.7,38.4,Spring
1999-11-22,211.0,12.4,326.0,5.2,12.9,17.9,7.7,3.0,10.3,15.8,23.67,44.0,Spring
1999-11-23,254.0,11.5,309.0,0.0,13.7,19.8,8.0,4.8,9.8,17.2,28.35,39.3,Spring
1999-11-24,286.0,9.9,249.0,0.0,13.2,18.1,6.7,3.8,13.1,16.9,16.08,37.3,Spring
1999-11-25,295.0,7.4,143.0,4.2,16.2,19.2,14.2,12.9,15.1,17.9,9.93,37.5,Spring
1999-11-26,38.0,10.9,361.0,1.2,17.5,21.3,14.7,12.8,14.8,19.5,25.25,37.5,Spring
1999-11-27,6.0,9.8,280.0,65.4,16.5,20.8,14.1,12.7,18.4,18.5,12.33,39.7,Spring
1999-11-28,249.0,15.4,391.0,22.8,13.6,16.9,9.1,6.5,9.5,17.1,21.11,51.9,Spring
1999-11-29,231.0,19.5,474.0,0.0,13.4,18.0,8.1,5.3,10.5,16.1,18.78,41.0,Spring
1999-11-30,222.0,9.9,254.0,0.0,14.9,20.1,8.8,5.8,14.0,17.9,23.89,38.3,Spring
1999-12-01,248.0,13.3,375.0,0.0,14.3,19.8,7.9,5.3,12.1,18.0,22.29,37.6,Summer
1999-12-02,214.0,12.5,362.0,0.0,15.7,18.7,13.0,11.0,14.0,17.9,12.0,36.9,Summer
1999-12-03,249.0,16.2,526.0,0.0,16.5,19.8,12.7,10.8,12.9,18.6,23.92,35.2,Summer
1999-12-04,207.0,12.5,386.0,0.0,17.7,22.3,14.7,14.5,14.0,21.0,29.37,33.0,Summer
1999-12-05,246.0,10.8,324.0,0.0,18.3,23.6,15.2,13.5,13.7,22.8,32.22,30.4,Summer
1999-12-06,231.0,9.8,310.0,0.0,17.7,22.4,13.9,12.2,14.9,22.3,25.99,28.6,Summer
1999-12-07,240.0,11.6,291.0,0.0,16.5,21.4,11.4,8.2,14.9,21.7,27.45,27.6,Summer
1999-12-08,217.0,9.6,220.0,0.0,14.7,20.7,9.2,5.0,14.9,21.0,24.99,26.2,Summer
1999-12-09,122.0,6.9,191.0,0.0,14.2,21.3,5.6,2.3,10.8,21.0,26.65,24.1,Summer
1999-12-10,270.0,9.9,263.0,0.0,15.2,21.6,7.6,5.1,11.2,21.2,30.5,21.9,Summer
1999-12-11,4.0,10.1,260.0,0.0,16.1,22.4,9.4,6.5,14.3,20.9,19.63,19.7,Summer
1999-12-12,264.0,13.1,377.0,0.8,19.2,22.3,16.6,14.8,15.9,21.2,17.03,18.9,Summer
1999-12-13,272.0,22.6,678.0,8.0,18.3,21.3,14.7,12.9,15.4,20.0,21.06,20.5,Summer
1999-12-14,228.0,21.6,773.0,0.4,15.5,18.2,12.8,10.9,14.2,18.4,29.15,17.7,Summer
1999-12-15,219.0,10.5,314.0,0.0,15.5,20.5,11.2,7.9,12.5,19.1,23.84,15.6,Summer
1999-12-16,233.0,10.3,280.0,0.0,15.1,19.9,9.4,6.4,11.7,19.3,18.15,14.3,Summer
1999-12-17,11.0,9.3,217.0,0.0,15.4,20.8,8.8,6.1,11.7,19.8,20.51,13.2,Summer
1999-12-18,7.0,11.0,312.0,0.0,17.1,21.8,9.8,8.3,11.7,20.1,19.02,12.2,Summer
1999-12-19,41.0,10.1,260.0,15.4,17.7,19.1,16.2,16.0,19.3,19.3,5.25,15.9,Summer
1999-12-20,222.0,10.0,299.0,0.5,16.7,20.5,13.9,12.5,16.0,19.2,19.91,16.9,Summer
1999-12-21,204.0,17.4,432.0,16.7,13.5,14.8,11.9,11.7,15.0,16.3,5.56,21.1,Summer
1999-12-22,226.0,18.5,598.0,0.0,16.1,19.4,13.1,9.7,12.1,17.1,21.81,22.0,Summer
1999-12-23,174.0,7.8,236.0,0.0,15.9,21.4,9.9,7.1,10.9,19.6,25.56,19.7,Summer
1999-12-24,197.0,7.4,202.0,0.3,15.7,20.5,10.8,8.2,13.4,20.1,20.62,18.5,Summer
1999-12-25,223.0,13.5,419.0,0.1,15.2,19.7,10.7,7.8,10.6,20.0,29.28,17.5,Summer
1999-12-26,165.0,10.6,319.0,0.0,15.3,20.2,11.4,8.2,12.5,19.9,23.57,15.4,Summer
1999-12-27,69.0,8.1,196.0,0.0,14.3,19.8,9.6,7.2,11.7,20.6,26.47,14.0,Summer
1999-12-28,74.0,8.5,220.0,0.0,14.7,20.1,7.8,5.0,8.2,20.9,26.76,12.6,Summer
1999-12-29,58.0,9.6,261.0,0.0,15.8,20.5,10.2,7.1,8.2,21.2,25.39,11.2,Summer
1999-12-30,40.0,11.5,339.0,0.1,15.9,20.7,10.3,7.1,8.2,20.8,23.24,10.0,Summer
1999-12-31,24.0,16.8,623.0,5.3,16.8,18.3,15.5,14.6,17.0,18.3,7.42,10.9,Summer
2000-01-01,225.0,15.0,238.0,9.8,19.8,25.8,16.3,13.3,19.2,21.0,20.53,15.5,Summer
2000-01-02,265.0,17.5,396.0,0.3,18.7,24.7,15.1,11.9,14.3,20.8,19.61,15.8,Summer
2000-01-03,244.0,14.9,488.0,3.0,16.2,20.0,13.2,11.0,13.8,19.2,21.0,14.9,Summer
2000-01-04,240.0,18.2,511.0,1.7,15.0,18.6,12.0,9.9,11.2,18.1,24.36,14.2,Summer
2000-01-05,218.0,10.7,328.0,0.0,16.5,21.5,11.9,8.3,12.5,19.7,27.07,13.5,Summer
2000-01-06,258.0,8.0,186.0,0.0,16.4,23.2,9.1,6.5,11.8,20.9,21.65,12.6,Summer
2000-01-07,256.0,9.1,195.0,0.0,18.1,22.8,14.5,12.6,14.3,22.0,19.69,11.9,Summer
2000-01-08,60.0,7.5,147.0,0.6,16.7,22.1,12.9,11.3,13.2,21.2,17.05,11.3,Summer
2000-01-09,67.0,8.4,210.0,0.0,17.6,22.9,12.4,10.8,16.5,22.8,28.99,10.8,Summer
2000-01-10,90.0,10.9,330.0,0.0,17.9,21.4,13.7,11.2,13.2,22.3,21.33,9.9,Summer
2000-01-11,69.0,13.9,468.0,0.3,17.5,20.5,15.0,12.9,13.1,21.3,22.24,9.0,Summer
2000-01-12,77.0,12.9,445.0,0.5,17.0,19.9,15.6,14.9,15.5,20.1,14.99,8.2,Summer
2000-01-13,72.0,11.5,370.0,0.0,17.3,21.2,12.2,8.8,14.7,20.7,20.9,7.8,Summer
2000-01-14,63.0,7.8,195.0,0.0,16.4,22.8,9.4,5.9,11.6,22.2,31.51,7.1,Summer
2000-01-15,100.0,8.4,243.0,0.0,16.9,22.2,11.1,9.7,14.2,21.8,20.47,6.5,Summer
2000-01-16,36.0,9.1,335.0,1.7,17.7,20.0,16.7,15.6,14.3,20.4,11.58,6.5,Summer
2000-01-17,243.0,8.4,178.0,1.1,18.7,23.8,15.0,11.6,14.3,22.1,20.52,6.8,Summer
2000-01-18,315.0,8.0,248.0,0.0,18.1,23.6,11.3,8.8,13.9,22.4,22.13,6.5,Summer
2000-01-19,17.0,9.2,170.0,6.2,17.1,22.2,13.7,11.3,17.0,20.9,11.71,7.5,Summer
2000-01-20,261.0,7.0,228.0,0.0,17.9,23.1,12.6,10.2,14.3,20.4,17.83,7.9,Summer
2000-01-21,251.0,6.6,148.0,0.0,17.4,22.8,10.7,8.2,16.5,20.3,13.77,7.1,Summer
2000-01-22,61.0,6.5,174.0,0.0,18.5,26.1,10.9,8.6,13.9,22.2,22.82,6.7,Summer
2000-01-23,3.0,9.9,271.0,0.0,19.7,26.4,12.9,11.4,11.5,23.7,27.85,6.2,Summer
2000-01-24,350.0,14.9,481.0,0.0,21.6,25.8,18.6,16.8,17.2,24.1,24.87,5.6,Summer
2000-01-25,7.0,14.0,362.0,11.8,18.3,20.7,12.3,9.7,16.8,21.0,6.51,8.1,Summer
2000-01-26,215.0,8.2,210.0,0.0,16.5,22.7,9.3,7.6,12.7,19.7,21.41,8.9,Summer
2000-01-27,129.0,7.7,167.0,15.1,15.2,18.9,11.2,9.4,17.5,18.4,9.16,12.8,Summer
2000-01-28,304.0,5.1,151.0,0.0,16.7,21.2,11.9,9.1,13.6,18.8,12.26,12.6,Summer
2000-01-29,3.0,17.0,459.0,0.0,18.2,22.3,14.2,12.7,14.8,20.0,19.52,11.2,Summer
2000-01-30,275.0,17.9,537.0,21.0,19.9,24.4,16.6,15.1,20.7,20.6,12.85,15.5,Summer
2000-01-31,262.0,20.6,618.0,3.5,17.3,21.1,14.6,12.6,11.3,19.3,23.71,18.6,Summer
2000-02-01,235.0,15.0,427.0,0.7,17.0,21.3,13.7,11.7,11.2,19.5,24.2,16.7,Summer
2000-02-02,209.0,13.1,358.0,0.0,16.7,21.1,13.4,10.0,10.1,20.2,22.64,15.2,Summer
2000-02-03,236.0,9.6,275.0,0.0,16.3,21.3,11.3,7.1,11.7,19.8,20.18,13.9,Summer
2000-02-04,219.0,13.1,342.0,0.0,15.2,21.2,8.5,5.1,8.2,19.9,24.83,12.6,Summer
2000-02-05,221.0,10.0,349.0,0.0,18.5,23.3,13.6,9.9,16.6,21.0,19.56,11.3,Summer
2000-02-06,250.0,11.9,311.0,0.0,17.6,23.8,11.9,9.1,13.5,21.5,22.77,10.2,Summer
2000-02-07,244.0,13.5,405.0,0.2,19.0,23.8,13.4,8.8,16.8,22.4,25.85,9.1,Summer
2000-02-08,208.0,15.2,443.0,0.0,17.5,22.0,13.1,9.1,14.5,21.1,24.88,7.8,Summer
2000-02-09,253.0,8.8,201.0,0.0,17.6,24.2,11.0,8.0,14.2,21.8,20.25,7.0,Summer
2000-02-10,215.0,12.4,275.0,0.0,18.0,24.6,10.9,8.3,13.9,21.6,22.62,6.5,Summer
2000-02-11,72.0,8.5,189.0,0.0,19.7,24.4,16.2,13.9,14.3,22.9,18.1,6.1,Summer
2000-02-12,45.0,9.8,291.0,0.0,18.2,23.2,13.1,11.1,14.9,22.5,25.58,5.6,Summer
2000-02-13,32.0,9.4,301.0,0.5,19.0,23.6,13.4,10.8,14.9,22.7,21.74,5.2,Summer
2000-02-14,12.0,12.7,397.0,2.4,20.2,22.5,18.1,17.7,16.9,21.7,8.23,5.1,Summer
2000-02-15,49.0,13.9,549.0,1.9,20.3,22.4,19.3,19.0,18.9,21.2,13.2,6.4,Summer
2000-02-16,65.0,12.1,372.0,14.4,18.8,21.2,15.7,13.4,15.0,20.6,10.9,10.3,Summer
2000-02-17,253.0,13.6,377.0,0.0,19.3,23.7,15.1,12.5,12.3,21.4,25.52,10.5,Summer
2000-02-18,229.0,12.3,299.0,0.0,18.7,25.2,13.5,9.4,16.8,21.9,25.22,8.9,Summer
2000-02-19,215.0,8.6,182.0,0.0,19.5,25.2,15.5,11.4,17.6,23.6,22.59,7.7,Summer
2000-02-20,213.0,7.9,186.0,0.0,18.1,24.3,12.5,9.1,14.2,22.6,18.45,6.9,Summer
2000-02-21,241.0,9.6,238.0,0.0,17.1,24.3,10.2,7.5,13.9,21.9,22.57,6.2,Summer
2000-02-22,195.0,9.2,187.0,0.0,17.4,24.2,9.8,6.8,14.5,21.4,15.94,5.7,Summer
2000-02-23,87.0,7.9,293.0,6.3,18.3,22.6,15.1,13.0,17.6,21.6,22.32,8.2,Summer
2000-02-24,61.0,7.5,167.0,0.0,16.8,23.1,10.4,6.7,14.5,21.8,24.57,6.6,Summer
2000-02-25,197.0,11.4,291.0,0.0,17.3,24.3,10.1,7.2,13.9,21.6,23.95,5.7,Summer
2000-02-26,237.0,10.2,298.0,0.6,19.7,25.0,16.6,12.5,14.9,23.0,22.15,5.4,Summer
2000-02-27,221.0,11.2,234.0,0.0,18.0,24.4,12.4,9.3,14.5,22.8,24.86,5.2,Summer
2000-02-28,242.0,11.1,292.0,0.0,17.7,24.3,12.1,8.5,14.2,21.5,20.38,4.9,Summer
2000-02-29,76.0,6.8,162.0,0.0,17.0,24.1,9.3,6.6,14.5,21.3,16.88,4.6,Summer
2000-03-01,128.0,9.5,239.0,12.8,18.5,21.8,15.3,14.5,18.2,21.0,8.02,5.6,Autumn
2000-03-02,88.0,13.5,383.0,23.5,19.3,22.3,17.4,17.4,20.7,20.4,7.77,17.1,Autumn
2000-03-03,140.0,9.5,294.0,5.2,19.8,25.7,14.9,11.4,12.1,21.5,26.09,16.9,Autumn
2000-03-04,238.0,11.6,290.0,0.0,17.8,23.5,12.1,9.4,10.1,21.0,23.3,14.9,Autumn
2000-03-05,239.0,10.9,307.0,0.0,18.8,22.8,14.6,10.5,14.3,21.4,15.83,13.8,Autumn
2000-03-06,216.0,9.2,237.0,0.0,17.4,22.4,12.5,9.9,15.2,20.6,13.43,13.1,Autumn
2000-03-07,220.0,11.1,323.0,0.1,18.6,23.8,14.2,10.0,14.3,20.8,17.59,12.3,Autumn
2000-03-08,232.0,9.3,249.0,0.0,17.9,23.8,11.9,9.1,14.5,21.3,18.33,11.3,Autumn
2000-03-09,204.0,10.4,318.0,0.0,17.9,23.1,13.8,9.4,16.8,21.7,24.07,10.1,Autumn
2000-03-10,64.0,8.9,212.0,0.0,17.2,23.8,10.1,6.6,13.9,21.8,23.28,9.1,Autumn
2000-03-11,54.0,7.3,179.0,0.3,18.1,23.2,13.5,9.9,16.6,22.4,21.59,8.6,Autumn
2000-03-12,268.0,12.2,321.0,2.0,18.5,23.5,15.6,15.2,16.2,21.6,15.92,9.4,Autumn
2000-03-13,269.0,19.6,580.0,3.4,17.7,22.1,13.2,10.9,16.1,19.6,12.8,9.0,Autumn
2000-03-14,189.0,10.5,250.0,2.7,16.1,21.0,12.6,9.5,15.4,19.1,19.27,11.6,Autumn
2000-03-15,226.0,15.7,448.0,0.2,16.5,20.6,13.0,10.4,13.2,18.5,20.31,10.8,Autumn
2000-03-16,200.0,8.4,230.0,0.0,17.6,23.8,13.3,9.5,16.6,20.3,20.97,9.9,Autumn
2000-03-17,44.0,7.4,167.0,0.0,16.6,22.7,11.0,8.4,12.7,20.9,22.93,9.2,Autumn
2000-03-18,76.0,7.2,192.0,0.0,16.0,23.0,9.8,6.7,15.4,20.5,20.68,8.3,Autumn
2000-03-19,209.0,11.2,274.0,0.0,15.2,21.3,9.6,6.7,13.2,19.4,18.94,7.6,Autumn
2000-03-20,56.0,7.5,208.0,0.0,17.6,23.5,11.2,8.2,14.2,21.1,19.45,6.9,Autumn
2000-03-21,251.0,7.1,204.0,0.0,17.4,21.9,12.6,10.8,16.9,20.0,8.01,6.6,Autumn
2000-03-22,176.0,12.7,366.0,0.1,15.4,19.2,12.7,10.6,14.3,18.6,13.51,6.6,Autumn
2000-03-23,120.0,11.1,372.0,0.0,14.1,18.9,9.2,6.3,8.2,18.3,22.16,5.9,Autumn
2000-03-24,208.0,12.4,368.0,0.0,16.0,22.0,11.5,8.0,14.5,18.7,19.86,5.2,Autumn
2000-03-25,205.0,10.4,246.0,0.0,16.7,23.7,11.0,7.7,14.5,19.2,18.24,4.8,Autumn
2000-03-26,79.0,7.1,210.0,0.0,16.5,21.8,10.9,7.1,13.9,19.5,20.98,4.7,Autumn
2000-03-27,148.0,10.5,123.0,0.0,15.9,23.1,9.5,5.7,14.5,19.1,14.68,4.5,Autumn
2000-03-28,65.0,6.4,138.0,0.0,15.4,21.5,8.9,6.0,16.5,18.4,11.87,4.5,Autumn
2000-03-29,13.0,7.1,144.0,0.0,15.7,22.1,9.8,7.8,16.5,18.1,9.56,4.5,Autumn
2000-03-30,266.0,14.2,321.0,3.3,16.5,21.0,13.0,10.8,14.3,18.0,12.53,6.0,Autumn
2000-03-31,153.0,7.1,191.0,0.0,16.4,23.2,10.8,7.6,14.5,18.2,18.24,5.6,Autumn
2000-04-01,240.0,7.5,160.0,0.0,15.8,23.0,9.0,7.1,14.5,18.3,15.03,4.9,Autumn
2000-04-02,233.0,7.9,220.0,0.0,14.6,20.8,8.3,5.5,13.7,17.2,10.5,4.4,Autumn
2000-04-03,52.0,10.4,315.0,1.9,17.6,22.5,14.0,12.9,14.3,19.1,13.43,4.8,Autumn
2000-04-04,50.0,12.2,375.0,1.5,17.4,19.1,16.3,16.0,16.1,17.8,4.13,6.7,Autumn
2000-04-05,4.0,11.2,229.0,0.0,18.6,23.5,15.2,13.4,17.8,19.1,10.91,6.8,Autumn
2000-04-06,4.0,12.8,403.0,0.3,19.7,23.3,17.8,16.5,19.0,19.5,9.7,6.7,Autumn
2000-04-07,356.0,12.9,424.0,4.4,19.0,21.7,15.6,15.3,16.1,18.8,5.73,7.8,Autumn
2000-04-08,180.0,7.0,195.0,1.2,16.3,20.6,12.7,11.1,16.1,18.2,13.75,10.8,Autumn
2000-04-09,207.0,9.0,183.0,0.0,14.8,20.7,9.9,7.1,11.5,16.9,9.71,9.0,Autumn
2000-04-10,243.0,17.1,446.0,0.1,14.3,18.4,8.6,6.0,12.1,15.7,13.84,8.3,Autumn
2000-04-11,209.0,11.2,285.0,0.0,15.1,19.6,11.7,8.9,11.2,16.2,12.07,7.9,Autumn
2000-04-12,172.0,6.7,171.0,0.0,15.6,19.3,10.7,7.1,11.5,17.1,6.88,7.6,Autumn
2000-04-13,211.0,7.3,168.0,0.0,13.4,19.7,7.4,4.7,13.7,16.2,12.3,7.4,Autumn
2000-04-14,222.0,9.0,231.0,0.0,13.2,19.6,6.8,3.5,12.1,16.0,14.31,7.0,Autumn
2000-04-15,73.0,7.6,135.0,0.0,14.7,20.3,9.6,6.7,12.1,17.2,13.57,6.5,Autumn
2000-04-16,47.0,8.9,234.0,0.0,16.4,21.8,11.7,9.5,16.5,17.9,12.4,6.3,Autumn
2000-04-17,70.0,7.7,246.0,0.6,17.8,22.2,13.6,12.1,14.3,18.8,13.13,6.2,Autumn
2000-04-18,21.0,11.8,352.0,2.9,18.0,20.3,14.8,13.7,16.1,18.3,6.69,6.5,Autumn
2000-04-19,19.0,18.7,379.0,10.5,17.8,18.7,16.6,15.3,18.2,17.9,3.25,11.9,Autumn
2000-04-20,314.0,6.3,193.0,0.2,18.2,22.2,14.2,11.9,16.9,18.2,8.29,10.9,Autumn
2000-04-21,62.0,12.2,274.0,83.3,16.2,17.7,14.7,13.7,21.8,17.3,2.83,19.1,Autumn
2000-04-22,218.0,12.2,310.0,2.1,14.3,18.1,8.0,4.1,14.6,16.1,10.02,18.6,Autumn
2000-04-23,274.0,15.9,367.0,6.1,13.4,17.5,8.1,6.4,14.6,14.3,4.11,18.5,Autumn
2000-04-24,262.0,15.2,541.0,5.0,14.5,18.6,11.0,9.7,13.9,14.5,13.59,19.4,Autumn
2000-04-25,214.0,13.2,353.0,6.6,10.9,15.3,7.6,3.8,11.7,13.2,9.39,20.3,Autumn
2000-04-26,239.0,16.7,413.0,0.2,13.6,18.5,8.5,3.1,10.6,13.1,11.35,18.5,Autumn
2000-04-27,230.0,10.3,263.0,0.0,15.0,20.2,9.5,5.5,11.8,15.0,13.55,17.3,Autumn
2000-04-28,211.0,9.1,226.0,0.0,14.4,16.3,10.1,9.1,15.1,14.6,4.91,17.0,Autumn
2000-04-29,63.0,5.1,142.0,0.0,13.1,19.0,7.8,2.6,10.8,14.8,10.59,16.7,Autumn
2000-04-30,66.0,4.9,126.0,0.0,13.8,18.9,7.5,3.6,10.8,15.1,7.82,16.8,Autumn
2000-05-01,245.0,9.1,224.0,0.0,13.6,18.3,9.7,7.1,14.1,15.4,10.48,16.7,Autumn
2000-05-02,214.0,13.8,338.0,0.0,15.1,18.5,12.9,7.6,13.7,15.9,12.52,16.5,Autumn
2000-05-03,201.0,14.4,317.0,0.0,15.8,19.9,12.9,8.4,13.7,15.7,10.78,17.0,Autumn
2000-05-04,250.0,5.8,158.0,0.0,14.8,19.3,9.7,5.2,11.8,16.3,9.9,19.7,Autumn
2000-05-05,213.0,6.3,184.0,0.0,14.4,19.8,9.0,4.9,11.8,16.0,10.43,18.1,Autumn
2000-05-06,74.0,4.9,123.0,0.0,12.5,18.5,6.0,2.6,10.8,14.6,8.5,17.9,Autumn
2000-05-07,295.0,17.8,448.0,6.9,16.8,19.2,12.0,10.9,18.9,16.2,3.16,19.5,Autumn
2000-05-08,241.0,15.0,472.0,2.6,15.0,17.1,13.6,11.3,13.0,15.7,8.2,21.9,Autumn
2000-05-09,60.0,13.9,506.0,7.1,15.2,17.0,13.7,13.2,16.9,15.2,4.92,24.0,Autumn
2000-05-10,86.0,11.3,410.0,2.7,15.9,18.9,13.7,11.8,13.0,15.0,6.94,23.1,Autumn
2000-05-11,75.0,15.0,523.0,11.0,16.5,18.5,15.0,13.6,16.9,15.9,5.11,25.7,Autumn
2000-05-12,40.0,17.5,513.0,36.2,18.6,21.5,16.3,16.2,18.1,17.9,5.32,38.1,Autumn
2000-05-13,15.0,12.9,413.0,0.0,18.4,20.3,16.4,16.1,19.7,17.6,5.16,25.7,Autumn
2000-05-14,239.0,16.3,505.0,4.0,15.3,17.0,13.2,10.8,12.8,16.5,7.85,26.8,Autumn
2000-05-15,267.0,10.5,331.0,0.4,14.3,17.7,11.3,7.5,12.8,15.0,7.24,25.9,Autumn
2000-05-16,242.0,18.1,439.0,1.2,14.0,18.8,9.6,6.0,12.2,14.7,8.61,25.9,Autumn
2000-05-17,226.0,11.6,289.0,0.0,11.9,16.4,8.7,4.3,11.1,12.6,9.57,26.0,Autumn
2000-05-18,218.0,7.8,206.0,0.0,12.3,17.0,9.2,5.6,12.8,13.2,7.45,26.0,Autumn
2000-05-19,265.0,7.4,211.0,0.0,12.9,16.8,10.8,7.0,12.8,13.9,7.07,25.9,Autumn
2000-05-20,230.0,10.1,322.0,0.0,13.0,18.1,8.1,3.8,11.1,13.3,8.23,25.8,Autumn
2000-05-21,267.0,6.7,180.0,10.3,11.9,17.2,7.9,4.0,15.4,12.8,5.69,27.1,Autumn
2000-05-22,204.0,10.8,311.0,0.0,12.5,15.5,8.6,4.8,12.3,12.4,9.43,27.8,Autumn
2000-05-23,212.0,10.9,269.0,0.0,13.4,17.0,10.6,6.4,12.8,12.9,8.03,27.3,Autumn
2000-05-24,75.0,5.3,123.0,0.0,11.4,17.8,5.7,2.9,11.6,12.3,11.2,27.1,Autumn
2000-05-25,49.0,6.4,149.0,1.9,12.2,16.2,8.2,5.3,12.8,12.8,7.3,27.1,Autumn
2000-05-26,94.0,7.9,218.0,2.4,13.0,16.2,9.2,5.2,11.4,12.7,5.84,27.7,Autumn
2000-05-27,74.0,8.2,232.0,8.4,13.4,16.9,10.0,6.1,11.7,13.2,9.68,30.1,Autumn
2000-05-28,46.0,8.7,282.0,0.1,13.9,17.1,11.4,8.2,12.8,13.3,6.48,28.5,Autumn
2000-05-29,45.0,14.2,536.0,2.6,15.3,16.5,12.4,9.0,13.4,13.7,3.29,28.3,Autumn
2000-05-30,34.0,15.6,404.0,35.9,14.1,16.5,9.3,7.0,14.0,14.7,3.39,49.8,Autumn
2000-05-31,343.0,9.9,199.0,0.3,12.1,17.1,5.6,4.3,11.7,12.8,8.83,32.9,Autumn
2000-06-01,317.0,15.2,377.0,14.4,14.9,17.6,11.4,10.1,14.9,14.2,6.18,42.5,Winter
2000-06-02,282.0,18.5,442.0,0.1,13.5,17.9,9.8,6.4,12.7,12.7,9.99,32.3,Winter
2000-06-03,358.0,13.1,300.0,8.7,13.3,17.0,8.6,6.5,12.2,12.7,4.9,34.9,Winter
2000-06-04,277.0,24.0,727.0,8.2,11.6,14.0,9.6,7.9,12.2,11.9,6.14,37.4,Winter
2000-06-05,254.0,22.2,876.0,0.3,12.9,15.3,11.6,9.4,11.6,11.2,7.66,32.7,Winter
2000-06-06,247.0,9.7,251.0,7.6,12.3,15.9,9.6,4.7,12.2,11.3,5.96,35.4,Winter
2000-06-07,277.0,9.1,224.0,2.2,11.4,16.0,8.7,5.4,10.1,11.7,7.35,33.7,Winter
2000-06-08,223.0,10.4,297.0,7.5,10.9,15.2,7.3,2.1,9.7,11.0,10.17,39.4,Winter
2000-06-09,173.0,6.7,171.0,1.2,8.7,13.9,4.3,-0.1,9.9,9.6,6.19,33.0,Winter
2000-06-10,254.0,11.3,262.0,2.0,9.1,15.0,2.8,-0.8,9.9,9.6,6.12,32.4,Winter
2000-06-11,263.0,16.7,339.0,5.3,10.3,16.3,3.9,0.5,9.9,10.2,6.39,34.2,Winter
2000-06-12,219.0,10.7,217.0,0.8,8.7,12.0,3.9,0.2,8.5,10.3,5.09,34.1,Winter
2000-06-13,185.0,15.2,303.0,11.6,6.8,11.2,2.9,-1.5,10.0,7.8,9.68,41.6,Winter
2000-06-14,222.0,10.0,243.0,0.1,7.7,13.9,2.0,-1.1,8.5,7.6,6.94,33.7,Winter
2000-06-15,212.0,8.5,230.0,0.0,10.2,15.7,4.9,1.8,9.9,9.0,6.85,33.3,Winter
2000-06-16,225.0,5.5,153.0,0.0,9.1,15.6,3.0,0.1,9.9,8.7,7.47,32.9,Winter
2000-06-17,232.0,9.7,252.0,0.0,11.7,14.1,10.0,8.0,11.4,10.9,3.83,32.9,Winter
2000-06-18,260.0,14.7,504.0,0.0,12.9,16.4,9.5,6.8,11.4,11.4,6.38,32.8,Winter
2000-06-19,232.0,12.2,287.0,0.1,12.1,14.5,9.5,5.4,11.4,11.3,5.41,32.9,Winter
2000-06-20,202.0,6.3,135.0,0.0,11.3,14.0,9.2,7.9,11.4,11.4,3.59,32.9,Winter
2000-06-21,71.0,5.2,154.0,0.0,10.9,14.6,7.0,5.1,11.4,11.2,5.37,32.8,Winter
2000-06-22,70.0,7.3,196.0,0.0,12.2,15.0,8.7,5.9,11.4,12.0,4.55,32.6,Winter
2000-06-23,59.0,9.1,289.0,0.7,13.7,16.6,11.4,7.7,12.9,12.4,6.15,32.3,Winter
2000-06-24,36.0,12.7,361.0,1.0,14.1,16.6,12.5,9.4,11.6,13.0,6.74,32.4,Winter
2000-06-25,31.0,12.4,416.0,1.8,14.9,17.1,13.3,12.0,12.8,13.4,5.42,32.4,Winter
2000-06-26,38.0,11.8,431.0,1.2,14.8,16.5,13.6,11.8,11.6,13.6,4.94,33.0,Winter
2000-06-27,41.0,18.3,631.0,9.4,14.8,15.8,13.5,13.5,13.7,14.1,2.4,38.9,Winter
2000-06-28,65.0,20.3,735.0,72.1,14.3,15.3,13.5,13.0,15.6,14.0,1.3,50.7,Winter
2000-06-29,257.0,9.9,391.0,25.3,13.7,17.2,10.4,6.2,14.3,14.2,4.91,44.7,Winter
2000-06-30,257.0,6.0,160.0,0.6,12.1,18.0,6.5,3.7,12.2,12.9,9.27,36.0,Winter
2000-07-01,75.0,11.9,298.0,7.9,12.2,14.9,6.2,3.5,9.9,12.3,3.2,38.1,Winter
2000-07-02,87.0,17.7,433.0,80.8,13.7,14.8,12.4,12.5,18.6,13.6,0.97,52.5,Winter
2000-07-03,83.0,15.6,382.0,13.5,13.1,13.9,12.3,11.9,11.6,13.2,1.24,55.1,Winter
2000-07-04,104.0,17.7,596.0,0.0,14.1,15.4,12.1,11.3,11.0,12.4,2.19,40.0,Winter
2000-07-05,85.0,15.4,466.0,0.0,12.8,14.8,10.8,8.7,11.0,11.9,3.81,36.2,Winter
2000-07-06,90.0,17.7,599.0,1.4,13.9,15.8,12.8,12.0,11.0,12.8,3.39,36.0,Winter
2000-07-07,85.0,17.9,630.0,1.0,13.9,15.4,12.6,11.9,11.0,12.6,3.74,35.8,Winter
2000-07-08,98.0,12.7,424.0,0.9,12.7,14.7,11.1,9.0,12.0,12.6,6.21,35.7,Winter
2000-07-09,130.0,6.4,144.0,0.0,10.3,14.1,5.3,1.0,9.9,10.9,10.14,35.7,Winter
2000-07-10,53.0,5.3,116.0,0.1,8.0,14.6,3.8,-0.1,8.5,9.1,10.47,35.5,Winter
2000-07-11,114.0,5.3,118.0,0.1,7.2,14.2,1.9,-1.0,8.5,8.3,10.35,35.4,Winter
2000-07-12,54.0,14.9,441.0,0.1,11.2,14.8,4.5,0.9,9.9,9.5,8.29,35.3,Winter
2000-07-13,47.0,16.5,619.0,0.8,12.8,14.9,11.0,9.3,11.6,10.9,8.68,35.5,Winter
2000-07-14,56.0,18.3,764.0,0.3,13.7,15.1,12.2,11.0,11.0,11.3,5.86,35.4,Winter
2000-07-15,81.0,20.9,885.0,3.2,13.5,14.9,11.6,11.2,11.0,11.8,2.86,36.1,Winter
2000-07-16,91.0,23.1,920.0,0.4,13.9,14.5,12.8,11.8,11.0,11.8,1.05,36.4,Winter
2000-07-17,82.0,20.4,814.0,0.3,13.8,15.5,12.3,11.3,11.0,12.0,5.82,36.6,Winter
2000-07-18,70.0,17.6,682.0,2.9,13.3,14.1,11.8,11.1,11.0,12.3,2.42,37.0,Winter
2000-07-19,50.0,12.7,423.0,14.3,14.5,16.7,13.5,12.8,14.5,14.0,3.97,48.0,Winter
2000-07-20,31.0,13.7,443.0,45.3,14.2,15.2,12.9,12.6,14.9,13.8,0.89,52.2,Winter
2000-07-21,330.0,15.3,301.0,34.0,13.7,17.8,8.7,4.9,13.8,13.9,8.11,47.6,Winter
2000-07-22,277.0,10.6,312.0,0.6,11.7,16.5,7.2,3.1,9.3,11.9,9.51,38.9,Winter
2000-07-23,249.0,15.8,476.0,1.4,11.6,14.9,9.2,3.9,10.1,11.3,8.8,38.2,Winter
2000-07-24,237.0,12.3,309.0,0.0,10.0,14.8,5.7,0.5,9.8,10.1,11.56,38.1,Winter
2000-07-25,231.0,12.7,377.0,0.0,11.5,15.6,7.9,2.4,9.3,10.3,9.57,37.7,Winter
2000-07-26,258.0,15.4,555.0,0.3,13.4,17.2,9.7,5.7,14.0,12.1,11.8,37.4,Winter
2000-07-27,310.0,14.4,477.0,0.0,14.1,18.7,9.3,6.5,14.0,12.4,10.92,37.1,Winter
2000-07-28,268.0,13.3,476.0,9.7,12.8,15.8,11.0,10.1,14.1,13.0,2.63,47.2,Winter
2000-07-29,209.0,6.4,132.0,0.7,9.8,12.2,5.3,1.5,9.7,11.3,2.81,42.8,Winter
2000-07-30,246.0,8.8,223.0,0.0,9.3,13.0,4.8,1.2,9.0,10.0,6.01,39.3,Winter
2000-07-31,241.0,13.9,372.0,2.1,10.2,14.2,7.1,2.0,8.5,10.4,9.46,38.8,Winter
2000-08-01,238.0,10.4,243.0,0.5,9.7,14.5,4.7,0.2,8.5,10.3,12.35,38.9,Winter
2000-08-02,78.0,6.0,129.0,0.0,8.0,14.9,2.8,-0.7,8.5,9.5,10.59,38.6,Winter
2000-08-03,29.0,11.2,215.0,3.3,8.6,14.5,3.0,-1.0,8.5,9.3,7.95,38.4,Winter
2000-08-04,229.0,10.1,157.0,2.4,9.8,15.7,3.9,-0.2,10.6,11.3,9.86,41.4,Winter
2000-08-05,157.0,10.0,247.0,0.0,8.1,13.6,2.0,-1.3,8.5,9.3,9.45,39.8,Winter
2000-08-06,172.0,11.0,280.0,0.0,9.8,15.5,3.6,-0.8,8.5,9.8,12.57,38.9,Winter
2000-08-07,70.0,5.6,118.0,0.1,8.0,15.5,2.6,-1.2,8.5,9.3,10.72,38.4,Winter
2000-08-08,211.0,8.3,169.0,0.1,8.8,15.7,1.7,-2.0,8.5,9.7,13.37,38.3,Winter
2000-08-09,273.0,10.3,246.0,0.0,11.2,14.0,8.9,6.9,11.3,11.1,6.54,38.0,Winter
2000-08-10,306.0,13.7,345.0,0.0,12.4,17.3,6.8,3.5,9.3,11.7,10.54,37.9,Winter
2000-08-11,247.0,22.1,534.0,4.5,13.0,16.9,9.9,8.0,11.7,12.4,10.84,38.2,Winter
2000-08-12,220.0,16.0,423.0,14.0,10.1,12.8,7.8,5.3,9.9,10.6,8.59,48.1,Winter
2000-08-13,214.0,14.3,369.0,0.2,10.5,15.2,5.3,2.0,10.2,9.8,11.07,40.8,Winter
2000-08-14,206.0,12.0,294.0,0.0,11.6,15.4,7.3,4.3,9.3,10.7,12.6,39.5,Winter
2000-08-15,76.0,5.8,141.0,0.1,8.9,16.7,3.2,-1.1,8.5,10.6,15.19,39.1,Winter
2000-08-16,263.0,6.9,134.0,0.1,10.0,16.4,3.2,-1.1,8.5,11.3,10.52,39.1,Winter
2000-08-17,8.0,21.4,415.0,1.5,11.8,15.2,6.4,3.5,11.4,11.7,6.07,39.2,Winter
2000-08-18,6.0,19.5,381.0,9.0,12.8,16.3,8.8,8.1,12.8,12.8,9.21,45.9,Winter
2000-08-19,229.0,14.1,344.0,1.7,10.1,14.7,4.5,0.9,10.2,11.2,11.85,42.6,Winter
2000-08-20,234.0,12.4,428.0,0.1,12.6,16.4,8.8,4.2,11.0,11.8,12.13,40.3,Winter
2000-08-21,278.0,8.2,220.0,0.6,10.6,15.7,5.8,2.4,10.2,11.5,11.64,40.9,Winter
2000-08-22,215.0,11.6,243.0,1.0,10.1,15.2,6.4,3.1,10.2,11.1,11.19,40.7,Winter
2000-08-23,232.0,12.4,258.0,0.2,8.7,13.8,2.7,-1.2,8.5,9.7,13.73,40.6,Winter
2000-08-24,37.0,7.7,171.0,0.1,7.4,14.9,0.6,-3.0,8.5,9.4,16.56,40.3,Winter
2000-08-25,18.0,14.3,366.0,1.7,10.7,15.3,3.5,0.6,10.6,10.3,8.91,40.1,Winter
2000-08-26,3.0,22.1,486.0,23.3,13.6,15.6,8.9,7.2,11.1,13.0,6.43,47.5,Winter
2000-08-27,268.0,10.7,312.0,0.0,12.4,17.7,8.7,6.2,11.0,12.6,13.17,46.8,Winter
2000-08-28,241.0,16.1,456.0,4.6,12.1,16.1,8.8,4.6,11.7,12.3,13.83,44.6,Winter
2000-08-29,32.0,9.5,256.0,0.0,12.6,18.6,7.3,3.4,10.7,12.5,14.56,43.3,Winter
2000-08-30,54.0,15.7,361.0,27.1,13.4,16.8,10.7,8.2,14.3,14.0,9.58,48.0,Winter
2000-08-31,257.0,16.4,503.0,1.5,12.7,16.9,8.3,5.2,12.3,13.3,14.44,49.0,Winter
2000-09-01,230.0,11.5,290.0,1.6,11.1,16.6,6.6,2.5,10.4,12.1,14.25,45.2,Spring
2000-09-02,249.0,14.0,355.0,1.1,11.3,15.9,6.8,2.6,10.3,12.1,13.5,44.3,Spring
2000-09-03,70.0,7.0,212.0,0.0,9.6,13.2,4.4,0.6,9.7,10.3,5.24,43.2,Spring
2000-09-04,252.0,12.4,360.0,3.3,11.1,15.9,6.0,1.0,9.9,11.0,14.46,42.9,Spring
2000-09-05,271.0,19.9,528.0,8.6,11.0,15.3,7.2,3.8,9.8,11.1,13.49,49.0,Spring
2000-09-06,276.0,14.2,454.0,0.2,13.5,17.7,9.5,5.1,12.5,12.3,16.53,48.1,Spring
2000-09-07,277.0,19.2,499.0,6.2,14.3,20.3,11.0,8.8,12.4,13.7,13.42,48.3,Spring
2000-09-08,291.0,13.5,373.0,0.0,15.5,20.6,12.0,9.6,14.2,14.6,15.79,50.0,Spring
2000-09-09,282.0,13.9,456.0,4.7,15.6,17.4,14.2,12.7,15.6,14.8,5.17,47.9,Spring
2000-09-10,257.0,16.4,515.0,2.9,12.9,15.8,7.0,3.4,11.0,14.1,14.3,51.7,Spring
2000-09-11,222.0,9.6,221.0,0.6,9.8,16.4,4.7,1.2,10.9,11.9,14.9,48.3,Spring
2000-09-12,228.0,8.5,220.0,0.4,9.3,15.9,3.9,0.3,8.5,11.5,14.5,45.7,Spring
2000-09-13,311.0,11.8,266.0,3.8,10.6,15.3,7.1,3.6,11.5,11.5,7.14,47.4,Spring
2000-09-14,209.0,13.7,332.0,0.3,10.7,15.9,4.3,1.0,10.9,11.8,17.32,47.4,Spring
2000-09-15,184.0,17.1,393.0,0.0,10.4,14.1,4.5,1.1,9.5,11.8,21.34,45.7,Spring
2000-09-16,203.0,9.1,196.0,0.1,10.1,16.2,2.6,-0.4,10.4,11.6,15.37,45.2,Spring
2000-09-17,219.0,8.7,167.0,0.0,11.2,15.8,5.6,0.9,10.0,12.9,8.89,44.7,Spring
2000-09-18,230.0,8.5,203.0,0.1,10.1,15.5,2.9,-0.6,10.3,11.8,13.49,44.5,Spring
2000-09-19,244.0,11.5,341.0,0.0,13.3,17.9,9.2,6.8,11.9,14.3,17.82,43.7,Spring
2000-09-20,242.0,16.5,571.0,0.0,14.8,18.4,12.6,11.0,11.5,15.2,15.98,42.7,Spring
2000-09-21,248.0,9.8,373.0,0.5,15.4,19.8,12.1,10.3,15.0,15.9,13.46,41.5,Spring
2000-09-22,228.0,10.7,324.0,0.5,14.2,18.9,9.9,5.2,13.4,16.1,14.56,40.4,Spring
2000-09-23,239.0,14.9,482.0,0.0,13.9,17.8,7.8,4.8,13.4,14.7,15.5,38.9,Spring
2000-09-24,245.0,13.6,405.0,9.4,14.3,17.2,10.5,7.6,13.8,15.0,12.77,42.7,Spring
2000-09-25,235.0,30.1,721.0,11.8,10.7,15.7,6.7,3.9,11.7,12.0,8.14,44.8,Spring
2000-09-26,218.0,19.6,525.0,1.8,9.5,13.7,3.9,-0.3,8.1,10.9,22.45,49.8,Spring
2000-09-27,168.0,10.3,258.0,0.0,8.4,15.5,1.7,-2.4,7.0,11.3,22.93,45.7,Spring
2000-09-28,28.0,5.4,145.0,0.0,8.2,15.9,1.5,-2.3,8.4,10.7,11.97,43.9,Spring
2000-09-29,307.0,12.0,387.0,1.0,11.9,18.7,2.9,-0.3,11.0,12.5,15.19,43.4,Spring
2000-09-30,263.0,17.8,663.0,1.6,16.1,18.8,13.0,12.2,14.9,15.1,12.54,43.4,Spring
2000-10-01,290.0,14.3,411.0,1.6,17.2,20.8,13.4,10.6,15.5,16.0,10.05,43.1,Spring
2000-10-02,298.0,16.1,408.0,13.4,16.1,17.4,13.9,13.0,16.5,15.4,4.07,46.5,Spring
2000-10-03,237.0,14.9,463.0,0.0,13.7,17.7,10.3,7.4,12.6,15.0,21.16,49.2,Spring
2000-10-04,267.0,26.2,854.0,1.2,14.1,18.2,10.6,8.3,12.9,14.2,16.08,46.4,Spring
2000-10-05,223.0,16.9,631.0,0.0,13.6,16.7,11.3,8.4,10.4,13.8,21.88,45.2,Spring
2000-10-06,241.0,20.2,564.0,0.0,13.9,17.8,11.0,8.2,12.7,14.4,17.84,43.8,Spring
2000-10-07,237.0,15.8,643.0,0.0,15.4,18.8,12.5,10.8,14.2,16.0,18.31,42.7,Spring
2000-10-08,258.0,12.9,483.0,1.4,15.9,19.1,13.2,9.6,15.6,16.7,14.43,40.8,Spring
2000-10-09,254.0,11.5,309.0,0.0,13.7,19.8,8.0,4.8,11.4,17.2,28.35,39.3,Spring
2000-10-10,211.0,9.2,206.0,0.0,13.1,17.1,8.3,4.6,10.5,15.4,16.66,37.9,Spring
2000-10-11,258.0,16.8,426.0,11.6,13.0,15.7,10.7,8.7,13.2,13.8,5.03,40.4,Spring
2000-10-12,228.0,25.8,887.0,4.6,11.3,14.5,7.7,6.2,10.0,11.9,21.34,48.5,Spring
2000-10-13,226.0,13.6,433.0,0.2,12.7,16.9,9.1,4.6,11.3,13.3,16.39,46.6,Spring
2000-10-14,259.0,9.1,216.0,0.0,11.9,18.8,4.7,1.8,10.3,14.9,24.35,45.4,Spring
2000-10-15,319.0,10.7,286.0,0.6,13.3,16.9,9.1,5.7,12.5,14.5,10.09,43.6,Spring
2000-10-16,242.0,12.2,411.0,0.8,14.8,19.3,10.9,6.7,13.3,16.5,25.02,42.4,Spring
2000-10-17,79.0,6.5,193.0,0.0,13.1,18.2,6.6,4.3,11.8,17.1,22.35,40.3,Spring
2000-10-18,197.0,10.8,324.0,0.0,13.2,16.8,10.0,4.7,9.6,17.3,26.24,38.4,Spring
2000-10-19,106.0,10.4,303.0,0.0,10.5,15.7,5.0,0.2,7.6,15.7,27.94,36.0,Spring
2000-10-20,44.0,9.3,192.0,0.0,10.4,16.8,4.1,-0.4,9.4,16.3,27.59,33.8,Spring
2000-10-21,84.0,8.0,180.0,0.0,11.4,18.2,4.0,-0.1,10.0,17.1,26.87,31.6,Spring
2000-10-22,36.0,7.3,161.0,0.0,13.3,19.2,7.2,3.7,11.7,18.7,23.67,29.5,Spring
2000-10-23,225.0,11.0,229.0,0.0,12.2,17.9,7.5,2.8,11.6,16.2,15.48,27.9,Spring
2000-10-24,206.0,13.2,376.0,0.0,12.6,17.4,6.2,2.2,11.4,14.8,12.8,26.6,Spring
2000-10-25,220.0,10.5,373.0,0.0,14.7,17.7,13.0,12.2,13.7,16.4,11.77,25.3,Spring
2000-10-26,224.0,9.7,294.0,0.2,15.7,19.9,10.8,8.0,14.4,18.3,18.46,24.3,Spring
2000-10-27,6.0,9.5,222.0,0.4,14.6,19.3,10.8,9.1,14.0,17.1,17.71,23.3,Spring
2000-10-28,3.0,11.2,358.0,0.0,15.9,19.8,11.5,8.7,15.2,18.2,21.75,22.1,Spring
2000-10-29,329.0,15.6,414.0,6.4,16.7,19.5,14.8,12.2,17.0,17.4,11.19,21.6,Spring
2000-10-30,277.0,13.0,326.0,0.0,16.0,20.4,12.1,7.8,14.4,18.5,25.41,21.8,Spring
2000-10-31,257.0,16.7,454.0,3.6,14.6,18.7,11.7,8.6,13.1,17.1,21.8,21.2,Spring
2000-11-01,172.0,7.2,165.0,0.0,14.2,18.3,10.8,7.1,12.9,16.4,11.78,20.8,Spring
2000-11-02,76.0,19.8,637.0,0.0,15.5,18.9,12.8,10.0,13.3,16.2,18.1,20.3,Spring
2000-11-03,77.0,19.6,685.0,0.0,13.8,14.9,12.8,11.2,11.3,13.9,6.53,19.6,Spring
2000-11-04,73.0,18.5,701.0,79.8,12.4,13.9,11.5,11.5,13.6,12.8,3.06,40.9,Spring
2000-11-05,54.0,16.6,402.0,44.2,16.0,19.5,13.0,12.6,17.0,16.5,14.31,52.7,Spring
2000-11-06,236.0,17.6,679.0,3.4,14.4,17.1,12.3,9.9,13.9,15.8,17.26,48.1,Spring
2000-11-07,218.0,10.9,337.0,0.8,13.6,16.0,10.9,7.6,13.2,14.3,10.21,41.3,Spring
2000-11-08,271.0,18.5,563.0,1.2,14.3,19.3,12.6,11.3,13.4,15.7,17.71,40.4,Spring
2000-11-09,115.0,12.6,462.0,0.0,13.6,15.7,12.4,10.2,11.1,14.2,13.29,38.8,Spring
2000-11-10,82.0,13.6,407.0,0.0,13.7,17.2,11.3,9.8,10.1,15.6,22.97,36.4,Spring
2000-11-11,76.0,10.2,250.0,0.0,13.8,17.1,11.3,7.8,10.0,16.6,19.74,33.7,Spring
2000-11-12,218.0,8.9,194.0,0.0,13.5,18.7,8.0,3.0,11.5,17.5,20.5,31.5,Spring
2000-11-13,209.0,9.3,261.0,0.0,12.4,18.9,5.4,1.2,11.0,16.7,21.59,29.7,Spring
2000-11-14,228.0,13.6,411.0,0.0,13.1,18.9,6.6,3.5,11.3,16.9,26.09,27.9,Spring
2000-11-15,215.0,20.1,581.0,1.2,14.0,17.3,11.7,9.2,12.7,15.6,19.88,26.5,Spring
2000-11-16,244.0,17.2,478.0,0.0,14.1,18.2,9.1,5.3,11.5,16.5,26.57,25.3,Spring
2000-11-17,249.0,18.8,641.0,0.0,14.9,17.8,12.7,10.3,12.5,16.6,18.73,23.5,Spring
2000-11-18,220.0,19.2,657.0,0.8,13.9,17.0,12.0,10.0,10.9,16.2,26.01,22.0,Spring
2000-11-19,244.0,24.8,771.0,0.2,13.5,17.2,11.7,10.1,10.7,14.7,21.08,20.8,Spring
2000-11-20,250.0,11.5,333.0,0.0,12.9,17.4,7.0,3.1,11.2,15.5,15.61,19.8,Spring
2000-11-21,278.0,8.8,301.0,0.4,14.4,19.1,10.1,6.9,14.0,16.5,13.63,19.2,Spring
2000-11-22,281.0,14.9,388.0,8.4,15.6,19.7,11.9,9.3,16.2,16.5,11.47,20.8,Spring
2000-11-23,223.0,9.0,229.0,0.0,14.0,19.3,8.7,5.6,12.0,15.9,18.17,21.1,Spring
2000-11-24,246.0,8.5,224.0,0.0,12.4,19.3,5.1,2.2,10.7,17.1,28.34,20.4,Spring
2000-11-25,233.0,12.3,313.0,1.8,13.8,20.6,7.8,5.2,13.3,17.0,19.26,19.6,Spring
2000-11-26,228.0,10.1,251.0,0.4,14.2,19.4,9.6,6.1,12.3,16.8,19.41,19.3,Spring
2000-11-27,242.0,10.6,312.0,0.0,12.9,18.5,7.5,4.9,11.1,16.4,21.43,18.7,Spring
2000-11-28,275.0,14.0,318.0,8.8,13.9,18.9,10.2,7.6,12.9,16.5,14.66,18.6,Spring
2000-11-29,247.0,14.3,337.0,2.0,13.2,18.1,8.9,5.6,11.6,16.3,25.93,21.5,Spring
2000-11-30,226.0,12.7,417.0,0.0,16.0,21.2,10.3,6.1,13.3,19.0,31.3,19.6,Spring
2000-12-01,237.0,11.8,388.0,0.0,14.9,19.0,10.9,7.5,12.2,19.2,29.23,18.4,Summer
2000-12-02,180.0,9.5,231.0,0.0,15.0,22.1,7.2,4.9,13.2,20.6,28.33,17.2,Summer
2000-12-03,263.0,11.5,287.0,0.0,17.5,22.8,11.3,9.2,15.1,20.8,19.0,16.0,Summer
2000-12-04,81.0,12.1,239.0,16.0,16.2,18.0,14.7,13.9,17.3,18.3,8.39,19.0,Summer
2000-12-05,64.0,12.3,504.0,4.2,16.4,18.6,15.3,15.4,16.4,17.4,12.5,24.6,Summer
2000-12-06,85.0,11.6,421.0,6.0,16.5,19.7,15.2,14.2,16.5,18.0,19.7,26.7,Summer
2000-12-07,56.0,9.0,257.0,0.0,17.1,20.8,13.0,10.0,16.4,20.0,25.07,26.0,Summer
2000-12-08,211.0,9.2,222.0,0.0,17.1,24.1,11.1,8.9,14.8,21.3,25.53,23.6,Summer
2000-12-09,56.0,8.9,231.0,0.0,16.6,22.8,9.3,6.1,14.2,21.8,32.5,21.6,Summer
2000-12-10,48.0,14.8,492.0,6.8,17.4,20.0,15.7,14.0,16.3,19.6,17.37,20.2,Summer
2000-12-11,52.0,11.2,349.0,13.0,17.5,20.5,14.9,12.6,16.9,19.3,16.9,28.2,Summer
2000-12-12,276.0,15.4,347.0,1.8,15.8,20.5,12.2,9.2,14.7,18.6,24.59,29.8,Summer
2000-12-13,88.0,8.1,248.0,0.0,17.6,23.4,11.8,9.5,15.5,20.5,27.97,27.8,Summer
2000-12-14,46.0,10.1,307.0,0.0,17.8,22.0,12.5,10.5,16.3,22.0,31.17,25.1,Summer
2000-12-15,71.0,10.0,328.0,0.0,18.3,21.5,14.4,11.6,15.6,22.2,25.36,22.4,Summer
2000-12-16,87.0,9.7,249.0,0.0,16.8,22.1,10.6,8.1,15.5,22.2,29.21,20.5,Summer
2000-12-17,38.0,6.7,182.0,0.0,17.3,22.0,12.0,8.6,14.6,23.2,28.11,18.9,Summer
2000-12-18,52.0,9.2,264.0,0.0,17.5,22.0,12.2,9.1,14.5,23.1,30.8,17.4,Summer
2000-12-19,50.0,10.9,386.0,0.0,17.9,21.6,12.8,10.4,15.1,21.2,20.98,15.7,Summer
2000-12-20,92.0,9.0,294.0,10.8,18.4,20.9,16.4,16.1,19.9,20.3,10.97,17.0,Summer
2000-12-21,230.0,14.5,408.0,0.0,19.1,22.7,16.4,14.7,17.5,21.9,26.0,18.0,Summer
2000-12-22,201.0,16.0,511.0,0.0,17.1,20.8,12.9,9.5,12.2,20.2,25.83,16.5,Summer
2000-12-23,256.0,13.5,418.0,0.0,16.8,21.3,11.9,9.5,14.0,21.2,30.88,15.3,Summer
2000-12-24,276.0,19.1,648.0,0.0,19.0,23.7,15.4,12.4,17.8,21.3,23.6,14.1,Summer
2000-12-25,276.0,15.3,619.0,0.0,19.9,23.5,18.3,17.9,19.6,22.0,15.3,13.0,Summer
2000-12-26,275.0,13.9,471.0,0.0,20.7,24.0,18.3,17.0,20.3,22.7,17.38,12.3,Summer
2000-12-27,244.0,11.2,409.0,0.0,21.4,26.8,18.4,16.4,19.9,24.1,22.11,11.5,Summer
2000-12-28,267.0,14.5,370.0,0.0,21.2,26.4,16.1,13.2,19.4,24.0,20.37,10.5,Summer
2000-12-29,288.0,17.3,468.0,13.4,20.6,22.8,18.6,18.4,21.5,21.4,8.64,12.1,Summer
2000-12-30,268.0,8.7,250.0,29.6,17.7,20.6,15.9,15.4,18.4,19.6,9.43,25.5,Summer
2000-12-31,255.0,21.1,567.0,8.8,16.2,20.0,12.3,10.2,15.4,18.2,20.13,27.7,Summer
2001-01-01,238.0,17.3,567.0,0.4,15.7,19.4,12.8,8.8,11.4,17.1,26.61,27.7,Summer
2001-01-02,244.0,14.4,392.0,3.0,15.5,20.4,11.4,7.9,14.0,17.9,23.77,27.2,Summer
2001-01-03,85.0,8.1,236.0,0.0,15.5,21.0,8.7,4.8,14.1,19.8,28.27,25.9,Summer
2001-01-04,47.0,8.1,212.0,0.0,17.0,22.9,10.3,7.0,15.5,21.5,27.6,23.7,Summer
2001-01-05,73.0,7.3,170.0,0.0,17.6,24.1,10.2,7.5,14.5,23.6,29.83,21.5,Summer
2001-01-06,64.0,6.9,168.0,0.0,17.7,24.2,10.7,8.6,14.8,23.9,30.21,19.4,Summer
2001-01-07,92.0,8.6,218.0,0.0,17.2,23.1,10.8,7.7,15.2,23.8,30.17,17.3,Summer
2001-01-08,69.0,9.1,236.0,0.0,17.5,22.9,11.5,8.5,15.8,23.0,26.26,15.6,Summer
2001-01-09,41.0,9.0,204.0,0.0,17.6,22.3,11.5,8.6,16.4,22.1,20.49,14.5,Summer
2001-01-10,76.0,10.5,239.0,5.2,18.1,20.6,16.0,15.1,18.0,20.5,9.71,14.2,Summer
2001-01-11,163.0,11.7,371.0,43.8,16.4,18.1,15.5,15.3,17.4,17.6,3.89,31.8,Summer
2001-01-12,219.0,12.7,494.0,5.8,18.7,24.6,15.1,13.9,16.9,19.3,23.09,34.1,Summer
2001-01-13,232.0,14.6,517.0,0.0,18.2,21.9,15.0,11.6,15.7,20.4,29.44,29.6,Summer
2001-01-14,220.0,11.8,372.0,2.4,17.5,21.3,12.6,8.6,14.8,20.2,23.33,27.2,Summer
2001-01-15,66.0,10.4,266.0,4.8,15.1,20.3,8.9,6.0,15.9,17.9,16.78,28.1,Summer
2001-01-16,292.0,16.1,505.0,1.4,17.1,20.8,13.8,11.8,15.9,18.9,17.67,28.8,Summer
2001-01-17,230.0,12.2,329.0,0.0,15.7,20.5,11.3,7.5,13.1,18.8,22.49,27.4,Summer
2001-01-18,227.0,10.7,327.0,0.0,16.7,21.1,12.0,9.5,13.8,20.2,21.91,25.5,Summer
2001-01-19,263.0,9.1,237.0,0.0,17.3,22.1,11.8,8.9,14.9,21.4,20.26,23.9,Summer
2001-01-20,208.0,13.5,375.0,0.0,17.1,20.3,14.7,12.5,14.3,20.6,19.82,22.4,Summer
2001-01-21,241.0,13.8,393.0,0.0,16.9,20.3,13.6,10.4,14.5,19.6,17.13,20.9,Summer
2001-01-22,242.0,12.6,473.0,0.0,18.1,22.4,12.1,9.4,16.4,20.2,18.6,19.7,Summer
2001-01-23,217.0,9.1,249.0,0.4,17.1,24.4,9.6,6.7,14.8,22.5,31.18,18.2,Summer
2001-01-24,282.0,10.9,361.0,0.0,17.2,23.7,7.9,5.7,16.1,22.8,30.43,16.2,Summer
2001-01-25,245.0,15.3,586.0,0.6,20.0,23.0,18.5,18.2,21.3,21.8,12.21,15.2,Summer
2001-01-26,265.0,21.7,846.0,4.2,20.1,24.0,14.8,14.7,19.4,21.9,19.58,14.9,Summer
2001-01-27,225.0,17.5,406.0,0.0,16.1,20.5,11.0,7.3,13.0,19.1,22.69,15.3,Summer
2001-01-28,134.0,7.2,213.0,0.0,16.2,21.9,9.4,5.7,12.0,21.6,30.68,14.2,Summer
2001-01-29,50.0,8.4,206.0,0.0,17.3,24.0,9.4,6.5,15.7,22.6,23.04,13.1,Summer
2001-01-30,77.0,10.0,312.0,0.0,18.5,23.4,13.0,10.6,17.4,22.4,24.08,12.2,Summer
2001-01-31,78.0,8.7,289.0,7.6,18.3,19.3,16.8,14.8,18.7,19.5,5.23,13.5,Summer
2001-02-01,188.0,12.3,384.0,0.4,18.5,23.2,14.7,11.4,15.7,21.3,29.24,14.5,Summer
2001-02-02,217.0,13.4,395.0,0.0,17.1,21.6,12.7,8.4,14.3,20.7,27.34,13.0,Summer
2001-02-03,236.0,11.1,251.0,0.0,16.7,23.5,10.2,7.9,15.0,21.1,21.56,12.0,Summer
2001-02-04,215.0,14.5,400.0,0.0,17.4,22.3,13.0,9.0,14.7,20.9,24.19,11.1,Summer
2001-02-05,244.0,13.6,443.0,0.0,18.3,23.0,13.1,9.0,15.6,21.6,26.96,10.2,Summer
2001-02-06,200.0,13.6,489.0,1.2,17.7,20.2,13.2,9.2,15.6,19.7,15.71,9.9,Summer
2001-02-07,50.0,9.0,243.0,1.0,16.3,22.5,9.0,5.1,14.5,20.7,24.75,9.6,Summer
2001-02-08,181.0,8.7,260.0,5.6,17.6,20.8,15.6,14.4,17.3,19.6,10.67,11.5,Summer
2001-02-09,184.0,8.6,274.0,0.0,18.4,23.6,14.3,12.5,16.7,21.7,23.67,10.9,Summer
2001-02-10,60.0,10.9,349.0,0.6,19.8,23.6,15.7,13.4,19.9,22.8,20.41,10.2,Summer
2001-02-11,78.0,10.1,374.0,56.0,20.3,21.7,18.5,18.5,23.3,20.9,2.82,22.4,Summer
2001-02-12,43.0,9.3,261.0,4.0,21.9,25.4,20.5,19.9,24.4,23.4,19.52,29.3,Summer
2001-02-13,78.0,10.1,365.0,7.8,20.4,22.1,19.7,18.8,22.9,21.7,8.94,29.3,Summer
2001-02-14,73.0,9.6,343.0,3.2,21.7,24.6,20.0,19.5,23.9,23.1,16.91,29.6,Summer
2001-02-15,52.0,8.7,195.0,0.8,22.1,26.7,19.0,16.8,23.4,23.6,15.96,27.9,Summer
2001-02-16,179.0,5.0,114.0,0.0,21.6,25.6,18.7,17.2,22.7,23.7,13.19,27.2,Summer
2001-02-17,189.0,9.1,216.0,28.0,20.1,21.5,18.4,18.0,22.3,21.7,6.4,38.5,Summer
2001-02-18,246.0,6.9,220.0,0.0,19.9,24.1,16.6,14.6,19.9,22.1,15.34,31.2,Summer
2001-02-19,46.0,10.6,322.0,0.8,20.3,23.4,17.2,16.5,22.0,21.7,11.14,29.5,Summer
2001-02-20,80.0,11.1,433.0,2.8,20.8,22.8,19.5,19.4,23.5,22.0,10.11,29.6,Summer
2001-02-21,59.0,9.9,293.0,3.8,20.9,22.3,19.2,16.3,23.0,22.1,9.15,32.4,Summer
2001-02-22,22.0,8.2,262.0,0.0,20.8,25.0,16.2,13.8,21.0,22.9,20.49,31.1,Summer
2001-02-23,261.0,10.7,322.0,11.2,20.0,24.3,17.2,17.3,21.7,22.0,11.5,33.9,Summer
2001-02-24,86.0,7.5,228.0,0.4,19.1,23.8,15.8,12.9,17.7,22.7,26.72,34.2,Summer
2001-02-25,181.0,10.4,245.0,0.0,20.1,26.4,14.0,12.0,18.0,23.6,24.46,30.9,Summer
2001-02-26,91.0,8.8,311.0,1.6,20.5,24.5,17.7,15.5,21.1,23.1,18.62,29.4,Summer
2001-02-27,83.0,12.3,478.0,0.2,21.0,24.4,19.3,17.1,21.2,22.8,15.45,28.2,Summer
2001-02-28,80.0,12.9,515.0,0.4,20.2,22.4,18.8,16.8,20.6,21.4,9.2,27.0,Summer
2001-03-01,63.0,10.8,365.0,0.0,20.0,23.5,15.7,12.5,19.1,22.4,19.69,26.0,Autumn
2001-03-02,91.0,8.4,247.0,0.0,18.3,23.8,12.9,11.0,17.7,22.8,23.87,24.4,Autumn
2001-03-03,59.0,11.4,341.0,0.0,18.5,22.6,13.6,11.0,16.9,21.6,19.19,22.7,Autumn
2001-03-04,60.0,10.5,311.0,0.0,18.6,22.5,13.2,10.8,17.1,21.2,17.2,21.3,Autumn
2001-03-05,49.0,9.1,293.0,10.3,18.5,22.1,15.6,12.9,17.9,20.8,17.49,27.5,Autumn
2001-03-06,57.0,7.8,250.0,0.0,17.7,22.1,13.4,10.8,16.3,20.7,17.75,27.1,Autumn
2001-03-07,53.0,13.3,518.0,0.0,18.9,21.0,16.7,15.8,16.1,20.3,14.33,25.3,Autumn
2001-03-08,30.0,11.1,319.0,0.7,19.7,22.7,17.3,15.7,19.1,21.2,14.11,23.8,Autumn
2001-03-09,97.0,9.3,213.0,5.2,19.9,22.9,18.1,16.8,20.5,21.2,7.74,23.8,Autumn
2001-03-10,77.0,11.7,407.0,14.6,17.8,20.9,16.1,12.1,16.2,19.0,10.4,32.9,Autumn
2001-03-11,111.0,7.7,210.0,0.0,16.4,20.7,11.3,7.4,12.6,19.8,24.35,29.9,Autumn
2001-03-12,59.0,7.0,177.0,0.0,15.2,22.1,9.0,5.9,13.1,20.0,22.23,28.2,Autumn
2001-03-13,8.0,9.8,273.0,0.0,16.6,22.9,9.6,6.4,14.7,20.1,18.83,26.4,Autumn
2001-03-14,265.0,10.9,306.0,4.1,18.6,23.4,14.2,11.5,18.1,19.8,9.15,25.3,Autumn
2001-03-15,195.0,9.7,248.0,0.0,16.7,22.9,10.2,7.0,14.7,19.3,20.87,26.5,Autumn
2001-03-16,43.0,11.4,304.0,0.3,16.5,22.2,10.0,7.5,14.9,18.7,16.85,25.5,Autumn
2001-03-17,48.0,10.1,324.0,6.6,17.1,21.6,12.7,10.4,15.8,18.5,13.83,26.4,Autumn
2001-03-18,74.0,14.5,447.0,1.6,17.7,20.3,16.4,13.3,16.1,17.9,11.0,28.1,Autumn
2001-03-19,71.0,14.1,398.0,0.9,18.5,21.6,16.3,14.8,16.7,19.7,18.43,27.7,Autumn
2001-03-20,85.0,9.7,323.0,0.0,17.5,21.3,11.2,6.7,15.2,19.6,18.32,26.5,Autumn
2001-03-21,58.0,7.2,192.0,0.0,15.2,21.1,9.8,5.8,14.6,18.4,14.77,25.3,Autumn
2001-03-22,77.0,6.0,134.0,0.0,16.2,22.6,10.7,7.1,14.3,19.9,20.04,24.0,Autumn
2001-03-23,77.0,7.3,150.0,0.0,15.7,23.5,9.4,5.8,14.4,19.8,18.4,22.6,Autumn
2001-03-24,13.0,8.8,169.0,0.0,15.8,22.4,10.5,6.8,14.7,19.6,18.8,21.4,Autumn
2001-03-25,87.0,6.7,172.0,0.0,15.6,22.3,9.5,5.9,14.2,19.7,19.83,20.0,Autumn
2001-03-26,22.0,7.6,199.0,0.0,15.6,22.9,8.5,4.1,13.5,19.7,20.89,18.7,Autumn
2001-03-27,307.0,9.7,296.0,0.0,17.2,24.4,9.8,6.0,15.6,20.6,20.01,17.4,Autumn
2001-03-28,271.0,18.6,516.0,2.0,19.4,24.8,16.2,15.4,17.9,20.9,14.32,16.5,Autumn
2001-03-29,262.0,13.2,370.0,0.4,17.8,21.6,14.5,11.7,17.5,18.8,9.15,16.4,Autumn
2001-03-30,194.0,14.8,292.0,0.0,14.8,19.9,7.8,3.9,12.1,17.3,14.77,16.1,Autumn
2001-03-31,72.0,11.8,351.0,0.0,14.9,21.0,7.2,3.2,12.1,16.0,12.86,15.6,Autumn
2001-04-01,49.0,15.9,599.0,6.9,17.0,18.6,15.5,15.1,15.2,16.5,3.59,16.1,Autumn
2001-04-02,32.0,18.5,635.0,67.4,18.9,20.2,17.3,17.0,21.3,18.4,0.96,43.5,Autumn
2001-04-03,218.0,14.3,399.0,1.0,17.5,20.2,12.7,7.0,16.8,18.0,11.51,38.7,Autumn
2001-04-04,209.0,15.7,372.0,0.5,14.7,19.5,11.3,6.5,12.6,15.6,16.64,33.6,Autumn
2001-04-05,273.0,13.9,333.0,0.0,15.5,19.6,12.8,9.0,13.6,16.4,11.46,31.6,Autumn
2001-04-06,222.0,15.4,459.0,1.2,16.6,19.7,13.6,9.9,14.2,16.6,14.79,30.1,Autumn
2001-04-07,193.0,15.8,410.0,0.0,16.0,20.5,8.8,4.8,13.1,16.7,13.45,29.2,Autumn
2001-04-08,77.0,8.1,192.0,0.0,14.0,20.3,8.2,4.0,13.3,16.6,16.78,28.2,Autumn
2001-04-09,52.0,7.7,149.0,0.1,14.3,20.6,8.7,4.5,13.3,16.9,15.84,26.9,Autumn
2001-04-10,279.0,8.3,172.0,0.0,15.1,20.5,10.7,6.8,14.1,17.3,9.12,25.9,Autumn
2001-04-11,280.0,8.3,219.0,0.0,15.9,22.0,9.9,6.6,15.2,17.5,10.3,25.3,Autumn
2001-04-12,114.0,19.8,528.0,52.3,16.1,17.7,15.1,14.6,16.9,18.5,3.07,31.0,Autumn
2001-04-13,290.0,17.7,393.0,29.6,19.4,22.5,17.2,15.8,19.2,19.7,12.94,43.2,Autumn
2001-04-14,160.0,13.2,347.0,1.5,16.1,21.0,13.2,8.9,13.6,17.5,14.09,34.9,Autumn
2001-04-15,168.0,6.8,154.0,0.0,13.1,18.2,7.8,3.5,12.0,15.5,14.05,33.4,Autumn
2001-04-16,195.0,7.4,166.0,0.0,12.3,18.3,6.4,2.4,11.9,14.5,10.14,32.6,Autumn
2001-04-17,44.0,9.6,167.0,0.0,15.1,19.2,11.5,7.6,13.8,16.1,6.94,32.2,Autumn
2001-04-18,83.0,10.7,282.0,0.5,15.9,18.4,13.4,12.1,14.6,17.0,10.73,31.9,Autumn
2001-04-19,55.0,11.7,405.0,1.0,17.4,20.5,15.0,12.1,16.8,17.3,7.4,31.2,Autumn
2001-04-20,44.0,8.2,246.0,2.6,16.8,20.4,11.8,8.9,17.3,17.7,8.57,31.1,Autumn
2001-04-21,218.0,5.2,104.0,0.1,15.2,21.9,9.5,7.3,15.4,16.6,11.4,31.0,Autumn
2001-04-22,194.0,7.8,152.0,0.2,15.4,21.5,10.3,8.2,15.2,16.9,11.81,30.6,Autumn
2001-04-23,198.0,5.3,139.0,0.1,13.8,20.8,8.4,3.8,14.1,16.1,10.95,30.1,Autumn
2001-04-24,61.0,8.5,259.0,0.0,13.8,18.3,7.5,3.4,12.7,15.4,11.17,29.7,Autumn
2001-04-25,90.0,10.5,351.0,0.2,14.4,17.8,8.7,4.8,13.0,16.2,14.77,28.9,Autumn
2001-04-26,68.0,8.9,226.0,0.1,12.4,18.2,6.5,3.0,11.7,14.2,11.6,27.9,Autumn
2001-04-27,53.0,11.6,330.0,0.0,14.4,18.1,7.3,3.7,12.2,14.9,8.29,27.2,Autumn
2001-04-28,59.0,10.7,385.0,2.0,16.4,19.0,14.4,11.1,14.0,16.7,11.24,26.5,Autumn
2001-04-29,75.0,10.2,414.0,3.4,16.8,19.5,15.3,12.4,16.5,16.5,9.73,26.9,Autumn
2001-04-30,79.0,13.2,504.0,2.9,17.2,18.8,15.6,14.9,17.5,16.8,5.39,28.2,Autumn
2001-05-01,54.0,15.3,610.0,6.3,17.6,19.2,16.5,15.7,17.5,17.0,5.97,32.6,Autumn
2001-05-02,71.0,18.2,530.0,73.7,16.8,17.8,15.2,14.7,17.9,16.5,1.27,45.0,Autumn
2001-05-03,18.0,8.7,235.0,0.3,17.6,21.0,13.8,10.9,18.2,18.1,10.69,39.0,Autumn
2001-05-04,65.0,20.4,590.0,23.9,17.6,19.1,16.5,15.7,18.4,17.4,3.92,42.1,Autumn
2001-05-05,9.0,26.1,679.0,12.3,18.0,20.8,16.1,12.6,18.3,17.6,7.71,49.8,Autumn
2001-05-06,346.0,8.1,195.0,10.0,16.5,20.8,13.0,10.0,16.9,16.6,7.93,45.8,Autumn
2001-05-07,231.0,9.3,244.0,2.2,15.1,19.5,10.4,6.5,16.0,16.1,9.63,44.2,Autumn
2001-05-08,87.0,5.1,122.0,0.0,13.8,20.6,9.1,6.0,14.1,15.0,10.19,41.1,Autumn
2001-05-09,52.0,9.6,288.0,0.2,13.9,19.3,8.3,6.4,14.0,14.4,10.26,39.7,Autumn
2001-05-10,69.0,20.1,656.0,42.7,16.4,18.3,14.6,11.4,16.4,15.2,1.17,46.5,Autumn
2001-05-11,11.0,11.9,343.0,6.7,17.4,21.0,12.1,9.8,18.5,16.3,6.31,46.2,Autumn
2001-05-12,15.0,6.9,165.0,6.0,17.3,21.2,14.4,12.7,18.6,17.2,6.94,46.4,Autumn
2001-05-13,264.0,6.6,147.0,0.0,16.0,19.9,13.9,11.8,16.9,16.8,7.52,46.7,Autumn
2001-05-14,247.0,12.6,234.0,0.6,14.5,18.7,10.4,6.3,14.5,15.4,9.35,43.7,Autumn
2001-05-15,225.0,13.9,339.0,0.8,13.3,18.0,10.0,5.3,12.7,13.4,9.73,42.2,Autumn
2001-05-16,215.0,8.3,219.0,0.1,11.2,15.7,4.1,-0.5,9.5,12.5,11.75,41.5,Autumn
2001-05-17,217.0,12.7,238.0,0.7,9.4,16.6,2.5,-0.8,10.8,10.7,7.03,41.9,Autumn
2001-05-18,277.0,12.4,335.0,0.1,14.8,18.7,10.6,7.6,15.1,14.3,6.72,41.8,Autumn
2001-05-19,255.0,17.1,428.0,9.6,15.9,19.4,11.8,7.1,15.7,15.4,8.83,46.3,Autumn
2001-05-20,230.0,17.6,506.0,0.7,14.3,17.5,10.9,5.5,13.2,13.4,10.1,44.2,Autumn
2001-05-21,269.0,16.7,622.0,7.8,15.2,18.6,13.6,11.3,15.0,14.2,6.78,46.0,Autumn
2001-05-22,233.0,12.8,395.0,13.5,13.1,17.1,9.8,6.4,13.6,13.7,6.52,51.1,Autumn
2001-05-23,248.0,17.6,611.0,4.0,12.3,15.5,9.1,6.2,11.2,11.4,8.93,50.2,Autumn
2001-05-24,275.0,13.2,370.0,2.9,13.5,18.0,10.2,6.6,13.1,12.6,10.29,51.2,Autumn
2001-05-25,306.0,15.3,427.0,15.0,13.9,17.0,11.6,6.5,13.3,12.7,5.91,50.5,Autumn
2001-05-26,230.0,21.5,678.0,12.6,11.3,14.5,8.4,6.5,10.6,10.8,9.84,51.5,Autumn
2001-05-27,269.0,15.3,378.0,19.3,11.6,16.6,8.6,4.7,12.4,11.0,5.94,51.3,Autumn
2001-05-28,179.0,7.4,157.0,2.8,10.3,14.4,4.9,1.7,10.9,11.5,6.86,51.5,Autumn
2001-05-29,54.0,19.0,503.0,20.9,10.6,13.5,5.8,3.7,10.8,10.0,2.77,50.1,Autumn
2001-05-30,49.0,15.6,340.0,67.3,10.5,12.5,8.5,8.5,11.8,11.3,3.18,51.5,Autumn
2001-05-31,169.0,7.5,229.0,3.4,8.6,13.1,4.4,0.7,9.9,10.2,7.63,51.6,Autumn
2001-06-01,210.0,5.7,157.0,0.8,8.4,14.7,4.3,0.7,9.7,9.5,8.58,50.3,Winter
2001-06-02,227.0,9.4,231.0,2.0,9.2,14.7,4.9,-0.2,10.4,9.3,8.3,50.1,Winter
2001-06-03,79.0,3.8,84.0,0.0,8.2,15.4,2.9,-0.8,9.7,8.8,7.87,48.7,Winter
2001-06-04,81.0,4.9,89.0,0.1,8.2,14.8,3.3,-0.1,10.1,8.7,9.89,47.2,Winter
2001-06-05,67.0,3.5,76.0,0.1,8.1,15.0,3.4,-0.5,10.3,8.3,6.54,46.5,Winter
2001-06-06,12.0,6.7,121.0,0.1,8.6,16.9,2.8,-0.9,10.1,8.7,10.39,46.2,Winter
2001-06-07,270.0,9.6,239.0,0.3,9.8,16.8,4.5,1.1,11.1,9.8,9.04,45.8,Winter
2001-06-08,232.0,6.7,189.0,1.1,11.4,16.6,5.1,0.8,12.0,10.9,7.6,45.8,Winter
2001-06-09,263.0,13.3,298.0,0.9,9.9,16.6,2.5,-0.4,11.8,9.8,6.85,45.7,Winter
2001-06-10,276.0,13.2,466.0,26.0,13.4,16.3,10.1,7.8,13.9,12.5,2.81,48.1,Winter
2001-06-11,169.0,10.5,318.0,0.0,8.0,11.0,4.8,0.0,7.8,8.5,10.32,50.5,Winter
2001-06-12,183.0,7.4,190.0,0.0,8.0,13.3,2.2,-1.4,8.3,7.6,10.09,48.4,Winter
2001-06-13,90.0,8.1,226.0,0.0,10.7,13.7,6.3,2.7,11.2,9.5,6.03,47.2,Winter
2001-06-14,54.0,10.3,363.0,1.5,14.8,17.6,12.9,10.8,15.7,13.7,6.86,47.0,Winter
2001-06-15,34.0,9.0,361.0,3.5,15.5,16.6,14.9,14.4,17.0,15.0,3.59,48.0,Winter
2001-06-16,37.0,11.3,378.0,8.3,15.7,17.1,13.4,11.5,17.4,15.4,1.9,51.1,Winter
2001-06-17,276.0,13.3,278.0,7.7,12.7,17.3,9.1,5.0,13.5,13.0,6.67,51.0,Winter
2001-06-18,233.0,14.2,360.0,2.7,11.6,15.7,6.3,2.5,11.8,11.4,9.04,51.3,Winter
2001-06-19,221.0,6.8,157.0,0.0,8.3,15.6,2.8,-1.3,9.4,9.4,9.83,50.4,Winter
2001-06-20,274.0,8.7,147.0,0.8,6.3,13.3,0.5,-2.6,9.2,7.8,6.18,49.5,Winter
2001-06-21,259.0,4.9,139.0,0.0,9.9,15.3,5.8,2.9,11.0,10.1,6.5,48.9,Winter
2001-06-22,25.0,10.3,207.0,0.1,9.8,16.4,2.7,-0.1,11.0,9.6,7.77,48.4,Winter
2001-06-23,21.0,8.0,208.0,0.2,12.5,16.4,6.0,3.9,12.6,11.5,7.03,48.5,Winter
2001-06-24,234.0,13.8,357.0,3.5,10.5,15.1,5.3,3.5,11.3,10.0,5.92,49.0,Winter
2001-06-25,242.0,15.7,411.0,1.1,11.2,14.4,9.2,5.9,10.7,10.0,6.64,51.9,Winter
2001-06-26,233.0,12.8,354.0,4.2,12.4,16.2,8.3,4.2,11.6,10.7,7.47,51.1,Winter
2001-06-27,250.0,9.8,249.0,2.7,11.3,17.2,5.0,2.1,12.1,10.4,8.7,52.3,Winter
2001-06-28,268.0,14.2,283.0,5.0,11.1,13.3,8.0,4.8,11.6,10.4,4.24,51.4,Winter
2001-06-29,200.0,11.7,278.0,0.2,11.1,15.4,8.3,4.4,11.4,10.0,7.95,51.2,Winter
2001-06-30,222.0,9.1,234.0,0.1,10.1,14.9,7.1,3.6,10.4,9.6,7.7,52.0,Winter
2001-07-01,112.0,9.9,241.0,0.0,8.2,12.0,2.4,-1.0,7.9,7.4,9.98,51.3,Winter
2001-07-02,116.0,9.9,262.0,0.0,9.2,12.8,5.0,0.4,8.6,7.5,10.05,49.2,Winter
2001-07-03,84.0,7.1,219.0,0.0,8.5,12.6,2.3,-1.3,9.0,7.3,10.11,48.3,Winter
2001-07-04,69.0,15.2,454.0,0.0,11.6,13.8,9.6,6.1,10.1,9.2,8.48,47.9,Winter
2001-07-05,81.0,21.3,841.0,0.6,12.7,13.9,10.4,9.8,10.0,10.4,4.5,47.7,Winter
2001-07-06,68.0,18.4,616.0,4.9,12.5,14.1,10.5,9.9,11.8,11.1,4.88,47.7,Winter
2001-07-07,91.0,14.4,485.0,6.8,12.4,14.0,10.9,10.4,11.7,11.1,2.82,50.6,Winter
2001-07-08,137.0,12.6,239.0,2.0,10.9,13.1,8.7,6.7,10.5,10.8,5.51,51.5,Winter
2001-07-09,118.0,7.8,184.0,0.0,10.7,13.7,7.8,3.3,10.0,10.0,10.76,52.7,Winter
2001-07-10,107.0,5.3,123.0,0.0,8.1,13.7,2.3,-2.0,8.8,8.3,11.06,52.3,Winter
2001-07-11,129.0,6.5,134.0,0.1,5.2,13.0,0.4,-2.9,7.3,6.3,10.56,51.7,Winter
2001-07-12,242.0,11.6,236.0,0.0,6.0,13.9,-0.9,-4.6,8.4,6.3,9.59,49.1,Winter
2001-07-13,66.0,4.3,118.0,0.2,7.1,13.9,2.8,-0.5,9.1,7.3,8.68,48.5,Winter
2001-07-14,225.0,9.4,224.0,3.6,8.5,14.0,3.1,0.6,10.3,8.2,7.61,49.1,Winter
2001-07-15,305.0,8.4,215.0,2.0,11.1,15.4,5.5,3.5,11.9,10.3,6.62,51.3,Winter
2001-07-16,279.0,18.5,503.0,9.0,13.7,17.2,10.7,7.8,13.3,12.2,9.7,51.6,Winter
2001-07-17,267.0,12.5,332.0,11.1,11.3,14.5,9.1,6.5,12.3,10.9,5.0,51.3,Winter
2001-07-18,262.0,17.6,544.0,21.8,10.8,13.8,8.7,6.6,11.6,10.6,6.67,51.4,Winter
2001-07-19,266.0,16.7,438.0,17.9,8.4,10.6,6.0,2.0,9.7,8.6,4.98,51.5,Winter
2001-07-20,267.0,17.6,261.0,7.6,6.8,12.2,3.3,0.5,9.0,7.9,6.12,51.9,Winter
2001-07-21,210.0,11.4,344.0,5.2,9.3,13.9,2.9,-0.4,10.0,8.3,9.38,51.9,Winter
2001-07-22,207.0,12.8,351.0,0.0,11.2,14.6,8.9,4.7,10.1,9.3,8.86,51.9,Winter
2001-07-23,176.0,6.9,199.0,0.0,9.2,14.4,3.4,-0.7,9.0,9.0,9.99,51.5,Winter
2001-07-24,226.0,14.4,273.0,0.4,8.2,14.5,1.8,-1.4,9.4,7.9,9.83,52.0,Winter
2001-07-25,213.0,7.4,167.0,0.1,8.6,14.0,2.9,-1.2,9.0,8.5,10.12,51.8,Winter
2001-07-26,229.0,8.9,233.0,0.0,8.7,15.2,2.9,-0.7,10.3,8.4,8.73,51.4,Winter
2001-07-27,219.0,11.1,240.0,0.7,9.8,15.4,5.0,0.9,10.4,9.4,11.74,51.1,Winter
2001-07-28,25.0,5.8,115.0,0.0,8.2,14.3,2.8,-0.9,9.2,8.9,10.25,51.0,Winter
2001-07-29,352.0,15.0,326.0,7.7,12.5,16.5,7.0,5.8,13.3,11.1,4.32,50.9,Winter
2001-07-30,82.0,12.3,302.0,13.7,14.3,18.0,11.6,9.3,14.9,13.9,7.3,51.4,Winter
2001-07-31,79.0,13.5,330.0,0.2,11.9,13.3,10.6,10.2,12.5,12.5,5.67,51.6,Winter
2001-08-01,224.0,8.8,202.0,0.2,11.0,15.8,4.9,0.9,10.9,12.3,13.05,51.1,Winter
2001-08-02,19.0,7.8,157.0,0.6,9.5,16.9,3.6,0.6,10.8,10.9,10.23,51.6,Winter
2001-08-03,231.0,18.8,435.0,6.7,11.7,14.5,7.9,6.2,11.3,11.3,9.84,51.3,Winter
2001-08-04,247.0,8.6,228.0,0.2,11.3,15.6,8.4,4.1,11.3,11.5,9.86,51.4,Winter
2001-08-05,263.0,9.4,264.0,0.0,9.9,15.5,5.5,1.7,10.4,10.8,11.55,50.7,Winter
2001-08-06,282.0,6.0,212.0,0.0,10.5,16.4,5.2,0.9,10.6,11.0,12.91,51.6,Winter
2001-08-07,351.0,10.4,242.0,0.6,10.9,16.1,4.3,0.7,11.2,10.9,8.1,51.1,Winter
2001-08-08,314.0,8.8,168.0,10.8,14.7,19.0,11.6,9.9,14.7,14.2,9.64,51.3,Winter
2001-08-09,332.0,9.2,289.0,0.4,15.3,18.7,12.2,10.6,14.8,14.7,10.04,51.3,Winter
2001-08-10,267.0,12.9,299.0,3.6,12.2,15.8,9.6,6.5,13.0,13.2,9.2,51.1,Winter
2001-08-11,253.0,12.6,386.0,8.5,11.3,14.8,9.1,5.2,11.9,11.6,5.9,51.4,Winter
2001-08-12,205.0,8.5,238.0,0.0,10.4,16.1,4.6,0.3,10.1,10.9,11.58,51.7,Winter
2001-08-13,221.0,9.1,216.0,0.3,8.4,15.3,2.2,-1.1,9.2,10.0,14.68,51.6,Winter
2001-08-14,220.0,21.2,401.0,3.9,9.0,13.6,6.2,1.0,9.5,9.7,10.21,51.5,Winter
2001-08-15,204.0,19.4,541.0,1.1,8.7,11.6,4.9,-0.2,8.6,8.4,9.41,51.8,Winter
2001-08-16,210.0,14.7,376.0,0.0,9.4,12.3,6.6,1.1,8.1,9.2,14.62,51.6,Winter
2001-08-17,244.0,10.4,248.0,0.0,9.9,14.0,4.8,0.2,9.5,9.8,9.13,50.7,Winter
2001-08-18,8.0,16.0,351.0,4.2,10.6,14.8,8.1,4.1,10.4,10.3,6.46,50.9,Winter
2001-08-19,264.0,23.4,362.0,2.8,10.0,15.8,4.5,1.1,11.0,10.1,10.78,51.3,Winter
2001-08-20,260.0,19.2,642.0,2.1,11.7,15.1,9.1,6.3,11.2,10.9,13.29,51.7,Winter
2001-08-21,280.0,13.2,399.0,0.2,12.7,18.6,8.3,4.9,12.7,12.1,13.42,51.7,Winter
2001-08-22,276.0,8.7,247.0,0.2,13.1,19.4,7.6,5.0,12.9,12.5,10.64,51.2,Winter
2001-08-23,353.0,10.6,247.0,0.9,12.4,18.2,6.8,4.9,13.0,12.5,10.02,50.5,Winter
2001-08-24,220.0,18.9,432.0,5.4,12.3,15.7,9.8,6.7,11.7,12.1,11.22,50.9,Winter
2001-08-25,297.0,11.8,458.0,10.8,12.0,15.6,8.7,5.9,12.1,12.6,12.4,51.5,Winter
2001-08-26,232.0,12.4,286.0,4.6,10.2,14.5,7.1,3.8,11.1,11.7,13.46,51.8,Winter
2001-08-27,227.0,7.3,207.0,0.0,10.3,16.1,4.9,1.3,10.2,11.6,15.71,51.8,Winter
2001-08-28,61.0,6.1,169.0,0.0,8.8,15.1,2.5,-0.2,9.5,11.1,17.13,51.7,Winter
2001-08-29,37.0,11.2,386.0,9.9,12.0,14.9,8.9,7.3,12.4,11.7,4.83,51.4,Winter
2001-08-30,41.0,13.0,455.0,28.1,12.8,15.0,11.1,11.0,13.8,13.1,6.31,51.6,Winter
2001-08-31,84.0,10.2,302.0,3.8,13.2,16.4,10.3,8.8,13.7,13.7,11.72,51.7,Winter
2001-09-01,77.0,12.6,361.0,153.1,12.5,13.8,10.6,10.6,13.8,13.1,2.55,51.6,Spring
2001-09-02,127.0,12.4,381.0,10.6,12.0,15.5,7.6,4.8,11.9,12.9,8.82,51.9,Spring
2001-09-03,50.0,15.3,429.0,1.2,11.7,14.6,7.8,5.1,12.3,12.8,12.75,51.8,Spring
2001-09-04,51.0,16.3,553.0,67.5,12.2,13.6,10.8,9.4,13.0,12.3,2.26,51.7,Spring
2001-09-05,30.0,9.1,244.0,1.9,13.8,18.4,9.7,6.8,14.0,14.3,14.99,51.7,Spring
2001-09-06,198.0,7.7,150.0,0.1,12.5,17.0,7.7,6.6,13.2,14.4,11.61,51.9,Spring
2001-09-07,224.0,12.3,357.0,0.5,13.2,16.1,11.8,10.2,13.0,13.9,11.04,51.7,Spring
2001-09-08,256.0,7.2,240.0,0.0,13.2,17.9,8.8,5.3,12.4,14.3,13.27,51.4,Spring
2001-09-09,54.0,6.8,207.0,0.1,10.5,16.3,6.1,3.3,10.6,12.9,15.0,50.5,Spring
2001-09-10,80.0,9.5,269.0,0.1,10.7,15.9,4.2,2.0,10.7,13.1,20.97,50.2,Spring
2001-09-11,81.0,10.9,366.0,1.8,11.8,15.5,10.3,7.8,11.2,13.7,14.38,49.8,Spring
2001-09-12,50.0,7.4,231.0,0.0,11.3,15.2,6.9,3.9,11.6,13.0,11.41,49.7,Spring
2001-09-13,56.0,9.3,247.0,0.1,10.2,15.8,4.9,2.3,11.0,12.5,15.9,49.6,Spring
2001-09-14,30.0,12.3,357.0,3.1,12.4,16.2,6.1,4.0,13.1,13.1,9.33,49.5,Spring
2001-09-15,22.0,12.3,320.0,7.4,14.2,15.1,12.2,11.3,14.7,14.0,4.71,50.1,Spring
2001-09-16,226.0,5.3,152.0,11.1,14.0,18.5,11.7,9.4,15.0,15.1,9.09,51.4,Spring
2001-09-17,236.0,10.0,244.0,0.0,12.3,16.1,8.3,7.0,11.9,14.2,11.46,51.4,Spring
2001-09-18,217.0,15.0,367.0,0.4,12.4,17.1,6.6,5.4,11.3,13.9,18.94,51.3,Spring
2001-09-19,226.0,12.3,288.0,0.0,12.4,16.2,6.6,5.1,10.9,13.6,12.27,50.8,Spring
2001-09-20,274.0,8.7,246.0,0.0,12.9,15.1,11.3,10.3,11.2,13.9,8.13,50.3,Spring
2001-09-21,256.0,12.2,331.0,0.2,12.5,16.7,9.8,7.3,12.1,14.8,16.48,49.8,Spring
2001-09-22,262.0,14.0,399.0,1.9,12.3,15.8,8.0,5.8,13.0,13.5,10.54,49.6,Spring
2001-09-23,236.0,11.2,294.0,0.0,11.5,15.6,7.1,5.8,9.7,13.7,16.42,49.5,Spring
2001-09-24,220.0,13.3,340.0,0.3,11.5,16.2,7.0,4.4,10.3,13.2,16.76,49.6,Spring
2001-09-25,107.0,7.3,170.0,0.0,10.2,15.5,5.1,3.9,9.9,13.8,22.43,50.6,Spring
2001-09-26,238.0,9.5,193.0,0.1,10.1,16.3,3.9,3.1,9.9,13.4,18.88,50.2,Spring
2001-09-27,39.0,7.6,174.0,0.0,11.2,18.3,4.4,3.5,10.6,14.1,17.43,48.9,Spring
2001-09-28,71.0,6.7,151.0,0.0,11.6,19.5,4.7,3.4,10.1,14.9,19.86,47.0,Spring
2001-09-29,60.0,6.1,171.0,0.0,12.1,19.7,4.9,2.7,10.3,15.7,23.17,44.5,Spring
2001-09-30,273.0,8.4,223.0,0.0,13.3,21.0,5.2,3.8,12.1,16.6,22.57,41.6,Spring
2001-10-01,190.0,6.4,139.0,0.0,14.4,20.5,9.3,7.5,13.6,17.2,18.25,38.6,Spring
2001-10-02,266.0,6.8,166.0,0.0,13.3,24.6,7.2,6.0,13.2,15.4,10.25,36.6,Spring
2001-10-03,20.0,7.9,232.0,0.0,13.4,18.7,7.6,5.6,13.1,15.7,17.11,35.1,Spring
2001-10-04,55.0,11.8,437.0,2.7,15.9,19.5,11.2,9.6,15.5,17.4,17.53,33.4,Spring
2001-10-05,23.0,14.4,575.0,0.8,16.3,18.3,15.4,15.0,17.0,17.0,10.06,33.0,Spring
2001-10-06,67.0,15.7,615.0,18.6,16.3,18.2,15.8,14.0,18.1,16.6,3.09,41.0,Spring
2001-10-07,241.0,15.6,548.0,2.9,15.3,17.9,11.7,8.4,14.4,16.8,17.92,49.4,Spring
2001-10-08,272.0,11.5,337.0,0.2,15.6,21.2,11.8,8.8,14.6,17.1,17.8,46.2,Spring
2001-10-09,2.0,17.7,432.0,4.9,15.0,19.3,11.0,9.3,14.6,15.9,9.59,45.7,Spring
2001-10-10,307.0,13.4,288.0,22.0,13.7,18.1,10.8,8.5,13.9,16.1,14.88,48.5,Spring
2001-10-11,204.0,10.6,370.0,2.4,14.4,18.7,11.2,9.1,13.4,16.6,20.79,52.4,Spring
2001-10-12,48.0,7.9,192.0,0.0,13.7,18.7,8.6,5.8,12.0,17.4,25.19,49.7,Spring
2001-10-13,7.0,8.1,154.0,0.9,13.3,19.7,7.2,4.6,13.2,17.0,16.09,47.6,Spring
2001-10-14,237.0,14.3,413.0,0.5,14.4,19.2,9.8,7.4,14.2,16.7,17.57,46.8,Spring
2001-10-15,270.0,8.4,254.0,5.2,15.1,19.6,10.8,7.8,15.3,16.9,12.26,47.0,Spring
2001-10-16,231.0,18.6,636.0,5.6,15.5,18.6,11.0,7.5,13.8,17.1,21.32,50.9,Spring
2001-10-17,272.0,9.8,270.0,0.0,13.8,19.8,9.8,6.6,12.3,16.8,20.91,49.7,Spring
2001-10-18,283.0,11.4,346.0,0.0,15.0,21.0,9.1,6.7,14.2,17.9,23.46,50.2,Spring
2001-10-19,8.0,13.3,373.0,2.2,15.6,22.0,10.3,8.4,15.0,17.8,18.6,48.1,Spring
2001-10-20,10.0,15.8,470.0,9.3,17.4,21.7,13.0,10.8,17.5,18.9,16.93,50.5,Spring
2001-10-21,88.0,7.6,228.0,0.0,15.3,20.3,9.1,6.5,15.0,17.8,16.85,50.4,Spring
2001-10-22,194.0,12.2,314.0,26.7,15.3,18.5,12.8,12.5,15.1,17.5,13.35,50.1,Spring
2001-10-23,216.0,17.4,507.0,0.0,14.7,17.6,11.7,9.9,13.0,17.1,26.79,51.7,Spring
2001-10-24,228.0,20.5,508.0,1.1,14.2,17.4,11.0,6.7,11.7,15.9,19.45,50.9,Spring
2001-10-25,199.0,10.9,297.0,0.0,11.8,17.2,5.4,1.1,9.4,15.9,26.53,49.9,Spring
2001-10-26,268.0,13.9,436.0,1.4,14.4,17.8,10.6,7.4,14.0,16.2,13.8,49.1,Spring
2001-10-27,277.0,12.7,409.0,6.0,16.0,18.7,13.7,13.3,17.0,17.3,9.25,50.1,Spring
2001-10-28,255.0,23.4,553.0,17.5,15.7,18.7,14.7,13.3,16.0,16.3,7.9,51.3,Spring
2001-10-29,234.0,21.8,841.0,0.0,15.9,18.5,14.4,12.6,14.0,16.4,20.12,51.7,Spring
2001-10-30,283.0,16.6,626.0,0.0,16.9,20.9,13.6,11.3,15.3,18.2,27.01,50.4,Spring
2001-10-31,312.0,11.7,382.0,0.0,17.3,24.1,11.3,10.1,15.9,18.8,17.84,49.2,Spring
2001-11-01,267.0,28.8,744.0,6.8,15.7,19.9,10.6,9.3,14.3,17.6,22.41,50.6,Spring
2001-11-02,276.0,17.6,635.0,0.6,15.4,18.7,12.4,9.2,12.5,17.3,23.86,49.4,Spring
2001-11-03,299.0,16.2,443.0,11.9,13.2,16.3,10.3,6.8,13.1,15.6,11.52,50.5,Spring
2001-11-04,225.0,13.2,394.0,1.0,13.7,18.1,9.6,6.1,11.6,16.3,26.12,51.9,Spring
2001-11-05,59.0,12.8,471.0,2.4,13.9,16.5,11.1,8.9,11.4,15.7,16.94,51.2,Spring
2001-11-06,89.0,15.2,525.0,5.0,13.8,15.6,12.0,11.0,12.5,14.2,5.67,50.7,Spring
2001-11-07,40.0,16.6,453.0,17.4,15.7,20.8,13.6,13.3,15.9,16.5,12.49,51.3,Spring
2001-11-08,252.0,13.5,440.0,3.5,15.3,18.6,11.2,8.6,15.1,17.4,18.79,51.7,Spring
2001-11-09,4.0,7.7,195.0,0.0,14.5,19.2,9.1,6.7,13.7,17.9,24.15,51.6,Spring
2001-11-10,287.0,10.4,282.0,2.1,15.9,22.8,9.4,6.6,15.6,18.5,18.79,50.7,Spring
2001-11-11,271.0,9.7,300.0,0.0,15.9,21.1,11.1,9.0,15.1,18.8,21.43,50.1,Spring
2001-11-12,250.0,7.3,219.0,1.7,16.0,19.9,13.0,10.6,15.9,18.7,13.14,49.8,Spring
2001-11-13,320.0,10.7,239.0,3.7,16.4,21.3,11.8,10.4,17.4,18.1,8.31,49.6,Spring
2001-11-14,264.0,23.8,790.0,2.8,17.3,21.0,14.4,13.7,15.7,18.5,19.84,49.8,Spring
2001-11-15,241.0,20.4,564.0,1.9,15.5,19.5,10.0,6.9,12.2,18.0,30.71,50.4,Spring
2001-11-16,259.0,10.5,296.0,0.1,14.1,20.5,6.9,3.6,12.5,18.5,26.87,49.6,Spring
2001-11-17,224.0,12.4,316.0,0.3,14.2,18.4,9.9,5.6,12.2,18.1,22.04,49.2,Spring
2001-11-18,191.0,8.0,192.0,0.0,12.8,20.2,5.4,2.5,10.2,18.2,24.58,47.9,Spring
2001-11-19,276.0,11.1,230.0,0.0,14.9,21.9,6.8,3.7,13.6,19.3,25.09,45.1,Spring
2001-11-20,76.0,7.2,180.0,0.0,16.7,23.1,9.5,6.8,16.1,20.1,18.78,42.2,Spring
2001-11-21,12.0,10.7,376.0,0.0,17.4,22.7,14.6,11.8,17.3,19.0,11.88,39.9,Spring
2001-11-22,332.0,17.0,414.0,5.1,18.8,22.7,14.5,11.8,19.4,19.6,10.64,40.7,Spring
2001-11-23,261.0,16.7,519.0,8.3,17.2,21.4,13.8,12.1,17.8,19.8,18.77,46.6,Spring
2001-11-24,229.0,14.2,477.0,0.0,16.6,20.7,12.1,8.7,14.4,20.1,30.3,47.7,Spring
2001-11-25,91.0,8.8,322.0,0.0,14.8,18.4,10.7,7.1,13.3,18.0,18.05,45.8,Spring
2001-11-26,17.0,11.6,342.0,0.0,18.3,21.8,16.0,14.0,13.4,19.5,20.3,41.9,Spring
2001-11-27,17.0,11.6,342.0,0.0,18.3,21.8,16.0,14.0,13.4,19.5,20.3,41.9,Spring
2001-11-28,50.0,10.0,304.0,0.9,16.3,19.2,13.6,13.6,14.9,18.1,12.96,38.2,Spring
2001-11-29,62.0,12.3,431.0,4.0,17.7,20.7,15.5,15.1,18.3,18.9,13.06,37.3,Spring
2001-11-30,91.0,13.2,508.0,8.4,18.2,19.4,17.3,17.4,20.1,19.1,4.88,38.9,Spring
2001-12-01,35.0,13.9,562.0,10.5,18.7,19.7,17.9,17.9,20.9,19.2,5.55,50.9,Summer
2001-12-02,41.0,10.6,440.0,11.0,18.4,19.7,17.9,17.8,19.9,19.0,4.21,52.8,Summer
2001-12-03,28.0,11.8,416.0,4.0,18.5,20.2,17.5,17.4,19.4,19.2,9.01,52.9,Summer
2001-12-04,5.0,12.1,389.0,0.0,19.5,22.9,17.2,15.2,18.2,20.4,25.47,51.0,Summer
2001-12-05,358.0,8.7,309.0,0.7,19.2,21.7,16.4,14.2,18.3,20.3,14.71,49.1,Summer
2001-12-06,355.0,14.2,511.0,0.3,20.0,23.5,18.0,16.0,17.7,20.9,28.57,47.6,Summer
2001-12-07,11.0,13.1,350.0,8.2,19.0,21.6,16.8,16.0,18.7,20.8,11.65,46.5,Summer
2001-12-08,286.0,15.4,305.0,16.8,18.3,20.1,14.8,13.2,19.4,19.7,3.7,50.1,Summer
2001-12-09,258.0,17.3,401.0,11.4,18.9,22.4,14.6,11.7,17.8,20.6,20.54,52.0,Summer
2001-12-10,285.0,15.6,506.0,0.9,17.2,21.4,14.1,11.5,15.5,19.8,22.48,51.3,Summer
2001-12-11,305.0,13.3,323.0,5.8,16.3,20.4,12.7,9.5,14.7,18.7,12.84,50.3,Summer
2001-12-12,226.0,11.5,326.0,0.6,18.0,23.8,13.8,11.8,16.5,19.4,18.15,51.3,Summer
2001-12-13,256.0,16.0,391.0,0.0,15.9,20.2,12.1,7.9,12.3,19.1,26.55,49.9,Summer
2001-12-14,180.0,7.3,181.0,0.0,15.4,20.1,8.4,5.5,12.3,18.6,17.86,48.4,Summer
2001-12-15,155.0,7.7,186.0,7.8,16.5,18.4,13.7,13.7,16.9,18.8,8.19,48.3,Summer
2001-12-16,40.0,11.0,345.0,20.5,19.5,22.9,17.8,17.8,20.1,20.5,18.28,51.3,Summer
2001-12-17,89.0,9.1,320.0,5.6,18.7,20.4,17.8,17.7,20.1,20.3,7.99,51.3,Summer
2001-12-18,175.0,8.4,189.0,9.1,19.4,23.2,16.4,16.6,19.4,20.9,16.95,51.3,Summer
2001-12-19,226.0,12.4,390.0,0.0,19.4,23.3,16.5,14.8,18.5,21.3,23.15,50.8,Summer
2001-12-20,245.0,10.3,375.0,0.0,19.1,23.9,15.3,13.6,17.5,21.4,25.32,49.2,Summer
2001-12-21,232.0,13.6,343.0,0.0,18.5,23.3,14.8,11.5,16.3,20.9,23.74,47.8,Summer
2001-12-22,175.0,11.7,378.0,0.0,18.0,22.0,13.2,9.7,15.3,20.4,24.27,45.8,Summer
2001-12-23,257.0,12.9,484.0,0.4,19.3,22.8,16.5,15.3,16.8,21.2,25.19,44.5,Summer
2001-12-24,283.0,13.8,404.0,14.6,18.5,23.5,15.4,13.0,18.6,20.9,19.29,47.9,Summer
2001-12-25,257.0,9.1,269.0,0.0,18.4,23.6,14.0,11.0,15.8,21.2,27.63,48.8,Summer
2001-12-26,2.0,7.0,164.0,0.0,18.6,24.5,11.7,9.5,17.2,21.7,20.15,47.5,Summer
2001-12-27,268.0,12.1,245.0,7.8,18.5,20.7,16.9,15.7,19.6,20.8,5.09,47.2,Summer
2001-12-28,254.0,18.0,679.0,1.8,18.0,21.5,15.0,13.0,15.0,19.9,26.04,48.9,Summer
2001-12-29,265.0,16.1,609.0,2.0,17.1,21.2,14.6,12.0,13.0,18.7,21.25,48.0,Summer
2001-12-30,272.0,21.3,550.0,6.7,17.2,20.8,13.9,11.1,14.7,18.6,20.24,49.0,Summer
2001-12-31,226.0,14.1,377.0,0.0,17.5,21.8,12.8,8.9,14.1,19.2,26.09,48.7,Summer
2002-01-01,67.0,6.6,159.0,0.1,19.0,25.5,12.5,10.8,15.9,21.5,27.1,46.7,Summer
2002-01-02,68.0,6.2,147.0,0.0,19.4,26.1,11.6,9.5,17.0,22.8,25.68,44.3,Summer
2002-01-03,8.0,9.1,175.0,0.0,19.2,25.2,13.2,11.3,18.0,23.1,23.01,41.5,Summer
2002-01-04,265.0,17.8,521.0,5.7,19.0,22.6,15.2,12.9,16.6,21.9,26.14,41.5,Summer
2002-01-05,279.0,17.8,667.0,2.2,18.0,21.3,15.1,12.7,13.9,20.1,26.46,39.5,Summer
2002-01-06,264.0,13.7,295.0,18.0,15.7,19.6,12.0,9.9,15.1,19.4,15.2,46.5,Summer
2002-01-07,224.0,10.3,263.0,0.0,15.4,21.3,9.6,7.4,12.3,18.7,22.91,49.3,Summer
2002-01-08,75.0,6.3,123.0,0.0,15.0,21.2,8.5,6.3,13.0,19.0,18.0,46.9,Summer
2002-01-09,6.0,10.6,276.0,5.5,17.0,22.7,12.9,12.3,17.2,19.3,10.04,45.7,Summer
2002-01-10,260.0,9.7,240.0,2.0,18.8,24.6,14.2,13.4,17.4,21.2,24.96,47.6,Summer
2002-01-11,32.0,13.0,274.0,7.4,16.6,20.8,11.9,11.0,17.0,19.8,13.99,47.1,Summer
2002-01-12,16.0,9.4,138.0,8.7,16.3,22.4,12.2,11.4,16.4,19.6,14.81,51.3,Summer
2002-01-13,268.0,10.5,355.0,0.0,18.3,23.7,11.9,10.8,16.8,20.5,28.38,51.1,Summer
2002-01-14,277.0,12.1,342.0,5.5,18.9,24.6,15.4,12.5,18.8,20.9,14.49,50.5,Summer
2002-01-15,271.0,17.8,540.0,3.2,18.9,22.7,15.2,12.3,17.3,20.3,18.95,50.6,Summer
2002-01-16,269.0,11.3,348.0,0.2,19.0,23.5,14.5,11.3,16.7,21.2,29.24,49.3,Summer
2002-01-17,12.0,9.7,218.0,0.0,18.5,24.2,12.8,10.6,16.4,21.8,25.17,47.3,Summer
2002-01-18,29.0,10.2,159.0,4.0,18.4,23.5,14.2,12.6,18.6,21.4,11.21,45.6,Summer
2002-01-19,211.0,15.8,469.0,14.1,18.3,21.8,15.0,12.7,15.8,20.6,23.42,51.4,Summer
2002-01-20,245.0,15.9,424.0,0.5,17.2,21.3,13.6,10.1,13.7,19.8,26.33,49.0,Summer
2002-01-21,187.0,10.5,279.0,0.0,17.8,22.5,12.4,9.4,12.9,21.2,30.7,46.7,Summer
2002-01-22,209.0,7.0,157.0,0.0,17.3,23.7,10.0,8.0,14.7,21.7,22.64,43.8,Summer
2002-01-23,55.0,8.9,207.0,0.0,17.4,24.4,9.6,8.1,15.5,22.2,28.23,40.7,Summer
2002-01-24,55.0,6.6,131.0,0.0,17.7,23.3,11.6,9.7,15.7,22.1,19.36,38.2,Summer
2002-01-25,82.0,6.6,171.0,0.0,19.1,23.9,14.5,12.0,16.7,22.9,21.98,36.0,Summer
2002-01-26,76.0,13.0,330.0,0.0,18.1,22.5,12.8,10.9,17.3,21.5,17.08,33.9,Summer
2002-01-27,48.0,12.2,462.0,9.2,19.3,20.9,18.0,16.8,18.7,20.5,9.13,37.2,Summer
2002-01-28,53.0,10.8,339.0,0.0,19.7,22.9,16.4,13.6,18.3,21.3,21.57,38.1,Summer
2002-01-29,77.0,13.3,407.0,0.0,19.5,23.3,16.2,12.9,17.4,21.5,21.12,34.7,Summer
2002-01-30,52.0,11.2,429.0,0.0,19.9,23.3,16.9,13.5,16.9,22.5,28.22,31.5,Summer
2002-01-31,80.0,9.4,283.0,0.0,19.7,23.7,15.5,13.2,16.1,23.5,28.15,28.5,Summer
2002-02-01,218.0,10.9,264.0,0.0,19.8,25.8,14.3,12.3,16.7,23.7,26.98,25.8,Summer
2002-02-02,53.0,8.2,217.0,0.0,18.0,23.5,13.3,11.3,15.8,22.7,17.29,23.6,Summer
2002-02-03,118.0,8.2,184.0,0.0,17.1,24.2,9.1,6.9,13.0,22.5,26.25,22.0,Summer
2002-02-04,264.0,9.6,262.0,0.0,18.0,24.3,11.5,9.4,15.3,22.6,21.85,20.3,Summer
2002-02-05,266.0,17.1,471.0,2.6,18.4,24.1,15.3,12.3,17.6,21.5,13.0,19.6,Summer
2002-02-06,215.0,15.1,499.0,0.0,17.8,21.9,12.8,10.2,12.0,19.9,27.21,19.3,Summer
2002-02-07,40.0,6.8,135.0,0.0,16.0,21.4,11.9,8.9,13.1,20.3,14.98,18.2,Summer
2002-02-08,62.0,10.3,282.0,6.3,16.5,21.3,10.8,8.6,16.2,20.2,14.97,18.4,Summer
2002-02-09,76.0,14.0,614.0,0.7,18.8,21.6,16.9,15.0,16.1,19.9,18.09,19.0,Summer
2002-02-10,31.0,14.9,594.0,0.1,19.7,20.9,18.1,16.5,18.7,19.8,7.48,18.4,Summer
2002-02-11,32.0,12.5,399.0,6.1,20.9,23.3,19.5,19.6,23.7,21.3,8.62,20.9,Summer
2002-02-12,197.0,7.7,201.0,34.9,20.2,21.2,18.3,18.1,22.8,21.4,3.01,32.7,Summer
2002-02-13,238.0,14.6,425.0,1.0,19.7,23.4,16.5,14.6,17.9,21.3,25.88,36.6,Summer
2002-02-14,121.0,7.8,224.0,0.0,18.1,22.1,15.2,13.0,13.2,21.7,26.7,31.9,Summer
2002-02-15,118.0,9.8,220.0,0.0,17.4,21.8,13.2,9.3,11.9,22.0,27.72,28.5,Summer
2002-02-16,65.0,8.3,195.0,0.0,17.2,22.6,11.4,9.7,12.7,22.5,26.63,25.6,Summer
2002-02-17,54.0,6.2,144.0,0.2,16.3,22.3,10.3,8.9,13.9,21.8,20.43,23.4,Summer
2002-02-18,236.0,6.5,168.0,0.0,16.7,24.2,9.6,7.4,14.2,21.8,21.86,21.9,Summer
2002-02-19,227.0,11.4,300.0,0.0,16.9,23.2,9.6,7.4,14.2,21.4,24.56,20.5,Summer
2002-02-20,154.0,7.1,224.0,0.0,18.5,23.3,14.4,11.8,17.1,21.6,13.37,19.1,Summer
2002-02-21,39.0,9.9,270.0,3.4,17.4,21.2,14.5,13.7,17.3,20.3,8.04,19.0,Summer
2002-02-22,66.0,12.3,364.0,0.3,18.6,22.0,17.2,15.3,17.7,19.3,6.98,19.7,Summer
2002-02-23,276.0,16.5,390.0,1.9,19.4,24.5,15.0,12.7,18.1,20.4,16.21,19.8,Summer
2002-02-24,266.0,13.0,391.0,0.0,18.4,22.8,14.6,12.1,16.2,20.4,23.41,19.2,Summer
2002-02-25,225.0,10.0,249.0,0.0,16.7,22.3,11.5,8.5,13.8,20.0,17.54,18.7,Summer
2002-02-26,69.0,7.5,236.0,0.0,16.1,22.7,8.9,6.7,13.8,20.5,25.85,18.3,Summer
2002-02-27,29.0,10.0,311.0,0.0,18.1,22.8,12.8,10.3,17.0,20.9,14.01,17.6,Summer
2002-02-28,8.0,9.8,293.0,0.0,17.8,24.4,12.1,9.7,16.1,21.5,23.14,16.9,Summer
2002-03-01,10.0,12.3,303.0,0.0,18.4,22.5,15.3,15.5,18.4,21.6,15.43,16.2,Autumn
2002-03-02,278.0,8.8,233.0,24.8,19.4,22.7,18.2,16.7,19.8,20.6,6.07,22.4,Autumn
2002-03-03,251.0,9.7,289.0,0.4,18.9,22.1,14.4,12.6,16.9,20.8,19.04,25.0,Autumn
2002-03-04,252.0,14.2,395.0,0.4,17.4,22.6,13.4,9.8,15.9,19.6,18.35,23.9,Autumn
2002-03-05,212.0,11.8,294.0,0.0,17.2,21.4,12.6,9.2,13.5,19.4,16.17,22.8,Autumn
2002-03-06,45.0,9.1,225.0,0.0,15.1,20.7,9.2,6.9,14.5,19.1,17.24,21.8,Autumn
2002-03-07,50.0,8.2,206.0,0.0,16.2,22.2,10.8,8.7,14.2,19.7,18.86,20.6,Autumn
2002-03-08,80.0,8.4,188.0,0.0,16.0,22.2,10.7,7.8,13.7,19.6,16.14,19.3,Autumn
2002-03-09,55.0,10.3,261.0,0.1,16.5,21.9,10.2,7.9,15.8,19.4,15.77,18.5,Autumn
2002-03-10,47.0,12.5,444.0,0.1,19.7,24.0,17.4,16.3,18.0,20.6,15.15,17.9,Autumn
2002-03-11,66.0,17.4,681.0,0.0,19.9,22.7,18.0,17.1,18.2,20.9,16.43,17.3,Autumn
2002-03-12,48.0,18.2,725.0,0.6,19.0,22.1,16.9,16.7,17.0,20.2,14.71,16.6,Autumn
2002-03-13,80.0,13.2,520.0,0.0,18.6,20.0,17.5,16.9,18.4,19.5,6.59,16.2,Autumn
2002-03-14,34.0,8.9,336.0,39.5,18.6,20.2,17.4,17.5,20.4,19.7,4.49,34.0,Autumn
2002-03-15,192.0,8.9,304.0,4.9,18.0,21.9,16.1,14.2,16.8,19.5,11.21,41.5,Autumn
2002-03-16,244.0,11.3,311.0,0.0,16.7,20.7,12.4,10.2,13.0,18.6,14.36,33.4,Autumn
2002-03-17,280.0,14.8,501.0,1.6,16.9,22.3,10.8,8.2,16.5,18.1,13.66,31.5,Autumn
2002-03-18,240.0,22.9,704.0,0.0,18.3,22.2,15.0,11.3,15.5,18.9,17.09,30.3,Autumn
2002-03-19,266.0,14.6,362.0,0.0,16.2,20.9,11.2,7.1,12.5,18.1,19.04,28.6,Autumn
2002-03-20,251.0,12.7,430.0,0.0,18.2,22.9,13.1,11.1,16.6,19.5,20.15,26.7,Autumn
2002-03-21,252.0,10.6,268.0,0.0,18.2,25.3,10.6,9.1,16.9,20.4,19.72,25.0,Autumn
2002-03-22,226.0,8.0,212.0,0.0,19.2,24.1,15.3,12.7,17.4,21.3,14.19,23.7,Autumn
2002-03-23,158.0,10.1,249.0,0.0,16.2,21.8,11.0,8.9,13.4,20.0,20.22,22.3,Autumn
2002-03-24,181.0,6.7,155.0,0.0,16.6,22.7,9.3,7.6,14.0,19.5,16.66,20.9,Autumn
2002-03-25,183.0,6.9,127.0,9.4,16.9,18.6,14.6,13.9,17.1,19.0,3.39,24.1,Autumn
2002-03-26,70.0,11.6,381.0,0.0,18.7,21.9,14.1,13.6,17.3,19.4,16.27,25.0,Autumn
2002-03-27,91.0,8.8,282.0,0.0,18.0,21.3,13.2,11.2,15.7,19.8,12.38,23.6,Autumn
2002-03-28,218.0,11.0,287.0,0.0,16.8,22.1,10.7,9.1,15.7,18.9,12.58,22.6,Autumn
2002-03-29,236.0,14.9,545.0,0.0,19.1,22.5,17.2,14.9,17.4,19.5,15.76,21.7,Autumn
2002-03-30,267.0,15.9,524.0,5.2,18.6,22.4,15.5,12.9,18.5,19.1,9.22,21.8,Autumn
2002-03-31,267.0,13.8,402.0,12.3,16.5,18.5,13.2,13.6,17.0,18.5,5.91,31.6,Autumn
2002-04-01,208.0,22.6,453.0,2.6,12.2,17.3,7.5,6.2,10.6,15.6,15.28,33.5,Autumn
2002-04-02,180.0,11.8,281.0,0.6,11.4,17.3,6.2,3.8,9.1,14.6,18.32,32.3,Autumn
2002-04-03,251.0,13.6,314.0,1.0,10.9,18.4,3.5,1.6,9.8,13.5,13.22,31.3,Autumn
2002-04-04,226.0,10.7,262.0,0.0,13.0,20.3,6.2,4.2,12.0,14.5,13.59,30.5,Autumn
2002-04-05,270.0,9.8,287.0,0.0,14.7,20.1,8.6,6.4,13.3,15.9,12.34,29.6,Autumn
2002-04-06,242.0,22.3,655.0,5.2,15.4,18.8,13.2,11.3,14.3,15.9,9.5,31.1,Autumn
2002-04-07,240.0,17.4,589.0,0.9,15.5,19.6,13.0,10.4,13.6,15.6,14.71,33.2,Autumn
2002-04-08,222.0,11.0,193.0,0.9,13.4,19.0,8.6,7.3,13.0,15.7,10.85,32.7,Autumn
2002-04-09,95.0,9.0,191.0,0.0,12.9,19.1,6.9,5.6,12.4,14.9,12.19,32.4,Autumn
2002-04-10,45.0,7.3,155.0,0.0,12.9,19.1,6.8,5.4,11.7,15.1,16.94,31.9,Autumn
2002-04-11,99.0,7.5,158.0,0.0,13.6,19.6,8.6,6.6,12.6,15.4,13.86,31.4,Autumn
2002-04-12,86.0,6.9,179.0,0.0,14.2,19.8,7.7,7.0,13.6,15.9,12.06,30.7,Autumn
2002-04-13,77.0,8.0,210.0,0.0,15.3,19.7,10.9,8.5,13.8,16.5,11.41,30.0,Autumn
2002-04-14,46.0,6.6,142.0,0.0,14.8,20.0,11.2,9.1,14.5,16.8,10.26,29.3,Autumn
2002-04-15,184.0,8.5,198.0,0.0,14.9,20.7,10.3,9.4,13.0,16.7,12.28,28.8,Autumn
2002-04-16,118.0,6.7,165.0,0.0,12.9,19.0,7.1,5.8,12.7,15.5,10.81,28.3,Autumn
2002-04-17,73.0,5.5,129.0,0.0,14.2,20.3,9.4,7.5,13.7,16.4,12.43,27.6,Autumn
2002-04-18,77.0,4.5,101.0,0.0,12.6,20.3,6.6,5.7,12.4,15.1,8.85,27.3,Autumn
2002-04-19,174.0,9.0,157.0,0.0,12.6,20.1,6.1,5.7,11.6,15.2,11.97,26.7,Autumn
2002-04-20,71.0,9.2,230.0,0.0,13.7,19.4,8.5,6.7,13.1,15.6,11.29,26.0,Autumn
2002-04-21,43.0,7.4,173.0,0.0,13.1,19.3,7.7,5.6,12.6,15.1,10.38,25.5,Autumn
2002-04-22,70.0,8.2,260.0,0.0,14.8,20.7,7.0,6.3,14.7,15.7,11.15,25.2,Autumn
2002-04-23,58.0,17.5,627.0,0.2,17.8,19.5,15.9,15.2,15.5,16.6,6.44,25.0,Autumn
2002-04-24,29.0,15.5,596.0,0.1,18.2,19.3,16.6,15.7,17.0,16.9,4.01,24.6,Autumn
2002-04-25,63.0,15.6,575.0,20.7,18.3,19.5,17.2,16.9,19.5,17.5,2.04,28.0,Autumn
2002-04-26,87.0,11.1,297.0,14.2,18.7,20.5,17.2,15.2,20.2,18.4,6.05,45.0,Autumn
2002-04-27,17.0,6.8,178.0,1.6,19.0,22.7,16.8,16.0,19.7,19.1,10.24,40.6,Autumn
2002-04-28,267.0,13.4,321.0,0.5,17.1,21.0,13.0,11.9,17.8,18.8,9.03,39.1,Autumn
2002-04-29,265.0,23.1,608.0,4.5,14.6,18.4,10.7,10.0,13.9,16.0,11.08,42.7,Autumn
2002-04-30,265.0,6.8,117.0,3.4,10.9,16.3,6.5,6.9,11.9,14.3,6.33,43.5,Autumn
2002-05-01,255.0,14.0,350.0,0.0,11.5,18.7,4.4,5.1,11.7,13.4,11.95,42.4,Autumn
2002-05-02,203.0,14.3,416.0,0.0,13.9,17.7,10.3,7.6,11.5,13.8,9.11,40.5,Autumn
2002-05-03,229.0,17.9,594.0,0.6,15.1,18.1,12.4,10.1,13.5,14.3,9.27,40.1,Autumn
2002-05-04,239.0,16.5,666.0,0.2,16.0,17.8,14.8,13.1,15.4,15.3,5.78,39.9,Autumn
2002-05-05,234.0,18.2,500.0,0.0,16.3,19.1,13.6,12.2,13.6,15.5,7.5,39.8,Autumn
2002-05-06,272.0,6.4,141.0,0.0,13.9,16.6,11.4,10.7,12.7,15.3,4.59,39.4,Autumn
2002-05-07,222.0,13.8,442.0,0.0,15.1,20.0,11.4,9.7,13.8,15.4,12.18,39.2,Autumn
2002-05-08,242.0,13.2,397.0,0.4,15.7,18.8,12.1,10.7,13.7,15.6,9.0,38.9,Autumn
2002-05-09,229.0,10.4,252.0,0.0,13.9,17.2,8.9,8.4,12.8,15.1,5.78,38.5,Autumn
2002-05-10,262.0,6.3,181.0,0.0,14.5,18.4,9.9,10.8,14.8,15.4,6.57,38.1,Autumn
2002-05-11,81.0,5.4,136.0,0.0,14.5,19.0,10.9,10.3,13.3,16.1,7.72,37.9,Autumn
2002-05-12,76.0,7.3,208.0,1.4,15.1,16.0,11.2,11.5,16.2,15.6,2.22,37.4,Autumn
2002-05-13,91.0,14.0,510.0,7.2,15.9,16.6,15.1,14.7,15.9,15.8,1.67,40.3,Autumn
2002-05-14,92.0,13.3,381.0,0.0,15.2,16.3,13.5,12.4,13.0,15.0,2.95,41.8,Autumn
2002-05-15,176.0,8.1,143.0,0.0,13.1,18.3,8.2,4.6,11.6,14.5,8.24,41.1,Autumn
2002-05-16,51.0,4.9,144.0,0.0,11.4,17.0,7.0,3.4,12.2,13.3,5.72,40.8,Autumn
2002-05-17,54.0,13.2,430.0,3.1,13.7,16.0,8.0,4.3,14.1,14.0,4.07,40.5,Autumn
2002-05-18,66.0,13.6,572.0,4.1,15.3,17.6,13.0,12.7,13.0,14.4,5.94,41.0,Autumn
2002-05-19,43.0,15.8,454.0,30.2,14.7,15.9,13.6,13.2,14.9,14.4,1.9,50.0,Autumn
2002-05-20,85.0,9.1,252.0,3.3,15.2,18.5,10.7,7.2,16.0,15.1,7.41,49.3,Autumn
2002-05-21,347.0,15.1,387.0,13.2,15.8,18.5,11.1,6.6,16.1,15.4,1.49,49.9,Autumn
2002-05-22,268.0,16.3,382.0,4.3,14.7,19.2,10.7,7.2,15.0,14.6,6.94,50.2,Autumn
2002-05-23,281.0,21.6,650.0,3.2,15.8,19.9,13.3,10.2,14.8,14.7,7.71,47.5,Autumn
2002-05-24,218.0,22.4,721.0,4.7,12.2,15.1,9.3,5.3,10.9,13.0,8.13,50.6,Autumn
2002-05-25,248.0,18.5,612.0,3.0,12.9,16.0,10.0,6.4,11.3,12.1,7.87,48.6,Autumn
2002-05-26,249.0,18.1,733.0,4.8,13.1,15.9,11.4,9.6,11.9,12.4,6.54,49.7,Autumn
2002-05-27,260.0,21.5,807.0,14.8,13.2,16.9,10.8,9.0,11.7,12.2,8.23,51.2,Autumn
2002-05-28,239.0,33.0,816.0,21.1,11.9,15.8,9.0,6.9,11.1,11.6,5.22,51.7,Autumn
2002-05-29,237.0,21.3,679.0,6.1,11.6,14.0,10.2,6.2,10.2,10.9,7.37,52.0,Autumn
2002-05-30,264.0,14.1,368.0,0.6,11.5,15.7,7.4,2.8,10.8,11.1,9.1,49.9,Autumn
2002-05-31,237.0,6.3,186.0,0.0,10.1,15.5,6.6,2.8,10.6,10.8,6.21,46.9,Autumn
2002-06-01,31.0,8.2,262.0,26.8,12.5,15.7,9.2,8.2,12.9,12.0,3.49,47.1,Winter
2002-06-02,219.0,17.9,448.0,8.7,11.9,15.2,9.5,6.7,11.9,12.0,7.47,52.1,Winter
2002-06-03,237.0,20.2,659.0,2.9,13.7,15.2,12.3,9.8,12.9,12.3,4.89,51.7,Winter
2002-06-04,241.0,17.2,508.0,4.7,13.5,16.1,10.7,7.5,13.3,12.8,5.27,51.6,Winter
2002-06-05,247.0,17.2,521.0,0.9,13.1,15.1,11.0,7.2,13.0,12.5,4.82,51.0,Winter
2002-06-06,227.0,19.4,681.0,0.9,13.3,15.4,10.6,7.3,11.4,12.4,6.69,49.1,Winter
2002-06-07,232.0,14.9,390.0,1.3,12.0,14.3,9.9,6.6,11.3,11.6,5.98,49.3,Winter
2002-06-08,251.0,14.5,505.0,0.0,13.8,16.6,11.7,8.2,13.4,12.5,4.62,47.6,Winter
2002-06-09,292.0,10.6,252.0,0.0,14.4,17.3,11.5,9.3,13.9,13.4,6.46,46.7,Winter
2002-06-10,263.0,26.9,721.0,8.4,14.7,17.0,12.1,10.4,14.4,13.8,3.91,50.2,Winter
2002-06-11,272.0,19.3,777.0,3.1,15.3,18.1,13.5,11.0,14.7,13.7,5.58,51.9,Winter
2002-06-12,254.0,15.4,556.0,0.0,15.2,18.1,12.6,9.8,14.7,14.4,6.96,50.7,Winter
2002-06-13,283.0,10.0,280.0,3.4,14.4,18.9,11.5,9.3,14.6,14.2,6.28,49.3,Winter
2002-06-14,288.0,18.9,537.0,7.2,15.6,17.2,13.0,11.3,15.0,14.1,2.63,50.3,Winter
2002-06-15,254.0,21.0,717.0,1.9,14.6,17.5,12.6,10.5,13.5,13.6,6.86,50.5,Winter
2002-06-16,256.0,13.9,303.0,3.7,11.5,15.1,4.5,2.9,11.2,12.5,6.64,50.7,Winter
2002-06-17,312.0,15.8,271.0,1.8,11.8,16.9,3.9,3.0,12.8,11.4,4.39,50.6,Winter
2002-06-18,281.0,14.8,431.0,11.1,16.1,17.8,13.7,13.7,16.9,14.7,2.06,50.5,Winter
2002-06-19,107.0,13.0,180.0,34.1,13.0,14.0,11.7,11.3,14.5,13.9,0.87,50.4,Winter
2002-06-20,84.0,26.5,877.0,126.4,14.1,17.3,11.9,11.6,15.6,13.7,0.2,50.5,Winter
2002-06-21,247.0,28.2,825.0,5.6,13.9,17.0,12.3,9.4,13.4,13.8,2.76,50.6,Winter
2002-06-22,263.0,14.1,412.0,1.1,13.1,16.3,10.9,7.0,12.4,12.5,6.37,50.6,Winter
2002-06-23,229.0,18.0,360.0,3.8,12.6,16.1,9.6,7.9,13.2,12.3,5.35,50.6,Winter
2002-06-24,236.0,17.4,405.0,4.9,11.4,14.4,8.7,4.2,10.3,11.0,7.27,50.9,Winter
2002-06-25,244.0,12.7,305.0,0.3,11.4,16.0,6.2,2.8,11.4,10.8,8.19,50.8,Winter
2002-06-26,260.0,9.1,266.0,0.1,10.2,16.4,5.5,2.2,11.4,10.3,7.43,50.3,Winter
2002-06-27,355.0,11.2,212.0,0.2,10.8,16.7,5.2,3.3,11.5,10.5,6.63,49.0,Winter
2002-06-28,79.0,16.4,435.0,18.5,14.8,16.2,13.5,11.6,15.4,12.9,2.07,48.7,Winter
2002-06-29,271.0,12.3,364.0,8.9,14.5,17.2,10.6,7.6,16.0,14.5,4.85,49.8,Winter
2002-06-30,3.0,10.1,223.0,0.6,12.6,15.6,8.5,7.0,13.1,12.4,3.47,49.8,Winter
2002-07-01,284.0,17.8,391.0,10.7,10.7,13.5,8.6,4.7,11.6,11.3,5.03,49.9,Winter
2002-07-02,249.0,18.5,582.0,3.1,10.5,13.1,8.4,4.7,10.3,10.4,7.01,50.2,Winter
2002-07-03,211.0,25.7,522.0,6.6,10.8,14.3,8.3,5.2,10.7,10.2,6.79,50.3,Winter
2002-07-04,257.0,11.9,274.0,0.2,11.0,14.7,6.3,2.9,11.6,9.7,2.86,50.3,Winter
2002-07-05,275.0,23.4,751.0,7.5,12.7,16.1,9.5,8.0,12.1,11.4,7.81,50.3,Winter
2002-07-06,273.0,18.7,710.0,8.5,13.2,16.5,9.6,8.0,12.9,11.6,7.68,50.2,Winter
2002-07-07,286.0,26.8,746.0,6.4,13.4,16.2,10.8,8.4,12.6,12.1,6.71,50.2,Winter
2002-07-08,270.0,23.5,816.0,11.5,10.9,12.8,9.1,8.1,10.7,10.6,4.22,50.1,Winter
2002-07-09,232.0,18.3,693.0,2.6,12.7,15.6,10.7,8.4,11.9,11.1,7.79,50.2,Winter
2002-07-10,267.0,11.7,382.0,1.6,12.3,15.8,10.1,6.3,12.9,11.6,6.53,50.2,Winter
2002-07-11,48.0,15.3,352.0,16.0,11.5,14.8,5.7,4.7,12.9,11.4,4.05,50.2,Winter
2002-07-12,34.0,18.8,357.0,80.0,12.5,15.1,9.9,10.2,13.2,13.0,7.31,49.9,Winter
2002-07-13,173.0,15.8,417.0,2.7,10.8,14.2,7.1,3.1,9.0,11.0,8.51,50.0,Winter
2002-07-14,216.0,8.4,284.0,0.0,8.3,12.7,4.8,0.6,7.9,8.6,9.82,50.3,Winter
2002-07-15,228.0,13.9,298.0,0.4,8.6,13.7,4.0,0.0,9.0,8.7,9.04,50.2,Winter
2002-07-16,276.0,5.6,138.0,0.1,7.6,15.1,2.5,0.0,9.1,8.3,9.8,49.5,Winter
2002-07-17,250.0,14.4,225.0,0.4,6.8,13.7,1.5,-0.3,9.1,8.2,7.74,48.8,Winter
2002-07-18,94.0,4.8,143.0,0.0,6.2,13.0,1.1,-0.4,8.5,7.5,8.33,48.1,Winter
2002-07-19,226.0,6.6,185.0,0.1,7.1,13.7,0.3,-1.4,9.1,7.4,7.15,47.8,Winter
2002-07-20,218.0,14.1,364.0,0.4,11.1,15.7,7.5,3.4,12.2,9.5,5.3,47.8,Winter
2002-07-21,270.0,7.5,215.0,0.3,11.0,15.0,6.6,4.6,11.8,10.3,6.04,47.4,Winter
2002-07-22,74.0,17.4,392.0,14.2,12.4,15.8,6.6,5.0,13.8,11.1,3.46,47.7,Winter
2002-07-23,69.0,17.2,385.0,41.9,13.3,14.3,12.5,11.3,14.8,12.7,1.68,51.3,Winter
2002-07-24,255.0,11.9,402.0,0.0,12.5,14.4,10.1,7.5,13.0,12.1,5.95,51.6,Winter
2002-07-25,235.0,10.7,285.0,0.3,10.7,15.3,5.7,3.5,10.4,11.3,10.38,51.4,Winter
2002-07-26,75.0,17.1,481.0,2.8,11.3,15.9,5.7,4.1,11.4,10.8,7.57,50.7,Winter
2002-07-27,88.0,19.3,539.0,0.0,11.7,13.2,9.6,7.9,9.5,11.1,7.79,50.8,Winter
2002-07-28,173.0,10.6,412.0,0.0,10.0,13.7,7.5,5.5,8.2,9.6,8.9,49.4,Winter
2002-07-29,168.0,10.7,346.0,0.0,10.1,14.3,6.8,2.9,8.4,9.7,11.48,48.3,Winter
2002-07-30,190.0,12.8,305.0,0.0,10.2,14.0,5.1,1.5,9.7,9.3,8.92,47.8,Winter
2002-07-31,87.0,5.4,134.0,0.1,8.7,15.0,3.3,0.3,9.3,9.7,11.66,47.3,Winter
2002-08-01,71.0,5.7,130.0,0.1,8.7,15.3,3.5,1.3,10.4,10.0,11.01,47.1,Winter
2002-08-02,47.0,7.3,133.0,0.2,8.9,13.6,4.2,2.6,10.3,10.2,6.73,46.7,Winter
2002-08-03,352.0,10.8,259.0,1.3,10.6,14.2,5.6,2.5,12.2,10.8,6.43,46.6,Winter
2002-08-04,4.0,10.3,276.0,1.0,13.6,18.2,7.5,6.4,14.4,13.3,5.46,46.5,Winter
2002-08-05,71.0,17.7,395.0,6.1,13.0,14.3,9.1,9.8,14.8,12.6,1.08,49.0,Winter
2002-08-06,54.0,19.4,370.0,1.8,13.1,14.8,11.1,9.6,13.2,13.1,5.01,51.0,Winter
2002-08-07,245.0,11.6,325.0,0.3,11.9,15.6,7.5,5.5,12.2,12.4,6.79,51.2,Winter
2002-08-08,277.0,21.1,706.0,10.9,11.6,15.6,8.3,7.0,11.6,11.6,7.5,51.1,Winter
2002-08-09,223.0,21.6,600.0,9.2,8.6,11.7,6.5,4.8,9.1,9.5,6.64,51.6,Winter
2002-08-10,220.0,14.1,349.0,4.8,9.6,13.6,5.1,1.9,9.8,9.4,9.4,52.1,Winter
2002-08-11,230.0,17.5,577.0,1.2,12.4,15.4,10.2,6.7,12.1,11.3,10.18,52.0,Winter
2002-08-12,275.0,16.2,631.0,0.3,13.5,15.7,12.0,9.9,12.9,12.1,6.59,51.8,Winter
2002-08-13,283.0,10.8,303.0,0.6,13.4,16.1,10.6,7.9,13.1,13.1,5.8,51.1,Winter
2002-08-14,7.0,16.2,344.0,15.0,11.9,14.5,6.8,4.6,12.5,12.2,3.38,51.2,Winter
2002-08-15,269.0,19.2,385.0,2.5,10.6,16.5,6.4,3.9,11.1,11.1,10.34,51.9,Winter
2002-08-16,290.0,11.4,216.0,6.8,9.4,16.0,3.9,1.7,10.2,10.7,10.8,51.7,Winter
2002-08-17,233.0,18.4,432.0,2.6,9.6,14.5,4.6,2.4,10.5,10.3,10.04,51.9,Winter
2002-08-18,241.0,21.5,699.0,10.0,9.9,13.0,6.5,5.3,9.5,10.1,11.17,51.7,Winter
2002-08-19,241.0,21.3,498.0,0.8,10.1,13.8,5.9,1.4,8.3,9.5,10.74,51.8,Winter
2002-08-20,239.0,18.0,383.0,0.5,10.8,14.7,7.7,3.0,10.5,10.4,9.64,51.8,Winter
2002-08-21,278.0,12.5,333.0,1.3,10.4,15.6,5.7,1.9,11.1,10.3,10.67,51.8,Winter
2002-08-22,220.0,10.6,271.0,1.4,10.5,15.2,5.3,2.0,10.7,10.8,11.76,51.7,Winter
2002-08-23,54.0,5.7,135.0,0.0,8.8,15.0,3.4,0.7,10.1,10.0,7.8,51.2,Winter
2002-08-24,298.0,13.4,369.0,1.1,11.6,15.4,5.9,3.5,12.0,10.8,5.96,52.4,Winter
2002-08-25,262.0,26.9,777.0,6.4,11.1,13.2,8.7,7.1,10.4,11.2,11.74,51.1,Winter
2002-08-26,234.0,19.3,598.0,2.6,9.8,12.9,5.6,1.6,9.2,10.3,12.34,51.0,Winter
2002-08-27,212.0,13.7,317.0,2.2,8.7,13.5,4.1,0.1,7.9,9.4,15.55,51.1,Winter
2002-08-28,174.0,9.7,276.0,0.0,8.4,14.6,3.6,-0.1,7.4,9.4,14.99,51.1,Winter
2002-08-29,246.0,9.3,248.0,0.0,8.0,15.2,1.2,-1.2,8.4,9.4,14.43,51.1,Winter
2002-08-30,236.0,8.2,211.0,0.0,8.8,15.1,3.7,0.5,9.5,10.1,9.18,52.0,Winter
2002-08-31,260.0,8.9,232.0,0.0,9.1,15.0,3.9,0.7,9.3,10.4,11.88,51.2,Winter
2002-09-01,306.0,6.8,188.0,0.0,8.1,16.2,1.6,-1.0,8.7,10.6,17.92,49.1,Spring
2002-09-02,6.0,9.7,292.0,0.0,10.6,17.0,2.6,0.0,10.1,11.1,16.17,47.8,Spring
2002-09-03,6.0,15.2,397.0,15.2,12.7,14.5,10.2,7.8,13.2,12.1,3.29,49.6,Spring
2002-09-04,268.0,13.2,377.0,1.0,12.5,16.3,9.9,7.2,13.1,12.1,6.64,51.6,Spring
2002-09-05,270.0,14.9,468.0,0.0,13.7,16.7,11.8,10.2,14.2,13.1,6.11,51.5,Spring
2002-09-06,281.0,11.3,330.0,0.9,13.5,18.1,7.6,5.4,13.1,14.2,13.19,51.3,Spring
2002-09-07,261.0,8.1,155.0,0.1,11.3,18.5,3.6,1.4,11.3,13.4,17.5,50.4,Spring
2002-09-08,274.0,13.5,420.0,0.3,14.6,19.4,8.2,6.5,14.2,14.7,16.11,49.6,Spring
2002-09-09,266.0,10.4,366.0,9.2,14.6,18.8,11.4,9.0,14.7,15.2,13.39,50.1,Spring
2002-09-10,269.0,8.4,240.0,0.9,14.7,20.7,10.5,7.7,14.3,15.5,14.68,50.8,Spring
2002-09-11,126.0,14.3,248.0,16.1,12.8,18.5,8.2,5.9,13.6,14.2,10.08,50.5,Spring
2002-09-12,196.0,11.6,324.0,8.2,10.2,13.5,6.7,5.0,11.2,13.2,8.68,51.0,Spring
2002-09-13,253.0,18.7,575.0,2.7,11.2,14.5,7.5,5.7,10.4,11.7,14.38,51.3,Spring
2002-09-14,200.0,16.6,334.0,0.9,10.2,14.9,3.2,0.2,8.2,12.2,19.1,51.4,Spring
2002-09-15,242.0,11.4,291.0,0.1,9.2,14.9,2.4,-0.2,9.5,11.4,11.76,51.4,Spring
2002-09-16,208.0,12.2,333.0,0.0,12.3,15.7,9.7,6.1,11.3,12.6,10.31,50.2,Spring
2002-09-17,240.0,8.6,247.0,0.0,12.1,15.3,7.8,5.5,11.2,12.8,6.56,49.6,Spring
2002-09-18,5.0,14.9,324.0,0.0,13.1,16.5,9.9,8.3,10.8,13.4,10.97,49.0,Spring
2002-09-19,351.0,18.4,555.0,26.0,14.8,18.0,12.6,9.9,13.8,14.3,9.85,50.8,Spring
2002-09-20,269.0,27.1,839.0,9.9,11.0,14.7,7.5,5.9,10.0,12.6,14.73,51.9,Spring
2002-09-21,239.0,18.6,595.0,0.4,10.7,14.8,6.7,2.2,8.9,11.5,18.36,52.2,Spring
2002-09-22,276.0,14.7,418.0,0.3,10.7,16.1,5.8,2.2,10.3,12.2,15.39,52.1,Spring
2002-09-23,258.0,11.3,393.0,0.0,13.1,18.1,7.7,3.8,11.8,13.7,17.16,50.9,Spring
2002-09-24,261.0,12.7,472.0,0.1,13.0,18.3,8.2,4.0,12.8,14.1,17.94,49.6,Spring
2002-09-25,215.0,19.3,554.0,2.5,11.4,14.8,5.5,0.7,9.9,13.2,16.43,49.0,Spring
2002-09-26,272.0,14.8,395.0,2.0,9.5,16.5,0.5,-1.3,8.4,12.1,18.49,48.7,Spring
2002-09-27,250.0,14.5,572.0,6.3,14.2,18.5,11.4,9.0,12.9,14.7,20.83,51.0,Spring
2002-09-28,233.0,12.4,420.0,2.2,14.1,18.2,10.9,8.4,11.8,14.8,17.78,50.1,Spring
2002-09-29,263.0,23.5,814.0,3.2,16.2,20.6,11.2,11.0,15.5,15.7,13.12,51.0,Spring
2002-09-30,287.0,22.3,739.0,0.0,12.8,15.2,9.7,8.0,11.8,14.4,4.69,51.6,Spring
2002-10-01,228.0,10.8,300.0,0.0,12.1,15.0,9.7,8.3,10.7,13.8,8.06,51.6,Spring
2002-10-02,229.0,18.4,485.0,0.1,13.1,16.0,11.0,8.3,11.4,14.1,19.4,50.8,Spring
2002-10-03,255.0,21.7,720.0,4.7,13.7,16.7,10.7,8.5,12.3,14.0,15.18,49.8,Spring
2002-10-04,250.0,13.9,438.0,0.1,11.5,15.1,4.2,-0.5,8.6,13.1,19.34,50.7,Spring
2002-10-05,269.0,14.4,342.0,0.0,9.4,15.5,2.1,-2.2,8.5,12.4,20.56,49.4,Spring
2002-10-06,224.0,8.9,267.0,0.1,12.4,16.8,9.1,4.3,9.1,14.0,19.01,49.0,Spring
2002-10-07,92.0,10.1,246.0,0.0,10.2,15.2,5.3,0.5,7.2,13.8,24.37,48.6,Spring
2002-10-08,91.0,8.6,175.0,0.0,9.7,16.0,3.9,-0.8,8.0,14.4,25.15,48.3,Spring
2002-10-09,72.0,7.1,158.0,0.0,10.5,16.8,3.8,-0.1,9.1,14.9,22.26,47.6,Spring
2002-10-10,224.0,12.1,246.0,0.0,10.5,17.7,3.8,-0.8,9.3,14.8,25.0,46.9,Spring
2002-10-11,255.0,10.2,283.0,0.0,10.6,17.6,3.1,-1.4,9.7,14.7,22.39,45.9,Spring
2002-10-12,312.0,15.0,393.0,4.0,12.9,19.2,6.7,2.9,11.8,14.8,15.47,44.5,Spring
2002-10-13,216.0,18.2,428.0,0.8,11.3,14.9,7.7,3.3,9.4,13.9,19.89,43.8,Spring
2002-10-14,248.0,14.9,328.0,3.1,10.3,15.4,7.1,2.0,9.3,13.2,21.14,43.1,Spring
2002-10-15,58.0,8.3,204.0,0.0,9.8,16.5,2.0,-2.0,8.7,13.9,25.64,42.1,Spring
2002-10-16,295.0,12.7,338.0,10.4,13.6,18.5,6.8,2.6,14.1,14.0,5.82,42.5,Spring
2002-10-17,257.0,15.5,577.0,0.1,14.5,17.9,11.9,8.2,13.1,14.7,15.62,45.5,Spring
2002-10-18,284.0,20.0,501.0,10.6,15.6,21.8,11.2,7.8,13.9,16.0,22.57,46.4,Spring
2002-10-19,251.0,16.9,454.0,0.8,13.2,17.0,9.0,4.4,11.4,15.4,21.55,51.0,Spring
2002-10-20,269.0,19.5,620.0,0.2,13.4,17.8,7.6,3.0,12.9,14.5,14.8,48.9,Spring
2002-10-21,260.0,15.1,483.0,0.1,14.3,18.8,10.0,5.1,12.8,16.0,24.33,48.1,Spring
2002-10-22,247.0,17.4,477.0,0.6,13.5,17.3,8.9,3.1,11.4,15.7,21.8,47.6,Spring
2002-10-23,254.0,9.6,247.0,0.0,11.7,17.0,5.8,0.6,9.7,15.0,18.05,46.6,Spring
2002-10-24,49.0,10.2,292.0,0.1,12.5,18.7,3.4,-1.3,12.2,15.5,22.63,45.3,Spring
2002-10-25,275.0,22.9,651.0,8.0,15.8,18.6,12.4,10.2,14.6,16.3,12.59,47.3,Spring
2002-10-26,254.0,18.3,639.0,0.4,14.2,17.8,11.0,8.7,12.4,15.2,19.5,48.1,Spring
2002-10-27,275.0,17.4,703.0,14.8,15.5,19.5,13.1,12.5,15.1,15.8,10.99,48.1,Spring
2002-10-28,267.0,18.5,566.0,5.2,12.1,15.7,8.0,4.9,10.8,14.7,20.49,52.2,Spring
2002-10-29,262.0,15.8,451.0,1.0,11.3,16.1,7.1,1.7,9.8,14.0,23.29,52.0,Spring
2002-10-30,262.0,12.1,306.0,4.0,11.8,18.1,6.9,2.3,11.6,14.6,18.57,51.7,Spring
2002-10-31,259.0,13.0,367.0,0.0,12.0,17.5,6.3,1.4,10.6,14.7,22.56,51.4,Spring
2002-11-01,272.0,17.8,633.0,0.6,14.7,19.1,9.0,4.6,12.7,15.4,17.4,50.3,Spring
2002-11-02,226.0,21.7,518.0,17.6,14.5,18.4,11.0,6.8,13.6,16.4,23.92,51.6,Spring
2002-11-03,243.0,12.4,384.0,0.0,13.2,17.6,7.7,3.2,10.5,16.0,24.77,51.6,Spring
2002-11-04,261.0,16.2,578.0,0.0,13.8,17.2,11.0,7.1,10.6,15.5,20.92,50.7,Spring
2002-11-05,284.0,17.9,499.0,10.8,15.0,19.2,13.1,11.5,14.2,15.7,9.23,50.3,Spring
2002-11-06,273.0,21.9,676.0,3.6,14.5,18.1,12.1,8.3,12.9,15.9,24.41,51.7,Spring
2002-11-07,249.0,16.6,607.0,4.7,13.9,17.5,10.0,5.8,12.8,15.9,22.21,51.9,Spring
2002-11-08,254.0,14.3,426.0,0.4,13.1,17.1,8.2,3.6,11.4,15.4,20.78,51.7,Spring
2002-11-09,273.0,17.5,702.0,0.0,14.8,17.4,12.8,10.2,12.1,15.5,16.85,51.1,Spring
2002-11-10,259.0,19.4,790.0,3.1,16.3,18.8,14.7,12.6,14.6,16.8,21.42,50.8,Spring
2002-11-11,257.0,21.2,881.0,0.2,14.9,17.6,11.0,7.6,11.3,16.5,22.65,50.3,Spring
2002-11-12,235.0,21.1,607.0,2.4,11.8,15.5,7.3,2.7,9.3,15.0,26.63,49.7,Spring
2002-11-13,231.0,10.6,215.0,0.0,10.7,17.4,4.3,0.7,8.8,14.8,19.95,49.8,Spring
2002-11-14,259.0,12.1,332.0,0.0,12.3,17.9,5.2,2.3,10.4,15.8,25.56,48.9,Spring
2002-11-15,251.0,12.6,367.0,0.0,13.9,16.8,9.7,5.4,11.7,16.2,14.49,47.5,Spring
2002-11-16,275.0,16.1,455.0,0.0,14.0,18.3,8.0,4.1,13.1,15.9,15.22,46.1,Spring
2002-11-17,266.0,19.6,633.0,1.8,11.5,15.5,8.0,3.7,10.1,15.3,23.4,44.5,Spring
2002-11-18,252.0,12.2,320.0,0.4,10.8,15.9,7.1,2.8,9.3,15.0,21.24,42.6,Spring
2002-11-19,184.0,16.8,452.0,1.5,11.7,17.3,4.1,-0.2,9.5,15.4,26.78,40.5,Spring
2002-11-20,175.0,17.8,456.0,0.0,13.8,18.3,7.5,4.1,10.8,15.8,23.73,38.7,Spring
2002-11-21,242.0,14.9,523.0,0.0,14.9,18.1,12.0,8.2,12.6,17.1,27.34,36.7,Spring
2002-11-22,236.0,13.2,425.0,0.4,15.4,18.8,11.9,8.2,15.2,17.2,14.58,34.7,Spring
2002-11-23,58.0,9.1,225.0,1.2,13.6,18.1,7.4,5.0,13.9,16.8,16.73,33.6,Spring
2002-11-24,75.0,14.7,401.0,2.1,14.8,18.2,12.1,9.5,14.1,17.3,17.84,32.8,Spring
2002-11-25,89.0,11.7,297.0,0.0,15.8,20.5,11.4,7.8,13.4,18.5,25.95,31.9,Spring
2002-11-26,74.0,7.4,176.0,0.0,15.1,21.2,8.1,6.0,13.4,19.2,23.81,30.2,Spring
2002-11-27,236.0,8.2,160.0,1.8,14.3,20.2,9.3,6.0,13.1,18.0,11.75,28.5,Spring
2002-11-28,222.0,8.1,211.0,0.0,16.4,22.5,12.1,11.8,15.1,18.9,18.68,27.9,Spring
2002-11-29,44.0,10.0,264.0,0.0,16.7,20.9,13.6,10.7,14.9,19.6,20.79,27.0,Spring
2002-11-30,108.0,7.9,193.0,0.0,17.1,21.9,12.5,9.4,13.1,21.6,29.27,25.0,Spring
2002-12-01,77.0,8.1,197.0,0.0,17.6,23.8,10.8,9.1,14.4,22.2,26.45,22.6,Summer
2002-12-02,245.0,9.6,316.0,0.0,18.2,24.3,12.6,10.5,15.4,22.2,27.42,20.6,Summer
2002-12-03,266.0,8.2,307.0,0.0,18.0,24.0,12.0,9.2,15.7,23.0,29.8,18.8,Summer
2002-12-04,290.0,8.1,277.0,0.0,17.3,22.6,12.0,9.8,15.3,22.0,19.72,17.4,Summer
2002-12-05,5.0,7.8,189.0,1.4,16.9,23.0,11.2,9.3,16.7,21.0,15.59,16.7,Summer
2002-12-06,21.0,12.2,322.0,0.0,19.2,23.6,15.1,14.4,19.1,21.2,16.64,16.4,Summer
2002-12-07,21.0,12.2,341.0,16.1,18.5,21.3,14.7,13.0,19.2,19.9,7.17,18.8,Summer
2002-12-08,251.0,16.3,529.0,3.2,15.8,19.5,12.7,11.0,13.4,18.7,25.54,25.0,Summer
2002-12-09,273.0,15.8,451.0,0.0,15.4,20.0,9.7,6.9,12.3,18.7,25.98,23.3,Summer
2002-12-10,267.0,14.8,518.0,0.0,16.8,20.6,13.5,10.3,13.9,19.3,22.54,21.3,Summer
2002-12-11,280.0,15.9,563.0,0.2,16.9,19.9,14.8,12.1,16.5,18.3,8.12,20.0,Summer
2002-12-12,325.0,20.3,397.0,0.9,17.9,20.6,15.9,14.4,17.6,18.9,10.03,19.5,Summer
2002-12-13,245.0,20.4,709.0,0.8,18.0,20.5,13.6,10.7,14.4,20.0,29.33,18.9,Summer
2002-12-14,268.0,19.0,528.0,0.0,16.7,22.0,11.7,9.4,14.5,19.3,22.58,17.8,Summer
2002-12-15,248.0,17.2,487.0,0.0,16.3,20.2,12.5,9.3,11.7,19.2,23.76,16.7,Summer
2002-12-16,238.0,13.7,397.0,0.0,15.2,18.8,12.5,9.7,12.3,18.3,16.52,15.8,Summer
2002-12-17,247.0,9.2,226.0,0.9,15.8,21.3,8.9,7.8,14.1,18.8,17.19,15.3,Summer
2002-12-18,35.0,8.0,212.0,2.0,16.1,18.7,14.8,14.8,16.5,18.7,9.44,15.2,Summer
2002-12-19,122.0,8.8,311.0,0.1,17.6,21.2,15.2,14.8,16.1,20.6,26.28,15.2,Summer
2002-12-20,88.0,9.1,230.0,1.7,17.1,22.2,13.1,12.3,16.5,20.8,21.14,15.0,Summer
2002-12-21,237.0,11.5,373.0,0.0,16.2,20.1,11.8,11.1,13.8,19.2,17.03,14.9,Summer
2002-12-22,235.0,11.1,333.0,0.0,16.7,19.6,14.8,12.2,12.5,19.2,16.8,14.4,Summer
2002-12-23,250.0,11.2,364.0,0.0,17.2,21.2,14.2,11.4,13.4,20.3,22.2,14.0,Summer
2002-12-24,241.0,10.3,381.0,0.3,18.5,23.9,13.8,11.6,16.6,21.0,23.3,13.7,Summer
2002-12-25,13.0,9.7,300.0,0.0,18.9,25.4,12.1,11.3,16.8,22.1,23.81,13.2,Summer
2002-12-26,264.0,14.3,426.0,4.5,18.5,22.8,12.3,10.1,16.2,21.2,21.27,13.5,Summer
2002-12-27,223.0,10.7,285.0,0.0,14.5,18.4,8.9,7.6,10.0,18.5,19.18,13.3,Summer
2002-12-28,227.0,12.1,301.0,0.0,13.5,18.6,6.6,6.6,10.5,17.7,18.55,12.9,Summer
2002-12-29,105.0,11.7,269.0,0.0,15.2,20.8,8.9,8.0,13.5,18.7,19.36,12.5,Summer
2002-12-30,64.0,8.0,238.0,0.0,16.3,21.3,10.0,9.7,13.9,21.6,30.67,12.1,Summer
2002-12-31,69.0,8.4,237.0,0.0,16.4,21.9,9.8,9.4,13.4,22.5,31.62,11.6,Summer
2003-01-01,44.0,8.3,213.0,0.0,16.7,23.3,9.5,9.3,14.7,22.9,30.83,11.1,Summer
2003-01-02,61.0,10.2,297.0,0.0,17.4,22.3,11.5,11.3,15.2,22.7,26.75,10.6,Summer
2003-01-03,72.0,8.2,218.0,0.0,17.5,23.5,11.1,10.9,15.9,22.0,20.75,10.2,Summer
2003-01-04,47.0,8.4,260.0,0.0,18.3,23.1,12.4,12.8,17.5,22.6,20.17,10.0,Summer
2003-01-05,21.0,7.4,196.0,32.8,18.6,20.9,16.7,16.6,20.0,21.4,8.88,11.9,Summer
2003-01-06,69.0,5.6,168.0,5.0,19.1,22.1,17.3,17.1,20.1,21.5,14.8,20.1,Summer
2003-01-07,94.0,12.1,293.0,1.6,19.4,23.2,15.8,15.5,18.2,21.6,19.26,18.7,Summer
2003-01-08,114.0,19.8,528.0,52.3,16.1,17.7,15.1,14.6,16.9,18.5,3.07,31.0,Summer
2003-01-09,84.0,16.0,455.0,33.4,18.6,22.0,15.2,14.7,20.3,19.4,11.05,43.5,Summer
2003-01-10,41.0,14.8,455.0,20.1,19.0,21.6,17.6,17.6,21.1,20.2,10.28,48.3,Summer
2003-01-11,71.0,14.2,583.0,5.1,19.0,21.9,17.2,17.0,19.3,20.8,22.07,45.7,Summer
2003-01-12,86.0,12.1,453.0,0.0,19.5,22.7,17.6,16.6,19.1,21.7,25.42,37.6,Summer
2003-01-13,77.0,10.0,339.0,1.8,18.6,21.6,16.2,16.5,18.6,21.1,12.69,35.8,Summer
2003-01-14,92.0,9.2,306.0,1.4,16.3,19.8,13.8,13.3,14.2,20.5,22.06,35.1,Summer
2003-01-15,92.0,10.8,269.0,0.0,15.2,19.2,10.8,9.3,10.1,20.5,29.78,33.8,Summer
2003-01-16,226.0,8.5,207.0,0.0,15.9,22.1,10.1,10.1,12.6,20.3,19.88,31.8,Summer
2003-01-17,210.0,10.2,235.0,0.0,16.2,22.8,8.7,9.4,14.3,20.0,20.52,29.8,Summer
2003-01-18,225.0,7.1,148.0,0.0,16.9,22.5,10.2,10.7,14.7,20.2,16.45,28.0,Summer
2003-01-19,85.0,6.4,179.0,0.0,17.6,23.5,10.4,11.1,16.2,21.4,22.08,26.4,Summer
2003-01-20,246.0,11.1,334.0,0.0,19.6,23.6,16.1,15.6,17.1,22.9,23.01,24.5,Summer
2003-01-21,274.0,11.2,403.0,0.0,18.9,23.6,14.9,14.2,19.0,21.7,16.1,23.0,Summer
2003-01-22,280.0,13.4,450.0,0.4,19.8,24.3,15.9,14.6,19.1,22.0,19.16,22.0,Summer
2003-01-23,237.0,15.6,504.0,4.4,18.3,22.1,14.9,12.7,16.6,21.1,18.09,22.0,Summer
2003-01-24,260.0,17.1,594.0,1.3,17.4,20.9,14.6,12.5,14.8,19.7,20.72,22.0,Summer
2003-01-25,234.0,21.4,581.0,1.4,16.4,19.5,14.0,12.2,13.0,18.8,23.39,20.9,Summer
2003-01-26,211.0,13.5,315.0,0.0,16.3,20.8,12.6,10.4,11.0,19.8,28.25,19.7,Summer
2003-01-27,257.0,20.9,639.0,0.0,17.7,21.3,12.5,12.0,16.2,20.0,20.16,18.2,Summer
2003-01-28,265.0,15.5,445.0,0.8,17.6,21.2,13.4,12.0,13.8,20.4,24.64,17.1,Summer
2003-01-29,240.0,14.0,366.0,0.1,16.3,21.5,11.1,10.5,12.9,19.6,22.47,16.1,Summer
2003-01-30,84.0,8.5,249.0,0.0,17.2,22.8,10.2,10.8,14.1,21.4,28.79,15.0,Summer
2003-01-31,21.0,8.8,230.0,0.0,17.0,23.1,10.1,10.1,14.7,22.1,28.58,13.9,Summer
2003-02-01,270.0,8.7,221.0,0.0,18.2,25.5,10.3,10.1,16.2,22.6,24.77,13.1,Summer
2003-02-02,231.0,10.6,234.0,0.0,20.0,25.1,14.6,13.4,16.0,23.5,24.48,12.4,Summer
2003-02-03,229.0,10.8,335.0,0.0,18.6,23.0,14.3,13.4,15.9,22.2,20.61,11.7,Summer
2003-02-04,233.0,15.8,432.0,0.0,18.0,21.6,14.8,13.2,14.1,20.7,18.57,11.2,Summer
2003-02-05,83.0,11.0,303.0,0.7,17.5,21.3,12.9,13.6,16.2,20.5,16.8,10.9,Summer
2003-02-06,77.0,7.5,217.0,0.0,19.0,23.1,14.7,14.1,15.2,23.3,26.72,10.6,Summer
2003-02-07,103.0,8.6,222.0,0.0,18.6,25.5,11.6,11.6,15.1,23.3,26.01,10.2,Summer
2003-02-08,226.0,5.8,123.0,0.0,17.4,22.5,11.8,12.3,15.3,21.7,12.31,9.9,Summer
2003-02-09,255.0,9.1,199.0,0.0,18.4,24.2,12.5,13.0,15.1,21.6,16.48,9.8,Summer
2003-02-10,175.0,8.0,209.0,0.0,18.1,24.6,11.5,12.5,15.9,21.9,18.69,9.6,Summer
2003-02-11,197.0,8.0,154.0,0.0,17.8,23.0,12.0,12.9,16.2,21.4,13.37,9.4,Summer
2003-02-12,218.0,10.2,252.0,0.0,18.9,25.6,12.5,13.0,16.9,21.9,21.08,9.3,Summer
2003-02-13,79.0,8.9,261.0,0.0,19.0,23.9,14.8,15.0,18.2,22.0,15.06,9.1,Summer
2003-02-14,281.0,11.7,302.0,0.1,18.3,25.5,11.2,11.6,16.9,22.2,22.15,8.9,Summer
2003-02-15,202.0,12.8,385.0,0.0,18.0,22.7,12.8,10.3,12.2,21.6,25.88,8.7,Summer
2003-02-16,77.0,6.7,170.0,0.0,16.7,24.0,8.9,9.2,13.4,21.4,20.16,8.4,Summer
2003-02-17,59.0,9.5,203.0,0.0,16.9,23.6,10.7,11.0,14.9,21.4,20.33,8.3,Summer
2003-02-18,262.0,10.2,297.0,0.0,18.1,26.3,10.8,10.6,16.5,21.3,15.91,8.1,Summer
2003-02-19,258.0,10.1,302.0,11.3,18.3,20.5,16.3,14.8,19.1,20.5,6.88,9.0,Summer
2003-02-20,252.0,9.0,261.0,0.8,17.5,21.2,14.8,13.9,15.9,19.5,12.95,9.8,Summer
2003-02-21,261.0,19.3,422.0,2.2,16.1,21.4,12.1,12.4,14.4,18.6,18.0,9.6,Summer
2003-02-22,206.0,7.7,172.0,0.0,15.4,18.2,12.7,12.5,12.1,18.1,10.12,9.5,Summer
2003-02-23,96.0,6.1,147.0,0.0,15.3,21.3,7.9,8.5,12.8,19.0,18.69,9.4,Summer
2003-02-24,117.0,6.3,168.0,0.0,16.7,20.2,13.0,13.0,15.0,19.3,11.31,9.3,Summer
2003-02-25,140.0,16.4,414.0,32.2,17.1,19.4,13.7,14.1,17.9,17.8,5.79,13.1,Summer
2003-02-26,118.0,21.7,570.0,38.7,18.2,20.3,17.0,16.1,18.9,17.9,3.4,21.7,Summer
2003-02-27,92.0,18.0,606.0,28.2,19.3,21.4,17.8,16.9,21.1,19.0,7.22,35.4,Summer
2003-02-28,47.0,13.3,430.0,11.8,19.7,22.1,18.0,17.7,22.0,19.8,9.02,34.8,Summer
2003-03-01,83.0,9.1,283.0,3.2,20.5,24.6,16.9,16.9,21.5,21.3,18.32,33.6,Autumn
2003-03-02,21.0,13.3,363.0,4.4,20.6,23.9,17.1,17.5,21.4,21.4,15.02,32.9,Autumn
2003-03-03,27.0,18.7,552.0,13.6,20.0,23.6,16.2,14.1,18.1,21.0,20.71,38.8,Autumn
2003-03-04,231.0,14.3,342.0,0.1,16.5,20.5,11.2,11.1,13.0,18.9,18.6,34.5,Autumn
2003-03-05,122.0,8.1,206.0,0.0,15.2,21.9,8.2,9.3,12.3,19.0,24.14,33.3,Autumn
2003-03-06,188.0,9.4,199.0,0.0,17.8,22.1,14.7,13.6,15.5,19.7,15.06,32.0,Autumn
2003-03-07,82.0,10.2,313.0,1.8,18.8,22.0,16.4,15.8,19.0,20.1,12.31,30.8,Autumn
2003-03-08,105.0,12.6,504.0,2.1,18.9,20.0,18.2,17.0,19.6,19.4,5.32,30.0,Autumn
2003-03-09,81.0,13.0,550.0,0.7,19.5,20.9,18.6,17.6,20.2,19.4,6.24,29.8,Autumn
2003-03-10,80.0,20.1,642.0,31.7,18.1,19.2,16.9,16.1,19.4,18.5,2.15,41.9,Autumn
2003-03-11,81.0,16.6,515.0,53.4,17.3,19.1,15.4,14.6,19.1,18.3,5.43,52.7,Autumn
2003-03-12,185.0,10.4,400.0,0.0,18.1,24.3,13.5,12.1,15.7,18.7,22.27,43.5,Autumn
2003-03-13,235.0,15.8,405.0,0.0,17.3,20.5,14.4,12.9,14.5,18.3,19.18,37.1,Autumn
2003-03-14,213.0,10.9,299.0,0.3,16.5,21.3,12.5,12.1,15.5,17.9,15.32,35.8,Autumn
2003-03-15,187.0,9.0,277.0,0.2,17.8,20.4,15.9,14.1,16.3,18.3,8.76,35.1,Autumn
2003-03-16,103.0,10.8,264.0,13.5,17.3,21.4,13.5,14.0,16.4,18.7,14.89,42.5,Autumn
2003-03-17,76.0,8.6,216.0,0.0,17.4,22.5,12.8,13.4,16.2,19.1,21.14,37.8,Autumn
2003-03-18,55.0,8.5,226.0,7.6,17.0,21.6,13.1,13.8,16.6,19.2,17.16,41.3,Autumn
2003-03-19,95.0,10.1,262.0,0.9,16.3,20.1,12.1,13.1,15.2,18.2,11.98,38.2,Autumn
2003-03-20,96.0,8.8,348.0,0.0,18.1,20.9,16.5,14.6,15.3,18.7,15.19,37.3,Autumn
2003-03-21,87.0,11.7,355.0,0.4,18.0,20.2,16.4,15.3,16.9,19.0,12.24,36.7,Autumn
2003-03-22,53.0,9.6,290.0,0.6,18.4,22.1,16.3,15.6,18.4,19.9,15.85,36.0,Autumn
2003-03-23,72.0,7.8,252.0,1.8,18.5,21.2,15.8,15.0,18.3,19.8,9.32,35.4,Autumn
2003-03-24,66.0,10.8,293.0,0.0,17.5,22.4,11.6,12.9,16.9,19.5,18.0,34.6,Autumn
2003-03-25,91.0,11.9,386.0,10.8,18.4,21.3,16.1,16.0,19.1,19.6,11.77,39.8,Autumn
2003-03-26,38.0,11.1,472.0,1.6,19.6,22.0,17.7,16.1,19.5,19.6,11.3,39.2,Autumn
2003-03-27,69.0,13.7,512.0,10.3,19.4,21.0,18.1,17.5,20.6,19.4,5.37,42.4,Autumn
2003-03-28,70.0,21.3,551.0,29.1,18.6,20.2,17.1,16.4,20.3,18.9,2.99,51.5,Autumn
2003-03-29,29.0,6.7,212.0,0.3,19.9,24.3,16.0,16.4,20.0,19.8,14.03,45.5,Autumn
2003-03-30,356.0,7.5,116.0,9.6,18.0,23.6,13.1,14.0,18.7,19.4,10.93,45.9,Autumn
2003-03-31,290.0,15.1,423.0,0.5,18.0,23.3,14.2,14.0,17.6,19.0,18.0,45.2,Autumn
2003-04-01,47.0,6.5,150.0,0.2,17.4,22.0,13.4,13.6,17.4,18.9,13.56,42.2,Autumn
2003-04-02,210.0,7.1,208.0,0.0,17.4,21.9,13.2,13.0,16.4,18.8,11.74,41.5,Autumn
2003-04-03,253.0,8.6,219.0,0.0,14.9,21.1,10.1,11.0,13.7,18.1,17.87,40.9,Autumn
2003-04-04,273.0,6.8,180.0,0.0,15.8,22.1,10.3,10.7,14.6,18.3,14.4,40.2,Autumn
2003-04-05,11.0,13.8,356.0,0.6,18.3,23.0,10.6,11.4,19.0,18.6,10.79,39.5,Autumn
2003-04-06,9.0,10.3,211.0,29.3,18.6,21.3,14.2,14.7,20.7,19.2,3.67,51.2,Autumn
2003-04-07,251.0,13.5,306.0,0.0,16.0,20.4,10.7,10.9,14.6,17.9,16.87,45.2,Autumn
2003-04-08,255.0,9.4,219.0,0.2,14.5,20.9,9.6,9.5,13.1,16.7,15.05,42.7,Autumn
2003-04-09,145.0,7.7,215.0,0.1,14.0,20.7,7.3,8.3,12.6,16.0,12.78,42.2,Autumn
2003-04-10,198.0,6.9,202.0,0.0,15.6,20.5,9.9,10.7,13.5,16.5,13.13,41.8,Autumn
2003-04-11,118.0,6.3,175.0,2.2,14.5,19.3,9.5,10.5,14.2,16.2,7.65,41.5,Autumn
2003-04-12,85.0,7.9,185.0,0.3,13.9,19.8,8.8,9.4,13.8,16.0,12.07,41.3,Autumn
2003-04-13,88.0,9.9,243.0,0.0,14.6,19.8,9.1,9.7,13.6,16.2,14.66,41.0,Autumn
2003-04-14,117.0,15.9,478.0,5.4,16.5,18.7,14.1,13.1,15.1,16.1,6.73,41.3,Autumn
2003-04-15,79.0,18.4,610.0,1.9,18.1,21.3,15.7,14.7,17.0,17.2,10.59,40.7,Autumn
2003-04-16,129.0,10.3,274.0,0.0,18.2,23.0,13.6,13.8,1.8,17.7,9.7,41.1,Autumn
2003-04-17,277.0,12.4,345.0,0.0,16.7,21.7,12.8,12.8,1.8,17.5,10.08,42.4,Autumn
2003-04-18,9.0,6.6,177.0,0.0,15.1,20.4,10.2,10.7,14.1,16.8,10.53,42.3,Autumn
2003-04-19,32.0,9.0,184.0,2.5,14.7,20.4,8.9,9.5,14.1,16.4,9.74,41.9,Autumn
2003-04-20,45.0,10.4,240.0,12.1,16.1,19.7,13.1,13.2,11.3,16.8,6.58,43.3,Autumn
2003-04-21,86.0,6.6,153.0,8.2,15.8,19.3,12.0,12.6,15.8,16.8,5.34,49.7,Autumn
2003-04-22,211.0,8.3,170.0,3.9,14.5,21.1,8.9,9.9,13.9,16.1,11.54,47.6,Autumn
2003-04-23,236.0,8.2,200.0,0.0,13.0,18.4,7.9,8.3,11.5,14.8,9.46,46.1,Autumn
2003-04-24,232.0,11.3,292.0,0.3,14.3,17.4,9.9,10.4,15.1,15.1,7.43,44.8,Autumn
2003-04-25,216.0,10.1,273.0,0.0,14.3,19.3,6.6,7.0,12.6,15.1,11.96,44.2,Autumn
2003-04-26,237.0,10.8,233.0,0.1,11.4,18.3,3.3,4.2,10.3,13.8,13.41,43.4,Autumn
2003-04-27,254.0,11.3,274.0,0.6,15.1,17.9,12.8,12.6,13.9,15.4,6.57,43.1,Autumn
2003-04-28,171.0,6.6,199.0,0.0,14.4,19.8,9.0,10.0,12.9,15.9,12.42,42.9,Autumn
2003-04-29,89.0,8.2,260.0,0.0,13.5,18.4,7.5,7.6,13.0,14.9,12.43,42.9,Autumn
2003-04-30,34.0,9.1,273.0,1.4,14.9,19.6,8.4,8.9,13.7,15.1,9.79,42.8,Autumn
2003-05-01,15.0,10.7,295.0,0.2,15.8,19.8,10.4,11.0,15.2,15.6,8.84,42.4,Autumn
2003-05-02,25.0,19.1,411.0,19.3,17.5,19.2,14.6,14.1,18.3,16.3,2.06,45.4,Autumn
2003-05-03,218.0,8.4,246.0,0.2,14.6,18.2,9.1,9.0,13.7,16.0,11.62,49.4,Autumn
2003-05-04,267.0,10.6,264.0,0.1,12.8,19.3,7.6,8.7,13.2,14.5,11.15,46.7,Autumn
2003-05-05,223.0,13.5,419.0,0.1,15.2,19.7,10.7,7.8,13.3,20.0,29.28,17.5,Autumn
2003-05-06,75.0,12.9,470.0,1.1,16.2,18.2,14.8,13.3,14.5,15.2,7.92,45.3,Autumn
2003-05-07,205.0,9.3,309.0,0.0,13.9,18.5,7.8,9.0,12.6,14.7,9.95,45.2,Autumn
2003-05-08,222.0,10.0,248.0,0.1,11.7,18.3,6.5,7.5,11.4,13.2,10.5,44.9,Autumn
2003-05-09,234.0,8.0,224.0,0.0,11.5,18.9,5.1,6.5,11.4,13.1,11.75,44.5,Autumn
2003-05-10,298.0,12.3,309.0,0.0,12.5,18.5,7.7,7.8,12.8,13.5,9.1,44.0,Autumn
2003-05-11,285.0,10.2,335.0,0.1,13.4,19.3,8.7,8.4,13.2,13.5,11.38,43.6,Autumn
2003-05-12,283.0,8.5,256.0,7.7,13.2,17.4,7.9,8.1,14.0,14.2,6.33,45.4,Autumn
2003-05-13,219.0,13.7,247.0,0.0,11.7,16.9,6.3,7.0,10.6,12.8,10.08,45.8,Autumn
2003-05-14,211.0,5.7,131.0,0.1,10.4,18.6,5.2,6.1,11.1,12.0,8.2,45.4,Autumn
2003-05-15,54.0,7.2,173.0,0.0,12.7,17.8,6.6,7.2,12.6,12.8,9.49,45.3,Autumn
2003-05-16,101.0,5.1,105.0,0.0,11.2,18.0,5.8,2.4,11.3,12.7,12.09,45.0,Autumn
2003-05-17,66.0,8.3,196.0,0.1,11.2,16.3,5.3,1.8,11.5,11.8,6.92,44.6,Autumn
2003-05-18,62.0,12.3,499.0,0.0,16.3,18.0,14.1,10.9,14.7,13.6,4.95,44.2,Autumn
2003-05-19,9.0,15.2,599.0,3.4,17.8,18.6,16.8,14.4,17.1,15.0,2.23,43.9,Autumn
2003-05-20,3.0,12.7,289.0,15.2,18.6,19.5,17.7,15.6,20.4,16.7,3.15,47.3,Autumn
2003-05-21,50.0,16.1,407.0,27.7,19.1,21.0,17.4,16.7,20.3,17.2,3.04,51.3,Autumn
2003-05-22,3.0,13.8,357.0,2.7,16.5,19.9,12.8,9.7,17.2,16.9,7.72,51.4,Autumn
2003-05-23,254.0,8.3,158.0,2.2,13.0,19.1,8.8,6.8,14.0,14.8,8.34,50.1,Autumn
2003-05-24,274.0,5.9,114.0,0.3,12.2,18.9,7.6,6.1,13.5,13.6,6.66,49.2,Autumn
2003-05-25,251.0,9.6,262.0,0.0,12.7,18.0,9.1,4.8,12.8,13.0,9.72,47.9,Autumn
2003-05-26,238.0,7.1,186.0,0.4,12.1,18.5,6.8,4.0,12.7,12.9,10.1,47.1,Autumn
2003-05-27,244.0,7.9,186.0,0.1,10.3,17.0,5.3,3.3,11.0,11.9,9.38,46.8,Autumn
2003-05-28,219.0,12.0,238.0,0.1,10.3,15.9,3.9,1.5,10.6,10.9,8.86,46.6,Autumn
2003-05-29,237.0,10.3,279.0,0.0,11.3,16.1,4.6,1.0,9.7,10.9,10.16,46.5,Autumn
2003-05-30,251.0,15.9,573.0,3.0,14.0,16.9,10.5,5.1,13.3,12.1,7.25,46.5,Autumn
2003-05-31,229.0,16.6,512.0,0.8,15.3,18.3,13.5,9.5,13.5,13.1,8.98,48.0,Autumn
2003-06-01,244.0,12.5,326.0,0.0,15.1,16.7,12.5,8.7,13.4,13.6,3.85,48.8,Winter
2003-06-02,259.0,11.1,350.0,0.0,14.2,18.7,10.0,6.6,13.8,13.4,7.17,46.5,Winter
2003-06-03,270.0,9.7,293.0,0.4,13.7,18.2,9.7,6.7,13.8,13.1,6.95,46.6,Winter
2003-06-04,317.0,9.9,292.0,0.0,13.7,19.4,8.8,6.9,14.2,13.4,7.69,46.5,Winter
2003-06-05,322.0,6.9,257.0,2.8,15.4,16.8,14.2,12.2,16.6,14.6,3.51,46.5,Winter
2003-06-06,273.0,11.2,407.0,2.0,17.3,20.9,15.2,13.3,17.9,15.7,5.96,48.2,Winter
2003-06-07,262.0,14.3,479.0,0.6,14.6,17.8,10.0,7.7,13.8,14.1,6.8,49.1,Winter
2003-06-08,70.0,11.0,275.0,3.9,12.9,17.1,6.9,6.2,12.8,13.0,6.07,49.0,Winter
2003-06-09,322.0,22.8,541.0,30.8,14.2,17.5,11.8,9.6,14.0,13.9,7.96,51.5,Winter
2003-06-10,206.0,17.8,468.0,2.0,12.8,15.5,9.5,6.6,11.1,12.4,7.74,51.7,Winter
2003-06-11,155.0,10.6,256.0,0.0,9.2,13.9,3.0,1.4,8.5,9.9,9.64,50.7,Winter
2003-06-12,194.0,7.5,218.0,0.0,8.7,15.1,3.4,1.4,9.0,9.0,9.61,50.0,Winter
2003-06-13,269.0,5.2,126.0,0.0,7.5,16.0,2.4,0.4,9.0,8.6,9.74,50.5,Winter
2003-06-14,273.0,7.2,118.0,0.0,7.8,16.2,1.3,-0.1,9.7,8.6,6.86,50.1,Winter
2003-06-15,326.0,12.1,297.0,12.1,12.9,16.2,5.4,3.7,13.1,10.6,2.32,50.3,Winter
2003-06-16,256.0,20.3,679.0,10.3,12.7,15.8,10.9,9.0,12.7,11.5,6.85,51.6,Winter
2003-06-17,286.0,10.1,383.0,11.5,12.8,17.3,10.2,7.0,13.2,11.9,7.12,51.6,Winter
2003-06-18,205.0,10.1,182.0,4.1,13.6,17.8,10.7,8.5,14.3,12.5,5.68,51.6,Winter
2003-06-19,249.0,11.1,345.0,0.3,12.6,15.4,9.7,6.5,12.5,12.0,6.95,51.6,Winter
2003-06-20,275.0,10.9,297.0,2.7,12.5,15.9,8.6,4.6,13.7,11.7,5.14,51.5,Winter
2003-06-21,260.0,10.2,255.0,1.4,12.4,16.9,9.9,5.0,13.6,11.8,7.0,51.4,Winter
2003-06-22,305.0,5.5,146.0,0.2,11.4,17.2,5.1,3.3,12.3,11.6,7.97,51.5,Winter
2003-06-23,260.0,9.7,291.0,0.0,15.5,18.3,10.7,9.8,16.2,13.4,4.08,51.1,Winter
2003-06-24,276.0,11.7,318.0,0.2,13.5,16.8,8.8,5.3,14.3,13.0,4.64,50.5,Winter
2003-06-25,211.0,11.9,280.0,0.0,10.6,15.3,5.2,1.6,10.6,10.7,6.47,50.2,Winter
2003-06-26,113.0,7.5,200.0,0.0,8.3,13.4,3.6,0.2,8.8,9.0,9.34,49.8,Winter
2003-06-27,56.0,17.0,505.0,0.0,10.3,14.1,4.0,1.3,10.1,9.1,3.28,50.6,Winter
2003-06-28,58.0,20.3,758.0,0.6,15.0,16.2,13.8,12.1,13.1,11.5,1.45,50.8,Winter
2003-06-29,10.0,17.2,475.0,16.5,15.5,17.2,10.2,7.4,16.1,13.4,2.71,51.0,Winter
2003-06-30,288.0,11.5,264.0,1.3,14.2,19.4,8.6,6.7,15.0,12.7,8.29,51.4,Winter
2003-07-01,261.0,18.0,485.0,6.6,12.2,15.1,7.5,3.3,11.7,12.2,4.98,51.2,Winter
2003-07-02,240.0,15.1,370.0,5.5,9.8,13.5,7.7,4.7,10.4,10.4,8.04,51.4,Winter
2003-07-03,104.0,9.6,272.0,21.3,9.2,11.6,6.4,4.2,11.0,9.6,1.9,51.4,Winter
2003-07-04,229.0,15.4,419.0,13.5,10.4,13.9,7.9,3.6,10.3,10.4,7.11,51.2,Winter
2003-07-05,240.0,14.7,391.0,8.4,7.3,11.0,2.9,0.3,8.8,8.8,7.16,51.5,Winter
2003-07-06,207.0,11.1,269.0,0.0,6.1,11.0,1.2,-1.9,6.9,7.1,9.48,51.6,Winter
2003-07-07,322.0,10.2,290.0,8.8,7.3,13.5,0.0,-2.9,9.5,7.2,6.75,51.6,Winter
2003-07-08,240.0,11.1,297.0,0.8,10.7,15.1,7.7,4.0,11.3,9.2,7.27,51.8,Winter
2003-07-09,27.0,6.8,177.0,0.0,9.7,14.8,5.0,2.0,10.1,10.0,6.83,51.7,Winter
2003-07-10,288.0,10.9,280.0,1.1,9.6,16.0,5.2,2.6,10.8,9.2,4.95,51.6,Winter
2003-07-11,257.0,12.6,297.0,1.3,9.7,14.1,5.3,1.8,10.5,9.1,7.05,51.6,Winter
2003-07-12,123.0,8.2,231.0,1.4,8.4,12.4,4.6,1.6,8.7,8.3,9.28,51.7,Winter
2003-07-13,187.0,7.0,175.0,0.0,7.3,12.7,1.6,-2.1,8.2,7.5,10.11,51.6,Winter
2003-07-14,300.0,5.0,118.0,0.0,6.5,15.1,-0.1,-3.3,8.5,6.9,9.48,50.9,Winter
2003-07-15,279.0,9.9,277.0,1.8,10.3,15.2,5.0,2.0,11.6,8.6,5.71,50.5,Winter
2003-07-16,287.0,11.6,375.0,0.0,11.3,15.7,6.3,2.7,11.2,9.8,9.14,50.6,Winter
2003-07-17,295.0,12.0,389.0,5.8,12.4,15.6,10.0,7.8,13.3,10.6,3.58,50.6,Winter
2003-07-18,223.0,11.6,252.0,1.1,9.7,11.4,8.0,4.5,10.2,10.1,5.09,51.4,Winter
2003-07-19,246.0,14.2,346.0,1.9,10.4,13.7,7.5,3.9,10.8,9.5,8.66,51.5,Winter
2003-07-20,237.0,6.5,150.0,0.0,8.0,14.1,2.0,-1.4,8.9,8.8,10.59,51.6,Winter
2003-07-21,210.0,4.9,140.0,0.2,6.9,13.6,1.1,-2.0,8.7,8.1,8.07,51.7,Winter
2003-07-22,33.0,4.3,119.0,0.0,5.2,13.4,-0.2,-3.6,7.6,6.9,11.23,51.4,Winter
2003-07-23,125.0,6.4,160.0,0.0,6.6,13.8,-0.1,-3.4,8.5,7.0,10.34,50.9,Winter
2003-07-24,119.0,6.2,153.0,0.0,7.2,13.9,1.2,-1.7,9.4,7.6,9.96,50.7,Winter
2003-07-25,94.0,8.8,211.0,0.0,10.3,13.6,4.7,0.7,11.1,8.8,7.74,50.4,Winter
2003-07-26,73.0,6.6,192.0,1.5,11.1,14.7,7.7,4.2,12.4,10.3,6.22,50.4,Winter
2003-07-27,46.0,15.5,392.0,0.0,11.3,14.3,6.5,3.7,11.1,10.2,4.96,50.2,Winter
2003-07-28,45.0,18.7,443.0,5.5,13.0,15.2,8.4,5.7,13.1,11.6,6.19,50.6,Winter
2003-07-29,75.0,13.5,343.0,28.2,11.4,15.2,6.6,4.1,13.3,11.3,5.38,51.1,Winter
2003-07-30,141.0,12.4,413.0,12.4,12.2,13.1,11.0,10.2,13.0,11.8,3.24,51.2,Winter
2003-07-31,69.0,9.9,316.0,60.2,12.3,13.1,10.6,8.0,13.8,12.0,2.3,51.1,Winter
2003-08-01,56.0,5.7,139.0,0.4,10.3,12.8,5.6,4.7,12.4,11.3,5.29,51.3,Winter
2003-08-02,164.0,9.6,262.0,3.2,11.9,14.9,10.0,8.5,12.6,11.8,6.04,51.1,Winter
2003-08-03,195.0,9.3,345.0,0.2,11.6,15.8,6.7,2.9,9.8,11.0,11.03,51.2,Winter
2003-08-04,83.0,5.5,142.0,0.0,8.6,15.0,3.4,0.2,9.5,10.1,12.48,51.3,Winter
2003-08-05,204.0,6.4,114.0,0.1,7.6,14.9,2.8,-0.2,8.9,9.5,11.41,51.2,Winter
2003-08-06,74.0,5.0,103.0,0.0,7.1,14.1,1.0,-1.6,8.9,8.8,9.15,50.9,Winter
2003-08-07,70.0,6.5,125.0,0.0,9.2,15.3,3.4,-0.2,9.6,9.8,10.55,50.8,Winter
2003-08-08,31.0,9.4,199.0,0.1,9.8,15.6,6.0,3.4,11.0,10.3,8.52,50.5,Winter
2003-08-09,73.0,11.1,376.0,1.3,12.0,15.4,6.0,4.0,11.6,10.7,7.57,50.4,Winter
2003-08-10,85.0,14.6,555.0,8.2,12.9,14.4,12.0,10.9,12.4,11.6,5.03,50.4,Winter
2003-08-11,123.0,12.8,391.0,18.7,13.1,16.1,11.7,9.7,14.2,12.8,8.34,51.0,Winter
2003-08-12,113.0,13.3,326.0,4.4,12.3,13.2,11.3,9.6,12.9,12.0,3.0,51.3,Winter
2003-08-13,80.0,11.4,369.0,0.2,12.0,15.3,7.7,4.9,11.3,11.8,10.08,51.4,Winter
2003-08-14,73.0,7.2,182.0,0.0,10.0,14.6,4.7,2.1,10.2,11.2,14.11,51.3,Winter
2003-08-15,237.0,16.8,328.0,3.8,11.2,14.0,4.6,2.3,12.5,10.8,2.74,51.2,Winter
2003-08-16,260.0,18.8,516.0,4.6,10.6,14.2,8.0,4.1,10.0,10.4,11.09,51.5,Winter
2003-08-17,231.0,17.1,427.0,4.7,10.4,14.7,7.9,4.1,10.4,10.3,11.76,51.5,Winter
2003-08-18,249.0,13.1,343.0,0.9,10.1,15.5,4.7,2.2,10.1,10.3,13.51,51.5,Winter
2003-08-19,96.0,8.1,202.0,0.3,8.9,13.5,3.2,0.9,10.0,9.8,9.03,51.5,Winter
2003-08-20,204.0,17.2,550.0,46.1,9.8,11.2,8.3,7.5,11.2,10.2,2.06,51.0,Winter
2003-08-21,212.0,14.1,417.0,10.9,11.1,13.0,8.3,7.5,12.5,10.7,4.43,51.1,Winter
2003-08-22,140.0,9.2,254.0,6.6,12.4,14.0,10.9,9.8,13.7,11.8,4.31,51.2,Winter
2003-08-23,145.0,12.5,383.0,6.3,11.9,14.3,9.5,8.3,11.9,11.6,5.24,51.2,Winter
2003-08-24,82.0,12.8,346.0,0.1,13.0,15.9,11.0,8.0,11.9,12.1,11.4,51.4,Winter
2003-08-25,61.0,11.0,299.0,2.6,12.6,15.5,11.0,8.1,13.3,12.6,8.12,51.2,Winter
2003-08-26,41.0,10.9,368.0,0.0,12.6,14.9,10.1,7.7,12.4,12.4,7.9,51.2,Winter
2003-08-27,40.0,9.3,216.0,22.6,12.0,15.8,8.3,5.7,13.1,12.6,5.28,51.0,Winter
2003-08-28,263.0,12.8,275.0,0.8,10.2,15.5,5.3,3.0,10.6,11.5,13.12,51.2,Winter
2003-08-29,227.0,15.1,283.0,1.2,9.2,14.5,4.7,2.0,10.0,10.8,12.62,51.3,Winter
2003-08-30,209.0,9.0,256.0,0.0,10.4,15.8,5.2,2.9,9.4,10.9,12.05,51.2,Winter
2003-08-31,278.0,8.3,188.0,0.0,8.4,15.7,2.4,0.4,8.8,10.9,17.24,51.4,Winter
2003-09-01,313.0,13.1,300.0,0.2,10.4,16.8,2.6,0.0,10.6,10.8,11.05,51.1,Spring
2003-09-02,266.0,23.1,602.0,11.6,11.4,14.2,8.0,6.3,11.3,11.6,9.04,51.2,Spring
2003-09-03,241.0,17.2,572.0,1.1,11.9,15.9,9.7,6.9,11.4,11.4,13.09,51.4,Spring
2003-09-04,292.0,12.8,247.0,11.0,10.8,16.6,8.6,5.0,11.4,11.2,8.06,51.3,Spring
2003-09-05,225.0,20.6,522.0,21.6,9.7,11.8,7.8,6.6,11.1,10.9,6.25,51.1,Spring
2003-09-06,236.0,18.8,637.0,6.1,12.2,14.6,10.4,9.0,11.4,11.6,13.94,51.2,Spring
2003-09-07,245.0,13.3,386.0,1.9,11.8,15.5,8.3,4.7,11.7,11.9,13.27,51.4,Spring
2003-09-08,280.0,9.4,251.0,3.1,10.4,16.0,5.8,2.6,10.3,11.6,13.46,51.4,Spring
2003-09-09,16.0,8.0,188.0,20.1,9.4,14.5,6.3,4.1,11.0,11.7,7.56,51.2,Spring
2003-09-10,255.0,9.2,228.0,0.0,9.7,16.5,4.1,1.6,10.3,11.5,17.26,51.4,Spring
2003-09-11,90.0,9.8,233.0,0.1,10.2,15.5,4.4,2.0,10.8,11.8,14.63,51.4,Spring
2003-09-12,51.0,8.3,215.0,0.0,10.8,15.0,6.0,3.3,10.9,12.4,14.15,51.4,Spring
2003-09-13,11.0,14.1,344.0,1.3,10.8,16.5,3.6,1.0,10.8,11.9,15.59,51.1,Spring
2003-09-14,6.0,16.4,285.0,21.0,13.8,15.8,11.6,10.3,15.0,13.1,4.38,51.2,Spring
2003-09-15,26.0,8.9,269.0,0.5,14.2,19.0,10.6,7.4,14.3,14.1,14.13,51.5,Spring
2003-09-16,258.0,13.6,367.0,0.1,15.6,18.8,11.6,9.0,13.3,14.9,16.95,51.4,Spring
2003-09-17,276.0,22.2,692.0,7.6,13.5,17.0,10.9,10.0,12.8,14.3,15.3,51.3,Spring
2003-09-18,271.0,19.3,942.0,0.9,15.4,18.8,12.2,10.1,14.0,14.3,16.37,51.4,Spring
2003-09-19,287.0,16.1,483.0,0.0,15.4,18.5,10.8,9.3,13.8,15.3,14.37,51.4,Spring
2003-09-20,331.0,10.5,249.0,6.2,14.9,19.3,10.8,9.1,14.9,15.1,9.64,51.4,Spring
2003-09-21,246.0,17.8,304.0,16.1,12.7,16.7,10.3,8.0,13.1,14.8,13.0,51.3,Spring
2003-09-22,227.0,15.7,480.0,0.0,12.7,15.9,10.1,8.2,10.7,14.0,19.95,51.5,Spring
2003-09-23,224.0,16.2,609.0,1.3,13.3,15.9,11.4,9.2,12.2,13.9,17.3,51.5,Spring
2003-09-24,265.0,13.5,374.0,4.2,15.0,17.0,12.7,10.4,15.5,14.9,6.76,51.5,Spring
2003-09-25,280.0,23.1,644.0,0.1,15.5,18.9,12.2,9.1,15.4,15.4,14.97,51.5,Spring
2003-09-26,280.0,15.8,713.0,0.1,16.3,19.5,13.5,11.4,17.3,15.8,10.36,51.4,Spring
2003-09-27,284.0,16.2,657.0,0.7,16.6,19.2,15.5,13.7,17.7,16.2,6.19,51.3,Spring
2003-09-28,305.0,26.4,513.0,13.8,15.6,19.9,12.2,10.4,15.8,15.7,6.72,51.4,Spring
2003-09-29,277.0,29.3,988.0,3.2,11.8,14.5,9.5,7.2,9.6,13.1,16.43,51.5,Spring
2003-09-30,299.0,18.1,444.0,7.0,12.0,17.1,8.5,5.2,11.4,13.3,11.37,51.6,Spring
2003-10-01,261.0,22.5,880.0,5.2,10.6,13.3,7.7,5.8,9.9,12.3,15.78,51.9,Spring
2003-10-02,266.0,15.6,514.0,0.1,12.1,15.9,7.9,4.9,10.6,12.6,16.42,51.8,Spring
2003-10-03,315.0,17.2,472.0,12.4,13.9,16.9,6.9,4.7,14.8,12.9,3.06,51.8,Spring
2003-10-04,282.0,16.1,493.0,5.0,12.1,16.5,5.2,1.4,11.3,13.8,12.49,51.7,Spring
2003-10-05,231.0,22.2,525.0,2.6,9.7,14.6,5.2,1.5,9.4,12.2,17.95,51.9,Spring
2003-10-06,187.0,8.1,168.0,0.0,9.6,13.7,4.9,1.6,9.0,12.4,13.14,51.9,Spring
2003-10-07,80.0,6.5,172.0,0.0,9.9,15.0,3.8,0.7,9.0,12.8,12.95,51.9,Spring
2003-10-08,35.0,12.5,266.0,0.0,11.0,15.0,5.0,2.0,10.6,12.8,10.77,51.6,Spring
2003-10-09,11.0,15.4,481.0,14.5,13.4,14.9,12.0,10.6,13.9,13.1,4.4,51.6,Spring
2003-10-10,8.0,12.3,331.0,2.0,14.9,17.6,12.4,10.8,15.6,15.2,13.41,52.1,Spring
2003-10-11,8.0,9.3,217.0,15.2,14.4,18.2,11.3,10.2,14.3,15.9,14.95,51.9,Spring
2003-10-12,15.0,17.4,428.0,39.6,15.8,19.0,12.2,10.0,16.6,16.2,8.3,51.5,Spring
2003-10-13,297.0,15.2,446.0,4.0,12.8,17.1,10.0,7.9,12.3,15.3,16.9,51.7,Spring
2003-10-14,219.0,15.9,446.0,0.0,12.6,16.5,9.1,4.4,8.9,14.7,25.65,51.7,Spring
2003-10-15,17.0,11.6,342.0,0.0,18.3,21.8,16.0,14.0,13.4,19.5,20.3,41.9,Spring
2003-10-16,17.0,11.6,342.0,0.0,18.3,21.8,16.0,14.0,13.4,19.5,20.3,41.9,Spring
2003-10-17,228.0,12.7,326.0,0.0,12.0,16.8,6.0,2.9,11.3,14.6,14.57,50.9,Spring
2003-10-18,202.0,9.5,285.0,0.0,13.9,17.4,11.4,8.9,12.1,15.5,13.9,50.7,Spring
2003-10-19,183.0,8.2,207.0,0.0,14.3,19.3,9.3,6.0,12.3,16.3,15.25,50.4,Spring
2003-10-20,53.0,7.5,165.0,0.0,11.8,17.6,5.3,2.1,11.2,15.3,16.53,50.3,Spring
2003-10-21,72.0,8.9,224.0,0.0,13.2,18.5,8.0,5.6,13.0,15.9,17.11,50.1,Spring
2003-10-22,90.0,10.0,314.0,0.0,14.3,18.7,8.4,5.6,13.9,16.5,21.41,49.9,Spring
2003-10-23,223.0,9.6,217.0,0.0,15.0,20.9,10.0,7.5,14.1,17.6,20.43,49.6,Spring
2003-10-24,258.0,13.2,402.0,0.2,14.9,19.0,11.7,9.0,14.0,17.1,17.45,49.2,Spring
2003-10-25,237.0,12.1,330.0,8.2,13.1,17.9,10.5,7.0,11.9,16.1,16.63,48.8,Spring
2003-10-26,82.0,8.9,229.0,0.2,10.9,15.4,5.2,2.2,8.7,16.4,26.82,49.2,Spring
2003-10-27,10.0,11.8,298.0,0.0,10.9,16.7,2.9,0.3,10.8,15.6,20.71,48.7,Spring
2003-10-28,7.0,16.6,440.0,15.1,14.9,17.7,10.4,6.9,15.3,16.6,9.85,50.1,Spring
2003-10-29,275.0,12.1,367.0,0.0,13.6,18.5,8.1,4.3,12.5,16.5,21.09,50.9,Spring
2003-10-30,283.0,13.6,338.0,3.8,12.6,16.7,6.5,4.2,13.9,15.1,4.79,50.6,Spring
2003-10-31,236.0,11.5,303.0,0.0,14.3,19.4,9.1,6.7,13.6,16.5,21.38,50.6,Spring
2003-11-01,19.0,10.9,331.0,1.8,14.1,19.6,9.1,5.3,13.2,16.7,17.85,50.2,Spring
2003-11-02,265.0,25.3,851.0,5.1,15.3,18.4,11.4,9.9,13.6,16.8,24.14,49.9,Spring
2003-11-03,262.0,12.5,377.0,7.3,11.6,15.4,8.2,5.4,12.0,15.4,12.6,50.6,Spring
2003-11-04,231.0,17.1,507.0,1.2,12.1,16.3,7.9,4.2,10.4,15.0,23.11,51.0,Spring
2003-11-05,253.0,10.0,267.0,0.0,11.0,16.8,4.5,2.5,9.6,14.6,17.44,50.7,Spring
2003-11-06,255.0,10.4,275.0,0.0,12.2,18.2,5.0,2.7,11.0,15.3,19.92,50.4,Spring
2003-11-07,264.0,11.7,321.0,0.2,12.6,17.8,6.7,5.0,12.0,15.8,17.37,50.1,Spring
2003-11-08,281.0,15.9,482.0,0.5,13.1,19.2,8.2,5.8,13.0,16.0,20.37,49.7,Spring
2003-11-09,231.0,10.2,265.0,0.1,12.8,18.4,6.8,3.5,11.1,16.3,22.72,49.4,Spring
2003-11-10,225.0,8.7,207.0,0.0,13.0,18.6,6.8,4.9,11.7,16.3,15.35,48.9,Spring
2003-11-11,247.0,11.4,358.0,0.0,14.2,18.0,10.8,9.1,12.4,16.7,17.97,47.7,Spring
2003-11-12,273.0,16.2,578.0,0.6,15.8,20.1,12.5,10.8,14.8,17.6,21.16,46.0,Spring
2003-11-13,259.0,15.3,434.0,4.0,13.3,17.3,8.9,6.6,13.1,16.2,11.39,47.6,Spring
2003-11-14,237.0,14.2,363.0,1.7,11.7,16.1,6.3,4.8,9.4,15.6,24.64,47.6,Spring
2003-11-15,268.0,18.2,503.0,0.4,12.5,16.6,7.5,4.4,10.9,15.0,17.69,45.8,Spring
2003-11-16,257.0,14.6,498.0,1.4,15.7,19.6,12.3,10.1,14.1,17.0,24.04,43.1,Spring
2003-11-17,260.0,16.1,486.0,0.0,15.8,20.5,10.5,7.3,14.4,17.4,17.06,41.5,Spring
2003-11-18,78.0,8.6,260.0,0.0,12.2,16.8,7.1,6.2,9.7,17.2,29.47,39.8,Spring
2003-11-19,238.0,8.9,199.0,0.0,12.3,20.3,4.4,4.0,10.2,17.3,24.17,37.6,Spring
2003-11-20,226.0,12.0,299.0,0.0,12.6,19.3,4.9,4.0,10.9,17.2,26.07,36.0,Spring
2003-11-21,269.0,15.6,577.0,0.0,15.9,18.9,11.2,9.5,14.2,17.5,15.0,34.3,Spring
2003-11-22,261.0,21.0,812.0,0.1,17.8,21.5,15.8,14.8,15.8,18.8,22.7,32.8,Spring
2003-11-23,282.0,18.8,788.0,3.2,17.1,19.2,15.9,14.9,17.0,17.9,7.19,31.4,Spring
2003-11-24,289.0,16.3,402.0,32.2,15.7,18.7,11.7,11.5,16.3,17.9,10.42,49.7,Spring
2003-11-25,81.0,8.1,179.0,6.0,14.3,18.0,11.0,11.2,14.9,17.7,11.26,48.6,Spring
2003-11-26,229.0,15.8,320.0,15.7,18.0,22.3,16.1,15.9,18.5,19.0,15.85,52.0,Spring
2003-11-27,225.0,18.1,487.0,4.9,14.9,17.3,12.0,10.9,14.0,18.6,16.42,52.2,Spring
2003-11-28,262.0,18.4,491.0,4.0,12.7,15.6,10.7,9.0,11.8,17.4,19.83,52.0,Spring
2003-11-29,260.0,13.2,397.0,0.0,13.6,17.7,8.1,4.3,10.8,16.9,20.9,50.6,Spring
2003-11-30,229.0,13.9,430.0,0.0,13.8,17.2,10.8,6.5,11.6,17.1,19.29,48.6,Spring
2003-12-01,228.0,8.1,207.0,0.0,14.2,20.6,8.0,3.9,12.6,17.5,18.97,47.2,Summer
2003-12-02,245.0,10.2,234.0,0.0,13.8,19.3,6.9,4.0,12.5,17.7,19.33,46.3,Summer
2003-12-03,238.0,8.3,234.0,0.0,16.5,21.2,12.4,10.2,13.9,18.4,17.92,45.1,Summer
2003-12-04,184.0,6.9,147.0,6.9,16.2,22.1,9.9,6.6,15.4,18.8,16.92,44.4,Summer
2003-12-05,33.0,9.7,188.0,0.0,16.1,22.5,9.5,6.5,15.3,19.5,22.21,45.4,Summer
2003-12-06,282.0,12.2,305.0,1.6,16.7,22.4,10.6,8.2,16.5,19.5,17.0,44.4,Summer
2003-12-07,286.0,9.6,333.0,3.5,18.3,21.7,16.1,15.3,18.8,20.2,14.84,44.1,Summer
2003-12-08,47.0,6.2,170.0,1.1,16.8,19.8,13.8,12.3,16.6,20.3,15.59,43.8,Summer
2003-12-09,289.0,7.9,205.0,23.0,18.9,22.3,16.8,17.3,20.5,20.6,10.1,45.8,Summer
2003-12-10,248.0,10.1,147.0,22.8,18.6,22.4,15.4,14.1,20.5,20.5,9.07,52.3,Summer
2003-12-11,48.0,6.5,131.0,3.5,20.1,24.5,17.6,16.5,22.0,21.5,13.82,52.2,Summer
2003-12-12,92.0,7.7,149.0,0.7,20.7,24.7,18.4,17.1,22.1,22.1,15.03,50.9,Summer
2003-12-13,30.0,9.5,215.0,0.0,20.3,25.2,15.7,14.8,20.4,22.4,21.45,49.4,Summer
2003-12-14,261.0,12.2,412.0,0.0,20.7,25.4,16.5,14.6,20.7,22.9,24.04,47.8,Summer
2003-12-15,234.0,11.2,343.0,0.0,17.3,19.9,12.3,9.5,16.7,21.6,13.62,46.7,Summer
2003-12-16,231.0,14.7,362.0,0.0,15.0,20.0,9.8,7.9,12.5,19.8,25.41,45.9,Summer
2003-12-17,52.0,8.6,248.0,0.0,15.6,19.9,9.9,8.4,12.3,20.5,28.48,45.1,Summer
2003-12-18,300.0,12.5,284.0,0.0,14.5,21.2,7.3,6.2,12.6,19.6,24.4,42.1,Summer
2003-12-19,225.0,7.8,244.0,0.0,17.3,22.2,13.4,10.1,14.6,20.5,19.09,40.1,Summer
2003-12-20,303.0,8.9,232.0,0.0,16.6,21.5,12.0,9.6,15.1,20.4,13.06,38.6,Summer
2003-12-21,287.0,14.4,466.0,0.0,17.1,22.6,11.7,9.6,15.5,20.1,16.17,37.1,Summer
2003-12-22,262.0,15.6,588.0,1.5,19.2,22.6,16.8,16.2,18.9,20.9,21.27,36.0,Summer
2003-12-23,288.0,13.6,422.0,0.0,19.9,22.9,18.0,17.1,19.3,21.5,12.16,34.8,Summer
2003-12-24,278.0,15.6,537.0,7.5,18.6,22.3,14.5,12.8,17.7,21.4,21.96,37.3,Summer
2003-12-25,292.0,16.0,513.0,0.4,16.1,19.4,12.8,9.7,14.2,20.3,19.3,37.3,Summer
2003-12-26,283.0,19.5,720.0,0.0,18.1,21.6,14.5,11.7,15.4,20.5,29.88,35.3,Summer
2003-12-27,288.0,9.2,409.0,0.0,19.7,24.7,16.3,13.8,18.4,21.7,19.17,32.9,Summer
2003-12-28,278.0,12.5,390.0,0.0,19.8,24.8,14.2,10.0,16.8,22.0,21.66,30.7,Summer
2003-12-29,241.0,11.6,228.0,7.3,16.6,20.5,12.3,11.7,17.2,20.7,5.16,30.7,Summer
2003-12-30,232.0,16.2,383.0,8.9,14.8,19.9,10.9,9.1,13.2,19.2,24.77,38.2,Summer
2003-12-31,253.0,11.3,284.0,0.0,15.6,21.4,9.3,5.7,13.1,19.8,27.73,36.8,Summer
2004-01-01,71.0,6.5,158.0,0.0,17.0,24.0,8.9,6.6,15.5,21.1,28.28,34.2,Summer
2004-01-02,193.0,7.4,153.0,0.0,18.1,25.8,9.4,6.3,15.9,22.5,30.1,31.3,Summer
2004-01-03,49.0,8.5,190.0,0.0,18.5,24.5,11.4,8.5,16.6,23.1,28.21,28.3,Summer
2004-01-04,65.0,5.4,124.0,0.0,18.5,23.2,13.2,10.5,17.8,22.6,14.68,26.0,Summer
2004-01-05,259.0,9.2,235.0,0.0,18.7,25.5,10.6,8.2,17.3,22.8,25.15,24.7,Summer
2004-01-06,265.0,11.7,254.0,0.7,19.2,25.7,15.6,12.3,19.2,23.2,18.76,23.6,Summer
2004-01-07,287.0,8.2,189.0,0.9,18.9,22.5,16.2,14.1,19.7,21.9,8.65,23.4,Summer
2004-01-08,270.0,10.5,293.0,0.0,21.5,25.9,17.5,16.0,20.9,22.9,19.86,23.3,Summer
2004-01-09,287.0,18.0,433.0,0.1,20.3,26.1,15.0,12.0,19.2,22.7,19.31,22.6,Summer
2004-01-10,188.0,8.8,223.0,0.0,18.1,26.0,10.4,6.9,14.7,22.7,28.7,21.7,Summer
2004-01-11,12.0,8.2,242.0,0.0,18.9,25.4,11.9,9.3,16.0,23.4,28.99,20.7,Summer
2004-01-12,231.0,9.6,262.0,0.0,19.5,26.6,13.1,10.8,15.7,24.1,28.8,19.5,Summer
2004-01-13,244.0,10.6,281.0,0.0,19.4,24.9,13.8,12.1,19.4,22.7,13.76,18.7,Summer
2004-01-14,327.0,7.3,180.0,1.4,20.6,25.8,17.4,14.9,21.1,23.3,14.82,18.5,Summer
2004-01-15,271.0,10.3,311.0,1.2,18.9,21.3,16.0,14.2,19.0,21.9,9.64,18.4,Summer
2004-01-16,220.0,10.9,315.0,0.0,18.1,23.1,11.6,8.7,15.7,22.1,28.63,18.2,Summer
2004-01-17,64.0,11.4,324.0,0.0,17.5,23.0,10.1,8.3,16.4,21.2,19.15,17.7,Summer
2004-01-18,57.0,12.3,433.0,0.0,20.0,24.0,15.0,12.8,17.5,22.0,24.36,17.2,Summer
2004-01-19,268.0,12.8,285.0,8.4,18.6,24.0,13.9,14.0,17.9,21.4,11.51,17.1,Summer
2004-01-20,228.0,16.3,403.0,6.0,15.0,20.2,11.6,10.5,13.0,19.7,24.36,20.1,Summer
2004-01-21,249.0,13.1,334.0,13.1,13.9,19.9,10.9,10.5,13.4,18.5,16.82,24.9,Summer
2004-01-22,224.0,9.7,305.0,0.0,18.7,24.5,12.4,10.1,15.7,20.1,21.63,25.1,Summer
2004-01-23,235.0,14.3,436.0,0.0,17.4,20.9,13.8,10.9,14.7,19.8,19.53,23.6,Summer
2004-01-24,272.0,9.5,339.0,0.6,18.9,24.1,13.1,8.8,18.1,20.8,20.13,22.3,Summer
2004-01-25,267.0,8.3,211.0,0.0,16.9,24.7,8.8,6.1,13.6,21.3,26.62,20.8,Summer
2004-01-26,90.0,8.5,198.0,0.0,17.6,24.7,10.6,8.8,16.6,21.9,20.2,20.0,Summer
2004-01-27,47.0,9.2,212.0,0.0,19.8,24.4,15.6,13.5,18.7,22.5,18.77,18.5,Summer
2004-01-28,91.0,8.1,174.0,17.2,19.4,23.9,15.0,12.6,20.0,22.0,13.79,20.6,Summer
2004-01-29,47.0,10.7,326.0,0.0,20.3,25.2,15.0,13.4,19.8,22.2,23.55,22.8,Summer
2004-01-30,356.0,10.8,287.0,23.1,19.4,20.4,17.6,16.2,21.4,21.2,3.48,29.1,Summer
2004-01-31,20.0,10.3,291.0,1.2,21.3,25.8,17.2,15.6,22.6,21.9,14.78,30.8,Summer
2004-02-01,25.0,14.9,511.0,5.8,21.2,23.1,19.8,19.1,22.4,21.6,7.78,30.3,Summer
2004-02-02,36.0,18.4,336.0,41.2,20.0,22.3,17.9,15.9,21.9,20.9,6.57,45.7,Summer
2004-02-03,257.0,8.5,239.0,0.0,20.2,25.2,16.1,13.8,19.8,21.9,19.78,38.2,Summer
2004-02-04,282.0,9.0,203.0,29.6,17.2,19.4,15.8,15.9,18.6,20.4,5.42,45.9,Summer
2004-02-05,230.0,14.1,425.0,1.6,18.7,21.9,15.7,13.3,17.3,20.4,21.44,42.5,Summer
2004-02-06,223.0,5.4,139.0,0.0,18.3,21.6,14.4,12.4,17.8,20.5,10.75,39.1,Summer
2004-02-07,262.0,11.1,251.0,0.0,17.7,23.0,12.5,10.2,16.0,21.1,24.9,37.8,Summer
2004-02-08,253.0,12.9,274.0,0.0,17.4,23.3,11.0,9.2,15.8,20.8,20.34,36.3,Summer
2004-02-09,47.0,6.8,158.0,0.4,17.8,22.2,13.6,11.8,17.3,21.3,15.23,34.6,Summer
2004-02-10,257.0,11.0,263.0,0.0,19.6,25.4,13.2,11.5,19.1,21.7,18.28,33.4,Summer
2004-02-11,282.0,12.5,381.0,0.0,21.2,26.4,16.9,16.2,19.5,23.0,22.56,32.1,Summer
2004-02-12,278.0,20.1,562.0,1.8,19.4,24.2,16.7,16.1,19.6,21.6,12.18,30.8,Summer
2004-02-13,192.0,8.2,237.0,0.0,17.6,22.2,11.0,9.2,15.1,21.7,24.39,30.0,Summer
2004-02-14,276.0,20.6,648.0,1.0,21.2,24.4,17.2,16.6,19.6,22.5,20.11,28.7,Summer
2004-02-15,194.0,16.3,493.0,14.9,14.5,18.8,11.1,9.4,13.5,19.7,16.44,29.1,Summer
2004-02-16,267.0,20.1,652.0,8.9,16.5,20.4,12.5,12.0,14.7,18.4,20.64,41.8,Summer
2004-02-17,263.0,17.3,572.0,3.5,16.6,20.2,12.4,11.6,13.7,18.5,19.23,38.5,Summer
2004-02-18,275.0,14.4,464.0,0.0,16.2,21.5,10.0,7.4,14.0,18.1,17.78,37.4,Summer
2004-02-19,275.0,14.8,468.0,0.6,18.3,23.3,14.8,12.2,16.2,19.4,16.29,36.2,Summer
2004-02-20,253.0,22.4,820.0,15.1,16.3,19.1,13.8,11.8,13.4,18.0,21.67,44.2,Summer
2004-02-21,279.0,22.9,732.0,0.5,17.3,20.9,12.2,9.3,15.7,17.5,13.84,39.9,Summer
2004-02-22,274.0,17.1,649.0,1.6,19.8,22.6,15.6,14.2,18.5,20.1,24.4,38.5,Summer
2004-02-23,318.0,11.0,294.0,0.0,18.4,23.4,13.4,12.6,17.2,20.6,21.15,37.1,Summer
2004-02-24,238.0,17.9,613.0,0.0,18.9,21.9,14.0,11.2,16.9,20.4,13.67,35.4,Summer
2004-02-25,212.0,14.6,419.0,0.0,15.6,18.6,13.4,10.1,10.9,18.2,15.79,33.4,Summer
2004-02-26,55.0,7.9,235.0,0.0,15.4,20.2,10.1,9.0,13.4,18.9,20.35,31.6,Summer
2004-02-27,60.0,18.8,669.0,14.0,17.4,19.5,15.4,14.7,16.0,18.3,8.27,31.7,Summer
2004-02-28,8.0,21.9,719.0,84.4,18.9,20.9,15.9,15.6,21.1,18.4,1.75,52.6,Summer
2004-02-29,20.0,16.4,544.0,2.7,18.2,20.7,15.4,13.4,18.7,19.1,8.28,49.0,Summer
2004-03-01,262.0,10.9,351.0,0.0,17.4,22.5,13.0,11.7,14.5,18.4,16.3,43.6,Autumn
2004-03-02,299.0,19.7,530.0,2.3,17.6,23.0,13.9,12.2,15.7,18.9,19.01,41.3,Autumn
2004-03-03,292.0,17.3,555.0,1.4,17.2,22.2,13.1,10.4,13.1,18.4,22.48,41.3,Autumn
2004-03-04,233.0,8.5,296.0,0.0,14.2,20.5,8.3,5.8,10.5,17.8,24.11,40.1,Autumn
2004-03-05,90.0,7.4,168.0,0.0,13.0,19.8,6.6,5.1,11.1,18.2,22.8,38.9,Autumn
2004-03-06,235.0,13.6,277.0,0.0,13.9,20.2,6.6,4.6,12.8,18.2,18.72,37.5,Autumn
2004-03-07,57.0,8.4,207.0,0.0,15.8,21.3,8.7,6.6,14.7,19.1,20.16,35.6,Autumn
2004-03-08,74.0,8.8,275.0,0.0,17.7,22.2,12.4,10.1,16.5,20.0,21.09,33.6,Autumn
2004-03-09,110.0,6.6,189.0,0.0,16.7,21.1,11.7,8.7,15.2,19.9,16.74,32.1,Autumn
2004-03-10,74.0,6.6,151.0,0.0,16.6,24.0,9.2,7.4,15.4,20.0,20.01,30.5,Autumn
2004-03-11,227.0,13.1,396.0,0.0,16.5,19.8,13.7,10.5,14.3,19.5,15.58,29.2,Autumn
2004-03-12,210.0,10.8,272.0,0.0,15.5,18.1,12.6,9.0,13.0,18.0,9.87,28.1,Autumn
2004-03-13,244.0,8.1,201.0,0.0,14.6,19.3,10.3,7.5,12.9,18.1,11.78,27.1,Autumn
2004-03-14,255.0,9.0,216.0,0.0,14.7,18.9,9.6,6.5,12.9,18.0,10.66,26.2,Autumn
2004-03-15,71.0,7.4,163.0,0.0,13.6,20.2,7.5,5.3,13.5,17.5,12.03,25.3,Autumn
2004-03-16,280.0,8.4,171.0,0.0,15.3,21.7,8.5,6.5,15.1,17.8,11.71,24.7,Autumn
2004-03-17,316.0,6.7,151.0,3.7,16.8,20.2,14.6,13.7,17.7,18.7,7.59,25.2,Autumn
2004-03-18,222.0,7.2,188.0,0.0,15.5,21.0,10.0,8.8,14.7,18.2,13.75,25.0,Autumn
2004-03-19,258.0,10.2,252.0,0.0,13.7,20.0,6.9,5.1,12.0,17.2,17.18,24.5,Autumn
2004-03-20,236.0,9.7,274.0,0.0,16.3,21.3,12.5,9.6,14.5,17.8,14.21,23.8,Autumn
2004-03-21,240.0,9.9,233.0,0.0,15.8,22.3,10.7,8.6,14.6,18.1,16.85,23.2,Autumn
2004-03-22,275.0,8.8,235.0,0.0,15.0,21.3,9.3,7.6,14.5,17.6,12.22,22.6,Autumn
2004-03-23,228.0,11.4,299.0,0.0,14.9,20.2,9.0,6.3,12.8,17.3,17.24,21.9,Autumn
2004-03-24,224.0,12.8,347.0,0.1,15.7,21.0,12.1,8.1,13.6,17.3,14.56,21.3,Autumn
2004-03-25,189.0,11.5,279.0,0.0,13.7,19.2,6.9,4.1,10.8,16.9,17.65,20.6,Autumn
2004-03-26,237.0,7.0,174.0,0.0,12.6,20.6,4.3,1.7,11.6,16.8,18.54,20.0,Autumn
2004-03-27,282.0,11.6,356.0,0.0,13.7,19.7,6.2,3.2,12.3,16.7,16.27,19.3,Autumn
2004-03-28,231.0,15.5,402.0,1.3,14.7,18.4,11.8,8.2,11.8,16.2,12.96,19.2,Autumn
2004-03-29,192.0,13.1,334.0,1.7,12.8,17.4,9.0,5.6,10.2,15.1,17.52,19.4,Autumn
2004-03-30,245.0,15.0,363.0,0.0,12.8,19.3,4.7,2.4,11.6,15.1,17.52,19.0,Autumn
2004-03-31,223.0,6.5,176.0,0.0,15.4,20.6,8.4,5.5,13.0,16.6,12.66,18.6,Autumn
2004-04-01,300.0,6.4,111.0,0.0,14.2,19.3,7.8,5.7,13.5,16.6,8.48,18.4,Autumn
2004-04-02,284.0,13.5,376.0,0.0,16.1,21.5,12.0,9.9,14.2,17.2,13.06,18.2,Autumn
2004-04-03,285.0,12.3,349.0,0.1,15.7,20.8,9.5,6.8,13.7,17.2,17.09,17.8,Autumn
2004-04-04,227.0,10.8,267.0,0.1,14.4,19.5,10.3,6.3,12.6,16.8,10.98,17.5,Autumn
2004-04-05,215.0,10.2,252.0,0.4,11.6,18.4,6.2,3.8,10.9,15.6,12.65,17.2,Autumn
2004-04-06,209.0,15.0,265.0,5.7,9.8,16.1,4.9,2.6,10.3,14.2,11.86,17.4,Autumn
2004-04-07,232.0,16.1,361.0,4.6,9.4,15.1,2.9,0.3,9.5,13.1,14.44,20.5,Autumn
2004-04-08,340.0,14.4,338.0,0.5,10.8,17.9,1.0,-1.1,10.3,12.7,13.49,20.1,Autumn
2004-04-09,260.0,15.9,377.0,0.5,13.6,17.5,10.1,5.5,11.9,14.2,11.93,19.7,Autumn
2004-04-10,234.0,12.9,348.0,0.4,12.9,17.1,10.5,6.2,11.1,13.8,10.81,19.4,Autumn
2004-04-11,221.0,15.3,365.0,0.6,12.5,17.1,8.5,4.8,11.5,13.9,14.17,19.1,Autumn
2004-04-12,256.0,16.7,497.0,0.0,14.0,17.9,11.0,7.2,10.6,13.9,13.24,18.7,Autumn
2004-04-13,229.0,8.1,153.0,0.0,12.2,18.3,6.9,3.7,11.2,14.1,9.38,18.4,Autumn
2004-04-14,64.0,9.8,258.0,4.6,11.6,16.4,5.1,2.8,12.7,13.5,7.96,18.6,Autumn
2004-04-15,75.0,10.6,353.0,0.0,15.5,18.9,9.3,6.5,13.7,15.2,14.44,19.7,Autumn
2004-04-16,230.0,10.0,216.0,0.1,13.6,19.7,6.8,4.8,13.0,14.7,12.56,19.2,Autumn
2004-04-17,63.0,5.3,152.0,0.0,14.4,20.0,9.3,6.9,14.1,15.8,14.33,18.8,Autumn
2004-04-18,240.0,8.3,165.0,0.1,13.3,19.9,8.1,7.0,13.6,15.4,8.52,18.5,Autumn
2004-04-19,140.0,7.0,154.0,0.1,14.5,20.7,9.0,6.6,13.3,15.4,15.3,18.2,Autumn
2004-04-20,129.0,8.8,233.0,0.0,14.7,17.3,9.4,7.1,13.4,15.3,7.51,17.9,Autumn
2004-04-21,95.0,8.5,233.0,0.1,15.6,19.2,13.0,11.1,13.9,16.0,7.67,17.8,Autumn
2004-04-22,216.0,7.9,159.0,0.0,13.6,19.6,9.2,6.7,12.8,15.5,13.59,17.6,Autumn
2004-04-23,79.0,10.0,244.0,0.1,13.9,19.2,7.8,6.1,14.1,15.2,10.27,17.3,Autumn
2004-04-24,82.0,7.5,198.0,0.0,12.7,19.2,7.3,5.4,12.8,15.0,11.57,17.1,Autumn
2004-04-25,63.0,8.3,198.0,0.8,12.8,18.5,8.3,6.6,13.3,14.8,7.23,17.0,Autumn
2004-04-26,76.0,8.5,262.0,0.1,13.9,18.8,7.3,6.3,14.6,14.7,8.86,16.9,Autumn
2004-04-27,43.0,11.4,359.0,18.1,15.6,17.3,14.4,13.1,16.7,15.8,3.72,22.1,Autumn
2004-04-28,67.0,5.8,202.0,6.4,16.0,18.5,14.0,12.0,17.1,16.1,6.92,26.0,Autumn
2004-04-29,54.0,11.1,230.0,19.3,15.4,19.5,10.2,9.2,16.1,16.2,6.89,34.6,Autumn
2004-04-30,37.0,8.6,204.0,0.0,15.0,20.8,8.9,8.3,16.1,15.8,11.03,34.0,Autumn
2004-05-01,32.0,9.4,279.0,32.9,16.4,18.2,12.5,10.8,18.1,16.0,1.13,42.8,Autumn
2004-05-02,217.0,11.9,205.0,29.2,19.0,21.3,17.5,17.0,21.3,17.9,4.94,49.5,Autumn
2004-05-03,297.0,15.1,355.0,2.0,17.7,19.7,14.6,13.5,18.5,17.7,4.58,42.9,Autumn
2004-05-04,293.0,21.9,613.0,6.1,13.5,16.7,9.4,4.8,11.6,14.8,10.4,43.3,Autumn
2004-05-05,281.0,16.7,455.0,0.6,14.0,19.1,9.2,4.8,13.5,14.2,9.65,39.1,Autumn
2004-05-06,264.0,18.8,404.0,2.6,13.7,17.8,9.7,5.0,13.2,14.5,9.64,38.9,Autumn
2004-05-07,247.0,11.8,311.0,0.6,13.0,18.2,8.4,3.9,13.0,13.8,9.9,38.3,Autumn
2004-05-08,279.0,6.8,187.0,0.1,12.4,19.6,6.8,3.7,12.9,14.0,10.95,37.9,Autumn
2004-05-09,29.0,6.7,146.0,0.2,11.9,17.0,6.2,2.8,13.4,13.9,7.66,37.4,Autumn
2004-05-10,58.0,13.0,328.0,0.2,15.3,18.5,10.9,8.6,15.7,14.9,7.99,37.1,Autumn
2004-05-11,61.0,13.5,531.0,4.3,16.5,17.6,15.3,15.1,17.0,15.7,4.11,39.4,Autumn
2004-05-12,40.0,19.1,560.0,22.5,17.2,19.3,13.2,8.4,18.9,16.5,1.74,48.2,Autumn
2004-05-13,134.0,8.8,197.0,6.1,14.0,19.0,9.0,5.9,14.5,15.0,9.67,45.4,Autumn
2004-05-14,357.0,7.7,197.0,10.2,14.1,17.9,10.2,7.4,15.5,14.8,4.38,49.9,Autumn
2004-05-15,185.0,10.3,372.0,1.7,12.9,15.6,8.5,3.6,13.1,14.5,4.44,45.7,Autumn
2004-05-16,192.0,7.4,171.0,0.0,10.6,17.4,5.5,1.4,10.7,13.0,11.14,42.1,Autumn
2004-05-17,125.0,7.5,211.0,0.0,11.0,15.4,5.1,0.7,11.5,12.6,6.85,41.0,Autumn
2004-05-18,83.0,9.9,300.0,0.0,13.7,17.3,11.7,6.7,12.1,13.6,10.33,40.6,Autumn
2004-05-19,114.0,8.7,222.0,0.0,12.9,16.7,9.6,4.9,12.4,13.2,7.56,40.2,Autumn
2004-05-20,70.0,8.2,216.0,0.0,12.7,16.9,7.7,3.3,13.1,13.3,7.51,39.8,Autumn
2004-05-21,267.0,4.4,103.0,0.0,10.2,18.5,4.5,0.6,10.9,12.4,10.82,39.5,Autumn
2004-05-22,266.0,9.3,232.0,2.3,11.0,16.0,6.3,2.3,11.6,12.5,8.46,39.4,Autumn
2004-05-23,170.0,11.1,366.0,0.1,11.9,16.7,5.9,3.3,11.4,12.0,8.17,39.3,Autumn
2004-05-24,215.0,11.4,255.0,0.0,10.9,15.3,5.4,0.8,10.4,11.5,7.82,39.1,Autumn
2004-05-25,135.0,13.1,267.0,20.7,10.6,12.1,8.0,4.7,12.2,11.7,1.32,46.3,Autumn
2004-05-26,92.0,14.7,360.0,9.2,12.5,14.9,11.0,6.0,13.4,12.4,6.08,51.6,Autumn
2004-05-27,89.0,8.0,253.0,0.0,12.5,17.3,7.4,3.4,13.0,12.3,7.54,46.0,Autumn
2004-05-28,43.0,26.4,467.0,18.7,14.0,16.8,7.7,4.4,14.9,12.6,1.13,48.4,Autumn
2004-05-29,288.0,18.4,644.0,4.9,13.4,16.5,11.0,7.4,13.0,12.8,8.4,50.2,Autumn
2004-05-30,275.0,17.3,374.0,7.8,11.2,13.6,8.6,4.9,12.0,12.1,5.48,49.9,Autumn
2004-05-31,264.0,24.3,689.0,2.8,12.5,15.3,9.3,5.8,10.7,11.4,7.14,49.4,Autumn
2004-06-01,222.0,17.0,467.0,0.0,13.9,16.3,11.8,8.1,12.5,11.8,6.24,45.1,Winter
2004-06-02,265.0,13.8,468.0,0.2,14.2,17.0,12.3,9.2,14.0,12.8,6.31,43.5,Winter
2004-06-03,266.0,13.5,424.0,0.6,14.6,16.2,12.5,9.6,15.4,13.4,2.71,43.2,Winter
2004-06-04,324.0,12.6,355.0,1.3,14.7,17.5,10.9,7.8,14.7,13.5,4.07,43.5,Winter
2004-06-05,248.0,17.9,458.0,17.1,12.0,15.5,8.9,6.0,12.3,13.1,5.63,51.8,Winter
2004-06-06,259.0,22.7,708.0,2.7,11.4,14.6,9.0,6.2,10.1,11.0,6.3,49.1,Winter
2004-06-07,249.0,16.8,463.0,0.3,11.8,15.4,8.2,3.3,10.2,11.0,7.18,45.9,Winter
2004-06-08,215.0,7.1,209.0,0.6,9.7,15.1,3.1,-0.6,9.8,10.7,8.8,44.2,Winter
2004-06-09,227.0,11.4,190.0,0.0,7.9,14.7,1.5,-1.3,9.5,9.6,7.17,43.6,Winter
2004-06-10,254.0,8.9,204.0,0.4,9.8,14.7,4.3,0.0,10.5,10.8,5.87,43.3,Winter
2004-06-11,258.0,7.6,214.0,0.2,8.1,15.6,1.5,-1.1,10.2,9.9,7.62,43.4,Winter
2004-06-12,125.0,9.7,233.0,0.1,8.7,13.5,1.7,-1.2,10.1,9.5,8.53,43.2,Winter
2004-06-13,62.0,8.6,188.0,0.0,10.4,15.2,4.3,-0.4,11.1,10.3,7.51,43.2,Winter
2004-06-14,272.0,5.3,107.0,0.1,7.8,16.1,2.9,-0.6,9.8,9.1,7.14,43.0,Winter
2004-06-15,287.0,8.4,186.0,0.1,9.5,17.6,3.5,-0.4,10.5,9.2,8.71,42.8,Winter
2004-06-16,312.0,11.0,230.0,0.3,12.4,18.5,6.5,1.9,13.0,10.4,6.59,42.5,Winter
2004-06-17,32.0,7.8,210.0,5.8,14.4,17.0,11.2,8.7,15.9,12.5,4.17,40.8,Winter
2004-06-18,348.0,18.4,549.0,39.4,15.2,16.7,12.1,11.9,16.4,13.8,0.84,48.2,Winter
2004-06-19,295.0,8.1,264.0,7.1,12.6,16.7,10.1,5.9,13.6,13.2,6.35,51.6,Winter
2004-06-20,317.0,15.8,494.0,3.2,15.6,20.3,11.0,8.4,15.2,13.1,6.88,49.4,Winter
2004-06-21,268.0,18.4,715.0,6.3,14.0,16.5,12.1,10.5,13.2,13.2,7.77,49.8,Winter
2004-06-22,247.0,24.8,724.0,9.7,10.6,12.6,6.7,3.7,9.9,11.1,5.95,52.0,Winter
2004-06-23,214.0,14.5,382.0,4.9,9.5,11.9,6.7,3.2,9.9,9.7,6.26,51.7,Winter
2004-06-24,244.0,10.3,274.0,0.0,9.8,14.9,5.2,1.3,11.1,9.6,7.21,49.6,Winter
2004-06-25,280.0,8.4,220.0,0.3,9.3,15.9,4.9,1.5,10.5,9.7,8.25,47.1,Winter
2004-06-26,14.0,6.7,163.0,0.1,9.2,16.7,3.0,-0.8,10.6,9.4,8.81,46.1,Winter
2004-06-27,13.0,21.0,491.0,10.3,13.6,15.9,6.8,3.6,14.6,10.9,1.22,47.7,Winter
2004-06-28,261.0,7.7,228.0,0.2,11.5,13.9,8.1,6.6,12.9,11.8,2.45,51.1,Winter
2004-06-29,229.0,13.1,243.0,9.5,9.7,11.8,7.6,6.4,11.4,10.4,0.8,50.6,Winter
2004-06-30,241.0,24.7,876.0,3.2,12.4,14.9,11.1,9.3,11.0,10.5,6.01,52.1,Winter
2004-07-01,227.0,21.5,686.0,0.6,12.2,15.0,10.3,7.5,11.0,10.6,6.24,52.3,Winter
2004-07-02,255.0,25.0,955.0,5.1,12.0,14.6,9.7,7.8,11.1,10.7,6.86,52.6,Winter
2004-07-03,243.0,21.8,709.0,9.1,11.2,14.2,8.8,5.3,10.6,10.3,7.3,52.4,Winter
2004-07-04,224.0,17.4,375.0,0.9,9.4,12.2,6.6,2.0,9.4,9.4,5.68,52.3,Winter
2004-07-05,299.0,10.4,225.0,1.1,10.2,14.4,5.9,2.7,10.6,10.0,7.92,51.5,Winter
2004-07-06,269.0,10.2,266.0,13.5,11.6,14.1,8.5,5.5,13.2,11.0,2.99,51.6,Winter
2004-07-07,272.0,14.5,275.0,5.3,10.9,16.7,8.0,3.6,11.9,10.6,7.61,52.3,Winter
2004-07-08,191.0,9.0,216.0,0.4,9.5,13.8,6.3,1.5,9.8,9.6,8.6,52.0,Winter
2004-07-09,128.0,12.9,359.0,0.0,9.9,11.7,7.9,4.5,9.8,9.3,5.22,52.0,Winter
2004-07-10,177.0,11.5,413.0,0.0,9.1,13.1,6.0,2.7,7.9,8.4,9.22,49.4,Winter
2004-07-11,187.0,7.3,188.0,0.0,8.0,14.1,1.9,-2.3,8.0,7.9,10.14,47.7,Winter
2004-07-12,85.0,6.2,159.0,0.1,5.5,13.2,0.5,-4.2,8.0,7.1,8.86,47.2,Winter
2004-07-13,124.0,5.9,171.0,0.1,5.5,12.4,0.0,-3.8,8.4,7.0,9.19,46.9,Winter
2004-07-14,11.0,12.1,303.0,0.0,9.5,13.6,3.5,-0.1,10.3,8.0,6.58,46.8,Winter
2004-07-15,167.0,10.0,244.0,4.6,12.5,15.4,9.5,7.2,13.3,10.3,3.98,49.0,Winter
2004-07-16,109.0,5.7,120.0,7.5,10.4,12.5,8.9,7.4,12.4,10.8,2.22,51.8,Winter
2004-07-17,220.0,8.2,232.0,0.3,10.5,12.8,8.3,5.5,11.7,10.5,5.18,51.7,Winter
2004-07-18,233.0,17.8,559.0,0.0,11.2,13.7,9.9,6.7,10.0,9.9,9.32,52.6,Winter
2004-07-19,218.0,11.3,263.0,0.0,9.4,14.3,4.1,1.7,9.1,9.0,9.87,51.6,Winter
2004-07-20,103.0,10.1,225.0,28.3,8.4,13.4,2.4,-0.4,11.1,9.0,4.89,49.2,Winter
2004-07-21,199.0,11.5,323.0,21.4,10.7,13.7,7.9,2.7,11.3,10.7,7.22,51.6,Winter
2004-07-22,254.0,12.9,301.0,2.4,8.4,14.0,3.8,-0.2,10.0,9.1,7.91,51.8,Winter
2004-07-23,219.0,14.2,310.0,0.7,7.1,12.2,2.7,-0.9,8.2,8.3,9.47,51.8,Winter
2004-07-24,174.0,9.0,247.0,0.0,5.7,11.4,0.7,-3.1,6.6,7.1,11.21,50.7,Winter
2004-07-25,118.0,4.9,131.0,0.0,5.0,12.5,-0.4,-4.1,7.7,6.8,10.18,49.5,Winter
2004-07-26,46.0,8.4,185.0,0.9,7.4,13.7,0.7,-2.6,9.6,7.3,7.5,48.7,Winter
2004-07-27,321.0,11.1,352.0,4.7,13.0,14.8,9.3,7.4,13.9,10.0,2.46,49.3,Winter
2004-07-28,353.0,18.6,362.0,6.4,13.4,15.1,11.1,10.3,14.7,11.6,2.56,51.7,Winter
2004-07-29,294.0,14.8,391.0,1.2,12.3,16.2,7.1,3.7,12.5,12.1,6.22,51.8,Winter
2004-07-30,211.0,8.2,186.0,0.0,9.1,14.1,4.0,0.2,10.6,10.6,6.98,51.6,Winter
2004-07-31,243.0,11.2,233.0,0.1,7.7,14.0,2.1,-2.1,9.0,9.5,9.86,50.7,Winter
2004-08-01,117.0,5.6,139.0,0.1,7.1,13.1,0.0,-3.4,8.8,8.7,9.41,49.7,Winter
2004-08-02,87.0,7.7,198.0,10.7,9.1,10.4,7.6,6.1,10.8,10.3,3.62,50.3,Winter
2004-08-03,87.0,6.0,149.0,0.0,7.9,12.6,3.0,-0.5,9.5,10.0,10.58,51.7,Winter
2004-08-04,49.0,9.2,230.0,8.3,9.2,13.3,2.2,-0.7,11.8,9.6,2.48,51.6,Winter
2004-08-05,279.0,14.6,293.0,12.2,13.6,16.0,12.4,9.5,14.4,12.1,3.58,51.7,Winter
2004-08-06,244.0,15.7,541.0,3.0,11.6,14.4,7.5,4.3,12.2,11.4,6.18,51.9,Winter
2004-08-07,275.0,17.0,499.0,8.9,10.2,14.1,6.8,3.2,11.3,10.5,8.88,51.8,Winter
2004-08-08,256.0,18.3,624.0,10.6,10.5,14.4,7.6,4.7,10.9,10.0,8.42,51.7,Winter
2004-08-09,262.0,21.8,531.0,2.5,9.7,12.9,5.7,1.7,9.7,9.5,8.95,51.8,Winter
2004-08-10,282.0,13.8,304.0,1.5,8.6,13.1,4.1,0.3,10.1,9.2,7.13,51.9,Winter
2004-08-11,271.0,20.2,411.0,2.8,8.8,14.9,3.8,0.0,9.8,8.9,8.08,52.0,Winter
2004-08-12,263.0,17.9,562.0,0.3,11.2,15.6,5.3,1.2,11.4,9.5,12.19,51.9,Winter
2004-08-13,285.0,18.6,555.0,0.0,12.4,16.5,9.7,6.1,12.2,11.1,11.31,51.3,Winter
2004-08-14,283.0,12.5,378.0,0.2,12.3,17.0,8.1,4.7,12.1,11.3,11.56,50.4,Winter
2004-08-15,356.0,16.8,421.0,3.2,13.2,16.8,9.5,6.2,12.9,12.0,7.54,50.3,Winter
2004-08-16,232.0,17.1,426.0,1.3,8.2,10.6,5.3,2.1,8.8,10.6,9.21,51.5,Winter
2004-08-17,220.0,18.4,386.0,1.9,6.5,11.1,3.5,-1.5,6.9,8.4,11.25,51.8,Winter
2004-08-18,235.0,16.4,476.0,1.6,8.8,11.5,5.5,1.3,9.5,8.5,7.22,52.0,Winter
2004-08-19,244.0,9.7,310.0,0.0,10.4,14.5,7.3,1.5,10.9,10.0,10.78,51.6,Winter
2004-08-20,263.0,7.9,230.0,0.0,9.8,16.4,5.6,-0.3,10.1,10.3,12.65,50.8,Winter
2004-08-21,284.0,11.6,283.0,1.3,8.8,14.0,4.4,-0.8,10.4,10.0,9.93,50.4,Winter
2004-08-22,271.0,17.0,555.0,4.6,11.2,15.2,6.5,1.2,11.5,10.3,12.57,50.9,Winter
2004-08-23,251.0,17.9,599.0,0.9,11.4,14.6,7.1,2.0,11.2,11.4,10.54,51.8,Winter
2004-08-24,262.0,11.8,240.0,0.3,7.8,13.0,3.6,-0.8,8.5,10.3,12.99,51.2,Winter
2004-08-25,238.0,7.7,195.0,0.0,6.3,12.0,1.3,-3.2,7.1,9.6,12.92,50.6,Winter
2004-08-26,196.0,10.0,301.0,0.0,6.9,12.6,1.6,-2.5,6.8,8.9,15.87,50.0,Winter
2004-08-27,234.0,12.1,270.0,2.8,6.7,11.9,1.6,-2.1,8.6,9.1,11.68,49.8,Winter
2004-08-28,230.0,8.0,234.0,0.0,6.7,12.3,0.8,-3.7,7.1,9.3,15.53,49.7,Winter
2004-08-29,187.0,9.4,254.0,0.1,5.5,12.2,-1.4,-6.3,6.3,8.1,14.62,49.5,Winter
2004-08-30,214.0,11.3,279.0,0.0,6.5,11.8,0.8,-4.5,7.4,7.7,10.79,49.3,Winter
2004-08-31,257.0,7.5,195.0,0.0,6.3,14.4,-0.5,-5.3,7.8,8.2,15.5,49.3,Winter
2004-09-01,320.0,11.8,269.0,6.2,9.8,15.6,2.4,-0.8,11.6,9.4,4.64,49.0,Spring
2004-09-02,275.0,13.2,370.0,0.5,10.7,14.3,6.2,0.3,11.8,10.8,6.82,51.3,Spring
2004-09-03,226.0,16.3,314.0,1.2,8.9,13.1,5.5,-0.4,9.9,10.0,10.83,51.2,Spring
2004-09-04,239.0,12.4,320.0,0.0,8.9,13.0,4.8,-1.1,9.2,9.5,10.54,51.7,Spring
2004-09-05,285.0,15.3,388.0,0.9,9.3,14.4,5.4,0.2,10.1,10.0,14.01,51.3,Spring
2004-09-06,45.0,6.7,170.0,0.0,8.3,14.5,2.8,-1.1,9.5,10.1,13.85,50.8,Spring
2004-09-07,71.0,8.7,215.0,0.0,9.3,14.8,3.3,-1.3,9.7,10.9,17.37,50.5,Spring
2004-09-08,142.0,7.0,169.0,0.1,8.0,14.7,1.8,-2.1,9.1,10.6,14.97,50.1,Spring
2004-09-09,86.0,10.8,308.0,0.0,10.8,14.1,4.0,-0.7,10.0,11.1,8.68,49.7,Spring
2004-09-10,36.0,13.4,406.0,0.0,12.5,16.1,8.2,3.7,12.0,12.1,12.88,48.3,Spring
2004-09-11,23.0,13.4,409.0,0.1,13.7,15.8,12.2,10.3,13.3,12.6,7.56,47.8,Spring
2004-09-12,8.0,12.1,424.0,0.0,14.9,17.9,13.0,10.6,14.0,13.7,14.09,47.2,Spring
2004-09-13,286.0,16.9,541.0,7.3,13.4,15.5,9.8,7.7,13.9,13.4,4.29,48.0,Spring
2004-09-14,281.0,19.5,558.0,2.0,10.9,15.4,7.2,1.8,11.0,12.2,15.72,50.6,Spring
2004-09-15,272.0,11.4,329.0,0.0,9.3,14.8,4.0,0.5,9.9,11.6,12.83,50.6,Spring
2004-09-16,292.0,17.6,463.0,0.4,10.9,17.6,3.3,-0.4,11.1,11.5,12.38,50.1,Spring
2004-09-17,242.0,12.0,341.0,0.7,9.3,14.2,3.4,-0.4,8.9,11.4,15.31,49.6,Spring
2004-09-18,269.0,16.9,571.0,0.9,10.2,16.4,2.4,-1.0,11.2,11.3,17.14,49.4,Spring
2004-09-19,237.0,18.6,604.0,0.6,11.0,14.1,8.2,4.6,9.9,11.7,15.05,49.1,Spring
2004-09-20,246.0,14.0,402.0,0.1,9.9,14.0,5.8,1.0,10.3,11.5,14.97,48.5,Spring
2004-09-21,230.0,15.7,478.0,0.6,11.1,14.9,9.0,6.6,11.0,12.1,15.6,47.5,Spring
2004-09-22,258.0,24.7,816.0,2.1,11.5,14.7,9.5,7.6,10.4,11.9,15.92,47.0,Spring
2004-09-23,280.0,20.5,883.0,0.0,13.4,17.0,9.8,7.5,12.6,12.1,11.22,46.6,Spring
2004-09-24,291.0,21.0,781.0,1.6,14.8,17.6,12.8,12.2,14.2,13.5,9.0,46.1,Spring
2004-09-25,218.0,12.9,391.0,14.6,11.3,13.7,9.3,6.8,12.1,13.2,8.77,50.7,Spring
2004-09-26,185.0,12.0,361.0,0.0,11.2,15.8,7.5,2.1,9.7,12.8,20.42,51.6,Spring
2004-09-27,297.0,13.0,382.0,0.3,10.7,16.0,4.8,0.9,10.8,12.4,13.39,50.1,Spring
2004-09-28,295.0,22.3,745.0,2.3,11.8,15.1,8.1,5.2,12.2,12.0,5.46,50.6,Spring
2004-09-29,288.0,13.8,309.0,0.2,10.5,15.2,3.3,0.3,8.6,12.5,21.78,50.0,Spring
2004-09-30,319.0,10.4,307.0,0.0,9.4,16.5,1.3,-1.1,9.8,12.2,13.45,51.0,Spring
2004-10-01,293.0,13.9,463.0,10.5,12.3,15.6,8.4,4.9,12.9,13.4,7.96,51.3,Spring
2004-10-02,209.0,14.0,303.0,0.0,10.8,15.5,5.2,2.7,9.4,13.1,20.76,51.7,Spring
2004-10-03,80.0,14.5,561.0,2.4,11.3,13.9,5.2,2.4,10.1,12.8,14.73,51.4,Spring
2004-10-04,26.0,18.8,622.0,17.5,13.0,15.1,10.5,9.5,13.7,12.5,3.35,51.2,Spring
2004-10-05,282.0,22.3,685.0,2.5,12.7,15.2,9.5,5.7,11.6,13.4,17.76,51.6,Spring
2004-10-06,272.0,11.7,259.0,0.2,10.7,16.8,4.1,0.7,10.1,12.8,15.5,51.6,Spring
2004-10-07,52.0,12.3,262.0,21.4,11.2,13.4,7.7,5.9,12.9,12.8,3.08,51.3,Spring
2004-10-08,53.0,12.1,292.0,7.4,12.9,15.8,10.0,8.2,13.7,13.2,8.31,51.7,Spring
2004-10-09,292.0,12.4,264.0,8.6,12.4,17.3,8.2,6.1,13.3,13.6,12.3,51.7,Spring
2004-10-10,239.0,18.8,508.0,18.5,12.8,15.1,11.3,9.3,13.4,14.1,11.38,51.6,Spring
2004-10-11,237.0,17.3,581.0,0.6,12.7,15.8,10.6,8.4,10.7,13.3,16.51,51.8,Spring
2004-10-12,231.0,18.4,669.0,0.0,13.0,15.0,11.1,8.7,11.2,13.1,15.03,51.5,Spring
2004-10-13,258.0,20.4,868.0,0.0,14.5,17.9,12.3,10.9,14.3,14.1,16.03,51.0,Spring
2004-10-14,284.0,20.9,950.0,0.0,15.2,17.1,13.7,12.2,15.9,14.7,9.44,50.5,Spring
2004-10-15,280.0,19.7,690.0,0.0,15.6,19.3,13.1,10.7,13.9,15.4,18.63,50.1,Spring
2004-10-16,276.0,24.4,538.0,1.8,15.7,21.2,12.3,11.1,14.4,15.4,12.29,49.5,Spring
2004-10-17,50.0,7.8,220.0,4.3,13.2,17.7,8.6,6.4,13.3,16.0,15.26,49.4,Spring
2004-10-18,258.0,24.2,774.0,2.3,11.3,14.6,8.8,6.3,11.2,14.2,18.38,49.8,Spring
2004-10-19,308.0,14.2,456.0,0.8,11.2,15.5,6.4,4.0,9.7,13.6,22.86,50.0,Spring
2004-10-20,229.0,17.4,441.0,3.0,11.1,15.1,6.6,3.3,10.3,13.6,20.71,50.0,Spring
2004-10-21,249.0,11.1,307.0,0.0,12.1,17.6,7.5,4.1,10.7,14.4,24.83,49.8,Spring
2004-10-22,217.0,9.5,206.0,0.0,12.9,18.0,9.2,7.9,11.5,15.6,16.72,49.4,Spring
2004-10-23,17.0,12.3,294.0,1.2,13.3,18.5,8.3,7.8,13.7,15.7,14.61,49.5,Spring
2004-10-24,278.0,13.9,463.0,0.8,18.1,23.4,15.3,14.5,17.9,17.0,12.38,50.1,Spring
2004-10-25,254.0,9.3,207.0,0.3,16.2,17.8,14.7,14.8,17.2,17.4,6.44,49.6,Spring
2004-10-26,191.0,6.5,168.0,6.7,15.3,18.2,13.1,12.9,16.8,17.1,5.65,50.0,Spring
2004-10-27,249.0,8.6,221.0,0.0,12.7,16.9,7.0,5.6,12.3,16.1,13.79,50.3,Spring
2004-10-28,33.0,7.6,177.0,0.0,12.3,18.1,5.5,5.0,13.0,15.6,12.62,49.8,Spring
2004-10-29,295.0,16.2,460.0,10.3,17.4,21.5,15.1,13.9,18.0,16.9,8.54,50.2,Spring
2004-10-30,240.0,15.7,571.0,2.8,13.6,15.7,9.3,6.0,12.7,15.9,15.82,52.0,Spring
2004-10-31,294.0,9.5,237.0,0.1,11.3,17.6,5.1,4.4,10.0,15.4,19.01,51.2,Spring
2004-11-01,85.0,6.6,143.0,0.2,11.6,16.6,5.3,4.8,10.5,15.7,16.88,50.4,Spring
2004-11-02,43.0,10.7,390.0,0.0,14.3,17.6,11.0,10.8,13.2,16.6,19.57,49.8,Spring
2004-11-03,78.0,10.7,356.0,0.0,14.9,18.6,10.3,9.1,13.7,17.2,20.69,49.4,Spring
2004-11-04,54.0,10.8,291.0,0.1,14.3,19.1,9.3,8.9,12.3,17.6,22.81,49.3,Spring
2004-11-05,93.0,6.6,121.0,0.0,13.5,19.7,7.3,6.3,12.5,17.2,15.29,47.6,Spring
2004-11-06,60.0,6.8,157.0,0.0,15.9,21.2,10.9,10.5,13.7,19.0,24.08,45.2,Spring
2004-11-07,238.0,7.1,161.0,0.0,15.4,20.5,10.1,9.8,14.9,18.5,10.87,41.5,Spring
2004-11-08,222.0,7.8,220.0,0.0,15.0,21.4,8.2,7.7,13.9,17.8,17.26,39.8,Spring
2004-11-09,30.0,8.9,201.0,0.0,15.6,20.8,11.2,10.5,14.9,18.5,14.97,37.9,Spring
2004-11-10,265.0,9.2,229.0,0.0,16.2,22.4,9.6,8.9,14.8,19.2,22.62,36.0,Spring
2004-11-11,93.0,7.3,202.0,0.1,16.3,21.8,10.6,10.1,15.0,20.1,21.46,34.1,Spring
2004-11-12,21.0,11.2,267.0,0.0,16.2,21.6,10.2,10.2,14.8,20.4,26.91,32.2,Spring
2004-11-13,24.0,11.6,390.0,0.5,17.1,19.0,15.2,13.2,16.7,19.5,12.7,30.3,Spring
2004-11-14,352.0,22.2,553.0,8.9,18.0,22.3,13.7,13.2,18.4,19.4,15.21,31.8,Spring
2004-11-15,296.0,21.9,773.0,2.2,15.1,19.1,12.1,10.0,13.1,17.7,22.63,34.3,Spring
2004-11-16,284.0,17.7,476.0,4.8,14.8,20.5,9.6,9.2,14.3,16.9,15.5,34.2,Spring
2004-11-17,259.0,12.2,317.0,0.2,12.5,18.4,7.5,7.7,11.6,16.5,22.09,35.4,Spring
2004-11-18,265.0,15.5,422.0,1.0,13.4,18.6,7.1,6.6,12.2,16.5,25.48,34.1,Spring
2004-11-19,220.0,8.6,197.0,0.0,14.3,19.8,7.7,7.0,12.6,17.4,21.2,32.6,Spring
2004-11-20,272.0,10.0,237.0,0.0,14.5,20.8,7.0,7.5,12.9,18.7,27.07,31.0,Spring
2004-11-21,238.0,11.1,312.0,0.2,14.7,19.8,9.9,8.6,14.2,18.4,18.92,29.5,Spring
2004-11-22,252.0,9.6,240.0,0.0,13.2,18.3,8.1,7.4,11.3,17.8,19.07,28.1,Spring
2004-11-23,277.0,13.9,275.0,2.1,13.5,18.9,6.9,7.2,13.8,17.3,13.33,27.4,Spring
2004-11-24,240.0,10.2,340.0,0.0,13.5,19.5,8.3,6.4,11.6,18.3,21.01,30.4,Spring
2004-11-25,253.0,12.8,286.0,0.0,12.8,18.8,7.0,4.3,11.1,18.1,26.36,28.3,Spring
2004-11-26,243.0,25.5,682.0,9.9,11.2,14.0,8.2,4.1,9.6,15.1,25.09,32.4,Spring
2004-11-27,221.0,18.1,491.0,2.0,11.3,15.6,5.8,1.5,10.5,14.5,21.38,33.4,Spring
2004-11-28,224.0,15.5,626.0,0.3,13.8,17.3,11.3,10.7,12.6,15.8,21.54,32.6,Spring
2004-11-29,270.0,23.2,807.0,0.8,14.8,18.5,12.2,9.2,14.2,16.0,13.1,31.3,Spring
2004-11-30,243.0,19.2,686.0,0.0,14.9,18.6,12.1,9.5,11.6,16.3,26.88,29.9,Spring
2004-12-01,268.0,17.5,656.0,1.3,16.5,19.9,12.7,10.6,16.2,17.5,12.47,28.3,Summer
2004-12-02,280.0,21.5,801.0,0.1,17.4,20.2,14.1,12.9,18.4,18.4,13.46,28.0,Summer
2004-12-03,239.0,13.8,438.0,0.0,15.3,19.4,12.0,11.0,12.8,18.1,24.64,26.9,Summer
2004-12-04,242.0,5.0,140.0,29.8,11.6,13.3,10.5,11.4,12.8,16.4,7.31,32.8,Summer
2004-12-05,279.0,25.7,775.0,12.3,11.8,15.5,9.2,7.6,10.3,14.5,25.57,51.3,Summer
2004-12-06,264.0,15.2,513.0,1.8,13.7,19.0,8.2,5.2,11.0,16.2,31.4,46.3,Summer
2004-12-07,242.0,10.7,255.0,0.0,13.0,18.6,7.5,4.3,11.0,17.3,23.37,43.1,Summer
2004-12-08,231.0,10.7,302.0,0.4,12.4,18.6,4.7,2.9,12.1,16.8,18.68,41.3,Summer
2004-12-09,244.0,20.9,644.0,0.1,14.2,17.5,10.1,7.8,11.9,16.7,22.4,39.7,Summer
2004-12-10,245.0,21.4,793.0,0.0,14.2,17.2,12.0,9.8,11.9,15.9,16.43,37.5,Summer
2004-12-11,249.0,20.6,730.0,0.4,14.1,17.2,11.8,10.2,11.0,16.1,23.75,35.2,Summer
2004-12-12,287.0,15.3,549.0,0.2,14.2,17.7,11.1,8.3,11.7,16.3,17.64,33.1,Summer
2004-12-13,227.0,8.9,198.0,0.6,14.0,18.3,9.8,6.6,13.9,17.3,12.71,31.7,Summer
2004-12-14,233.0,13.8,382.0,0.0,15.3,20.4,9.7,6.4,12.6,18.7,26.46,30.4,Summer
2004-12-15,296.0,15.8,234.0,34.8,16.3,24.2,9.0,7.1,18.1,19.0,11.46,34.8,Summer
2004-12-16,245.0,23.8,794.0,9.2,16.1,20.3,13.3,12.3,15.5,18.6,19.02,52.0,Summer
2004-12-17,264.0,17.5,650.0,0.5,14.8,18.4,12.1,9.4,12.2,16.9,21.72,47.4,Summer
2004-12-18,251.0,26.4,746.0,31.2,11.4,14.2,6.4,5.6,10.9,14.9,23.61,51.8,Summer
2004-12-19,256.0,20.0,561.0,2.3,12.2,17.2,6.9,3.8,10.1,14.2,25.34,51.5,Summer
2004-12-20,241.0,16.0,481.0,0.0,13.4,17.6,8.1,5.7,11.0,15.6,21.83,48.4,Summer
2004-12-21,241.0,12.5,366.0,1.5,13.9,17.5,10.8,7.6,13.3,16.3,12.07,46.5,Summer
2004-12-22,276.0,22.6,710.0,6.1,13.7,18.1,10.1,7.8,12.5,15.9,21.07,49.2,Summer
2004-12-23,258.0,19.3,670.0,8.4,14.6,19.1,11.8,10.4,13.1,16.7,22.86,51.1,Summer
2004-12-24,260.0,16.6,542.0,4.3,13.5,17.4,9.9,9.1,12.5,16.4,23.39,51.4,Summer
2004-12-25,257.0,14.2,477.0,0.4,14.1,18.1,10.6,9.6,11.3,16.5,21.6,49.3,Summer
2004-12-26,273.0,7.5,213.0,0.1,13.4,18.4,8.6,6.9,12.0,16.9,14.36,47.1,Summer
2004-12-27,172.0,6.8,182.0,0.0,14.2,21.8,6.0,4.5,12.3,18.8,26.49,45.3,Summer
2004-12-28,46.0,11.3,333.0,0.0,14.7,20.5,6.8,5.5,15.0,19.3,20.19,45.5,Summer
2004-12-29,43.0,17.9,598.0,0.0,17.2,18.8,16.2,12.7,18.3,18.6,3.24,42.6,Summer
2004-12-30,329.0,22.4,562.0,0.0,15.8,25.9,13.5,14.7,17.7,18.1,4.74,52.1,Summer
2004-12-31,12.0,10.2,195.0,5.7,14.8,20.2,9.9,9.4,15.2,19.1,21.2,51.1,Summer
2005-01-01,290.0,16.4,536.0,4.6,15.6,18.9,13.7,13.2,15.2,18.2,15.1,51.7,Summer
2005-01-02,242.0,12.5,399.0,0.2,15.9,20.3,12.5,11.5,14.0,18.7,23.01,49.7,Summer
2005-01-03,265.0,7.9,199.0,0.0,14.6,18.6,9.7,7.6,13.7,18.4,11.62,48.0,Summer
2005-01-04,312.0,6.1,141.0,0.0,16.0,20.9,10.6,10.7,14.7,19.0,12.22,46.9,Summer
2005-01-05,295.0,10.5,354.0,0.0,17.5,23.2,11.9,11.2,16.3,19.6,13.96,45.8,Summer
2005-01-06,279.0,15.0,546.0,6.0,18.9,21.5,16.7,15.7,20.2,19.7,6.6,45.9,Summer
2005-01-07,277.0,11.5,320.0,18.3,17.3,19.0,14.9,17.6,19.5,19.7,4.34,50.3,Summer
2005-01-08,279.0,18.0,585.0,2.3,17.9,20.3,13.0,11.6,16.8,20.1,21.02,51.7,Summer
2005-01-09,16.0,7.8,257.0,0.0,16.0,22.3,10.9,10.3,14.6,20.0,18.97,49.5,Summer
2005-01-10,210.0,7.8,154.0,1.3,15.9,22.0,11.0,10.7,14.6,20.0,16.36,48.0,Summer
2005-01-11,100.0,7.4,201.0,0.0,15.8,21.2,9.8,8.8,13.9,21.1,30.31,47.3,Summer
2005-01-12,61.0,7.8,190.0,0.0,15.7,22.2,9.4,9.1,14.4,22.0,27.27,45.3,Summer
2005-01-13,199.0,6.6,144.0,0.0,16.0,22.9,9.2,8.8,13.7,21.8,19.73,44.6,Summer
2005-01-14,241.0,13.5,345.0,0.0,15.4,21.8,6.9,6.6,13.7,21.3,29.02,40.5,Summer
2005-01-15,237.0,11.3,321.0,0.0,18.1,23.6,14.4,11.7,15.5,22.7,28.05,37.5,Summer
2005-01-16,253.0,8.7,269.0,0.0,18.5,24.1,13.5,11.2,16.3,23.6,28.59,34.7,Summer
2005-01-17,261.0,12.7,303.0,0.0,17.0,23.8,10.7,9.9,15.4,23.9,29.96,31.9,Summer
2005-01-18,216.0,12.8,410.0,0.2,16.3,21.3,11.6,9.8,15.0,21.8,18.36,29.7,Summer
2005-01-19,209.0,15.6,419.0,0.0,15.8,20.4,8.7,7.2,11.5,20.9,24.89,27.5,Summer
2005-01-20,14.0,10.8,251.0,0.1,13.9,20.9,5.7,5.5,13.7,20.4,18.54,25.4,Summer
2005-01-21,69.0,8.8,225.0,0.0,16.9,23.1,9.8,8.4,13.5,22.7,30.27,23.7,Summer
2005-01-22,70.0,10.5,260.0,0.0,16.6,23.4,8.8,7.8,15.3,22.6,22.28,21.9,Summer
2005-01-23,63.0,8.1,231.0,0.0,18.6,23.8,14.1,12.7,17.4,23.3,20.62,20.7,Summer
2005-01-24,50.0,8.2,200.0,0.0,17.7,22.9,10.8,10.5,17.1,23.1,22.54,19.9,Summer
2005-01-25,80.0,8.1,162.0,0.0,19.7,25.8,13.0,13.0,17.6,24.4,28.14,19.2,Summer
2005-01-26,86.0,14.4,393.0,0.0,18.6,23.1,13.4,13.3,17.7,23.8,24.17,18.4,Summer
2005-01-27,85.0,14.3,576.0,0.0,18.8,22.4,17.1,16.1,16.7,23.1,24.15,17.7,Summer
2005-01-28,76.0,12.1,454.0,0.1,18.3,21.8,15.7,12.6,15.2,22.4,20.02,17.1,Summer
2005-01-29,80.0,14.5,501.0,0.0,18.8,22.2,16.8,15.3,15.4,22.0,18.77,16.5,Summer
2005-01-30,77.0,16.1,546.0,0.0,19.1,22.4,16.6,15.5,15.6,21.9,18.48,16.1,Summer
2005-01-31,116.0,12.4,383.0,0.0,19.7,22.3,17.8,17.7,18.7,21.9,11.16,15.7,Summer
2005-02-01,86.0,9.7,224.0,3.4,19.6,24.4,14.3,13.9,19.4,22.2,11.34,15.5,Summer
2005-02-02,90.0,11.5,456.0,3.2,19.9,23.0,18.7,19.7,22.1,22.7,14.55,17.2,Summer
2005-02-03,85.0,9.0,336.0,0.9,20.3,23.4,18.3,19.2,22.1,23.4,19.02,17.0,Summer
2005-02-04,96.0,8.9,245.0,4.6,21.2,25.4,18.9,19.2,22.1,24.2,21.05,16.7,Summer
2005-02-05,87.0,15.5,657.0,52.9,19.2,20.0,18.4,19.6,21.5,21.9,3.22,39.6,Summer
2005-02-06,52.0,12.5,491.0,3.7,18.9,20.0,17.9,19.5,20.7,21.3,5.77,36.1,Summer
2005-02-07,31.0,15.0,322.0,6.8,19.1,21.7,17.0,18.8,20.3,21.8,13.65,41.4,Summer
2005-02-08,226.0,7.7,223.0,1.2,20.2,24.6,17.5,17.1,20.1,22.7,18.05,38.4,Summer
2005-02-09,241.0,9.5,258.0,0.0,20.1,25.4,15.2,15.8,19.3,22.5,18.34,36.9,Summer
2005-02-10,242.0,9.5,236.0,0.0,19.8,27.0,14.5,15.5,18.8,22.9,25.64,34.9,Summer
2005-02-11,295.0,10.9,267.0,7.3,18.5,24.0,12.4,14.4,18.0,22.4,16.17,33.1,Summer
2005-02-12,263.0,15.8,523.0,3.3,18.5,22.6,13.4,14.1,16.5,21.5,23.64,40.6,Summer
2005-02-13,237.0,10.3,242.0,0.0,16.9,23.8,10.5,12.8,15.5,21.1,21.17,37.2,Summer
2005-02-14,261.0,16.1,435.0,0.0,18.0,22.9,13.4,12.9,16.1,21.4,21.54,35.4,Summer
2005-02-15,247.0,10.9,275.0,0.4,16.9,23.1,10.9,11.2,14.8,21.2,26.31,33.2,Summer
2005-02-16,261.0,8.8,207.0,0.0,16.2,23.6,9.3,10.3,13.9,21.4,27.2,31.1,Summer
2005-02-17,248.0,10.2,231.0,0.0,16.9,23.6,10.7,11.4,14.6,21.6,22.58,29.2,Summer
2005-02-18,217.0,11.9,329.0,0.0,17.1,23.0,9.8,10.2,13.6,21.4,24.17,27.4,Summer
2005-02-19,108.0,8.9,217.0,0.0,15.4,22.9,7.8,9.6,14.3,21.1,22.79,25.3,Summer
2005-02-20,231.0,11.8,299.0,0.0,17.5,22.8,12.5,13.0,15.0,21.6,23.26,23.6,Summer
2005-02-21,84.0,11.8,294.0,0.0,18.0,23.6,12.3,12.7,16.5,21.9,21.32,22.0,Summer
2005-02-22,75.0,8.9,218.0,0.4,17.1,22.4,11.3,13.0,17.1,21.5,17.04,20.9,Summer
2005-02-23,185.0,5.7,104.0,5.5,16.7,21.5,13.0,13.9,17.2,21.2,10.81,22.0,Summer
2005-02-24,155.0,4.3,105.0,0.0,17.7,23.4,12.5,14.1,17.2,21.2,11.99,22.8,Summer
2005-02-25,207.0,6.8,144.0,0.0,18.7,22.5,15.1,16.4,18.1,21.4,10.99,22.0,Summer
2005-02-26,39.0,6.2,149.0,0.2,17.5,23.6,11.7,13.8,17.2,21.1,15.22,21.3,Summer
2005-02-27,255.0,9.4,299.0,0.0,17.6,25.5,10.5,13.3,16.8,21.3,23.21,20.5,Summer
2005-02-28,217.0,11.6,357.0,1.6,17.0,20.6,12.8,12.1,15.3,20.2,11.92,20.4,Summer
2005-03-01,83.0,7.9,198.0,0.0,15.3,22.1,8.2,10.1,13.0,19.7,22.74,19.5,Autumn
2005-03-02,268.0,9.7,201.0,0.0,15.7,23.7,8.3,11.2,13.1,20.3,25.11,18.7,Autumn
2005-03-03,224.0,12.9,318.0,0.0,15.8,22.8,8.5,11.5,13.8,20.2,22.53,17.9,Autumn
2005-03-04,268.0,8.3,205.0,0.0,17.8,22.7,12.8,13.3,18.0,20.8,12.86,17.3,Autumn
2005-03-05,252.0,8.0,129.0,0.0,18.6,25.1,12.8,13.4,17.5,21.7,17.67,17.0,Autumn
2005-03-06,29.0,11.1,255.0,0.0,17.7,25.7,10.6,12.0,16.2,21.5,23.5,16.6,Autumn
2005-03-07,250.0,9.7,327.0,0.0,17.1,22.2,9.6,9.5,15.9,20.7,13.49,16.1,Autumn
2005-03-08,275.0,10.2,222.0,0.0,14.8,22.3,6.6,7.7,12.7,19.5,18.15,15.9,Autumn
2005-03-09,279.0,7.6,183.0,0.0,17.6,23.6,10.9,11.4,15.5,21.1,16.97,15.6,Autumn
2005-03-10,256.0,9.2,218.0,0.0,16.6,25.7,8.8,9.8,14.4,21.0,22.72,15.1,Autumn
2005-03-11,218.0,11.0,278.0,0.0,17.0,21.5,11.5,10.9,15.2,20.5,14.49,14.8,Autumn
2005-03-12,79.0,9.6,258.0,0.0,14.4,19.9,7.4,8.1,13.6,19.0,13.33,14.6,Autumn
2005-03-13,75.0,8.5,163.0,0.0,16.5,21.9,12.7,12.7,14.7,20.3,19.85,14.5,Autumn
2005-03-14,94.0,7.2,163.0,0.0,16.0,22.4,11.4,11.3,14.0,20.4,16.1,14.3,Autumn
2005-03-15,121.0,7.1,218.0,0.0,16.8,23.5,10.4,10.8,12.9,20.5,22.94,14.0,Autumn
2005-03-16,82.0,6.9,151.0,2.2,16.3,23.5,9.8,10.5,15.5,20.8,15.99,13.8,Autumn
2005-03-17,221.0,11.7,352.0,0.0,17.4,23.7,11.2,11.5,16.5,20.2,18.51,13.9,Autumn
2005-03-18,231.0,14.3,393.0,0.0,17.9,22.5,14.4,12.7,17.5,20.1,16.09,13.8,Autumn
2005-03-19,232.0,9.3,294.0,0.0,19.4,25.7,13.7,12.9,17.4,21.2,19.51,13.7,Autumn
2005-03-20,50.0,6.9,151.0,0.0,17.6,24.5,11.1,11.9,17.3,21.4,17.24,13.4,Autumn
2005-03-21,323.0,5.3,125.0,0.0,17.7,22.9,12.9,11.4,17.8,21.2,8.53,13.3,Autumn
2005-03-22,88.0,6.8,163.0,0.0,17.6,25.1,10.8,9.6,17.0,21.2,17.8,13.2,Autumn
2005-03-23,29.0,9.1,217.0,0.0,18.2,25.1,11.4,9.1,17.0,21.5,17.2,13.0,Autumn
2005-03-24,19.0,10.4,312.0,5.1,20.0,23.4,16.8,15.4,21.3,21.9,12.39,13.8,Autumn
2005-03-25,288.0,18.4,614.0,17.3,20.5,25.0,17.3,15.8,19.6,21.3,13.88,17.1,Autumn
2005-03-26,272.0,12.8,437.0,0.2,18.6,23.6,15.1,11.9,17.4,20.6,16.67,17.2,Autumn
2005-03-27,265.0,11.6,386.0,0.0,17.5,23.1,14.1,11.7,15.9,20.1,16.78,16.7,Autumn
2005-03-28,251.0,14.5,411.0,0.0,15.5,21.3,10.7,7.3,14.5,18.9,14.36,16.1,Autumn
2005-03-29,12.0,10.0,247.0,0.0,15.4,21.4,8.8,6.3,14.5,18.5,13.32,15.7,Autumn
2005-03-30,271.0,12.9,280.0,12.0,15.8,21.8,9.3,5.7,14.1,18.6,17.62,18.3,Autumn
2005-03-31,26.0,13.2,268.0,0.0,14.8,22.1,6.6,3.2,13.5,17.7,17.87,17.6,Autumn
2005-04-01,27.0,11.3,269.0,0.0,16.2,23.4,8.0,6.0,14.5,18.4,18.33,17.0,Autumn
2005-04-02,224.0,9.5,268.0,0.0,16.0,23.6,8.6,6.5,14.9,18.9,17.89,16.4,Autumn
2005-04-03,171.0,7.7,181.0,0.0,17.0,22.8,10.8,8.0,15.1,19.7,14.42,16.0,Autumn
2005-04-04,272.0,8.5,211.0,0.0,15.4,24.1,8.3,5.6,14.6,19.3,17.98,15.5,Autumn
2005-04-05,157.0,7.5,186.0,0.0,16.6,23.3,10.0,8.1,14.8,19.3,13.34,15.1,Autumn
2005-04-06,64.0,10.5,315.0,0.0,16.8,21.4,10.0,6.8,14.5,19.3,10.27,14.8,Autumn
2005-04-07,53.0,6.9,153.0,0.0,15.0,22.4,8.3,5.5,15.1,18.5,13.24,14.7,Autumn
2005-04-08,91.0,8.8,193.0,0.0,16.8,22.2,11.5,9.0,16.4,19.4,15.64,14.5,Autumn
2005-04-09,89.0,7.7,285.0,0.0,18.3,22.0,14.9,14.8,17.4,20.3,11.14,14.4,Autumn
2005-04-10,178.0,9.4,289.0,0.0,15.2,20.2,8.4,5.0,12.5,18.9,15.63,14.2,Autumn
2005-04-11,190.0,9.2,238.0,3.2,15.5,21.7,8.4,5.5,12.3,18.1,17.55,14.0,Autumn
2005-04-12,218.0,15.2,396.0,3.0,16.7,20.4,13.7,13.6,16.0,18.4,9.74,15.6,Autumn
2005-04-13,221.0,12.2,269.0,0.0,18.2,23.4,15.2,11.9,15.2,18.8,16.61,14.9,Autumn
2005-04-14,85.0,7.9,266.0,0.0,14.2,18.1,7.0,2.8,11.6,18.1,14.9,14.6,Autumn
2005-04-15,79.0,5.5,126.0,0.0,11.3,19.6,4.2,0.4,11.4,16.5,13.83,14.4,Autumn
2005-04-16,169.0,5.8,127.0,0.0,11.6,19.8,4.5,0.9,11.5,16.2,12.36,14.2,Autumn
2005-04-17,261.0,12.3,264.0,0.0,14.5,20.0,10.2,8.1,13.0,16.8,9.77,14.0,Autumn
2005-04-18,77.0,7.2,174.0,0.0,13.9,20.8,7.5,3.4,13.0,17.1,15.0,13.8,Autumn
2005-04-19,70.0,5.3,142.0,0.0,12.0,20.7,4.5,2.3,12.1,16.2,12.1,13.7,Autumn
2005-04-20,269.0,10.0,208.0,0.0,12.4,20.3,5.7,2.5,11.7,16.0,14.85,13.5,Autumn
2005-04-21,231.0,15.0,311.0,2.2,13.1,18.5,9.3,2.6,12.7,15.6,8.98,13.7,Autumn
2005-04-22,214.0,9.3,218.0,0.0,11.2,18.0,2.7,-0.7,11.0,14.1,10.09,13.8,Autumn
2005-04-23,254.0,13.4,396.0,1.4,14.5,19.2,11.5,9.6,13.6,15.6,9.65,13.8,Autumn
2005-04-24,241.0,17.2,546.0,4.6,13.0,16.8,7.2,1.0,10.8,14.7,11.32,15.3,Autumn
2005-04-25,196.0,13.3,337.0,0.0,9.0,14.0,3.9,-1.0,7.4,12.3,14.44,15.2,Autumn
2005-04-26,253.0,16.3,451.0,0.2,10.1,17.3,0.7,-3.0,9.9,12.2,11.35,15.0,Autumn
2005-04-27,280.0,15.8,467.0,5.6,14.4,17.9,11.8,8.1,12.9,14.6,9.06,16.4,Autumn
2005-04-28,213.0,12.9,357.0,0.0,14.3,17.6,9.1,5.1,13.0,14.8,9.41,16.1,Autumn
2005-04-29,247.0,10.2,274.0,0.0,11.7,17.7,4.3,0.3,10.5,14.0,10.94,15.9,Autumn
2005-04-30,319.0,11.0,290.0,0.0,14.5,21.2,10.1,5.1,12.4,15.3,13.05,15.6,Autumn
2005-05-01,326.0,9.2,172.0,1.8,12.7,20.6,5.7,3.0,13.6,14.8,8.86,15.5,Autumn
2005-05-02,7.0,9.3,174.0,0.0,14.4,20.4,9.3,8.1,15.3,15.6,8.41,15.6,Autumn
2005-05-03,219.0,7.6,184.0,2.2,14.1,18.8,12.1,11.1,15.2,16.1,5.28,15.7,Autumn
2005-05-04,116.0,13.1,349.0,0.7,14.9,18.7,11.9,9.2,14.5,15.9,9.61,15.8,Autumn
2005-05-05,128.0,12.6,467.0,0.7,16.2,18.1,14.4,13.3,14.3,16.1,6.91,16.2,Autumn
2005-05-06,85.0,13.6,424.0,0.0,15.9,17.1,14.0,9.9,14.4,16.0,5.25,16.0,Autumn
2005-05-07,85.0,5.8,156.0,0.0,13.5,19.4,6.6,3.3,12.9,15.5,10.43,15.8,Autumn
2005-05-08,240.0,16.0,289.0,4.8,11.1,16.3,6.1,3.1,12.1,14.2,6.37,16.8,Autumn
2005-05-09,199.0,8.1,233.0,0.0,9.7,16.7,2.4,-0.4,8.4,12.9,13.35,17.0,Autumn
2005-05-10,253.0,8.2,197.0,0.0,9.4,16.3,2.2,0.1,10.2,12.7,8.64,16.8,Autumn
2005-05-11,252.0,7.2,251.0,0.0,11.1,17.6,5.5,3.0,11.2,13.2,8.73,16.6,Autumn
2005-05-12,250.0,11.4,345.0,1.0,13.3,18.7,8.3,4.0,13.7,13.9,10.4,16.5,Autumn
2005-05-13,270.0,10.5,279.0,0.0,13.9,19.6,6.1,2.6,13.8,14.5,9.32,16.4,Autumn
2005-05-14,268.0,4.7,153.0,0.0,10.0,17.8,5.0,2.5,11.4,13.3,7.49,16.2,Autumn
2005-05-15,63.0,11.3,239.0,22.7,12.1,16.2,5.8,3.8,14.2,13.7,3.27,17.5,Autumn
2005-05-16,90.0,16.1,320.0,19.6,13.7,15.0,12.8,12.9,15.4,15.1,1.98,25.1,Autumn
2005-05-17,78.0,18.3,432.0,34.8,16.0,17.5,13.8,14.5,17.8,16.1,2.04,37.6,Autumn
2005-05-18,10.0,9.1,326.0,3.9,17.6,20.3,14.6,13.8,18.5,17.2,6.59,33.1,Autumn
2005-05-19,86.0,7.4,250.0,0.0,15.9,19.0,13.8,11.7,17.4,17.2,6.23,31.8,Autumn
2005-05-20,294.0,8.0,303.0,0.0,17.0,20.5,15.0,15.1,17.6,17.5,5.78,30.9,Autumn
2005-05-21,296.0,6.7,165.0,0.0,14.6,17.4,11.1,10.5,15.3,16.8,4.78,30.7,Autumn
2005-05-22,40.0,19.2,438.0,22.4,15.3,18.8,11.5,12.3,16.6,16.4,3.27,37.4,Autumn
2005-05-23,271.0,11.9,315.0,0.2,14.0,18.2,8.5,7.4,14.4,16.1,8.66,34.0,Autumn
2005-05-24,206.0,9.1,201.0,0.0,11.3,17.7,6.5,6.3,11.8,14.5,8.2,33.1,Autumn
2005-05-25,226.0,8.0,177.0,0.0,10.9,17.2,5.9,5.0,11.7,14.0,7.06,32.6,Autumn
2005-05-26,31.0,6.8,220.0,0.0,11.6,18.4,4.5,4.3,12.1,13.3,8.62,32.3,Autumn
2005-05-27,274.0,16.3,476.0,9.2,14.2,17.6,12.9,11.7,14.2,14.5,5.9,35.8,Autumn
2005-05-28,267.0,20.4,503.0,3.0,12.7,18.0,6.8,5.9,13.5,14.5,7.7,38.8,Autumn
2005-05-29,312.0,15.1,366.0,5.6,12.4,18.9,6.1,5.8,13.3,13.5,7.23,36.4,Autumn
2005-05-30,237.0,21.0,596.0,19.0,9.5,12.3,7.6,4.2,10.3,11.8,4.52,48.0,Autumn
2005-05-31,245.0,17.0,479.0,9.6,11.1,14.9,8.2,7.7,11.6,11.6,6.91,41.9,Autumn
2005-06-01,252.0,20.7,558.0,2.2,12.8,16.0,7.8,4.5,12.8,13.1,4.98,37.8,Winter
2005-06-02,237.0,16.9,567.0,0.6,11.8,14.4,8.9,6.7,10.9,12.1,8.62,35.7,Winter
2005-06-03,224.0,24.5,806.0,4.9,11.9,14.0,10.0,7.7,10.5,11.8,8.03,37.5,Winter
2005-06-04,227.0,18.9,502.0,4.2,11.8,14.2,8.8,7.0,11.7,11.6,5.33,37.0,Winter
2005-06-05,258.0,11.8,330.0,0.6,11.9,15.4,9.3,7.5,12.2,12.2,6.45,37.1,Winter
2005-06-06,216.0,11.1,266.0,0.0,10.9,15.6,5.3,1.8,11.1,11.6,7.06,35.8,Winter
2005-06-07,187.0,6.7,191.0,0.0,7.3,14.2,0.9,-0.4,7.8,10.0,9.93,35.4,Winter
2005-06-08,239.0,9.7,243.0,0.0,7.1,14.9,0.5,-0.5,9.2,9.4,6.15,35.2,Winter
2005-06-09,123.0,5.2,123.0,0.0,7.2,15.9,1.4,0.8,9.6,9.4,7.07,35.0,Winter
2005-06-10,84.0,4.7,118.0,0.0,7.1,15.5,1.4,0.0,9.6,9.2,7.54,34.8,Winter
2005-06-11,269.0,4.8,119.0,0.0,8.6,16.7,2.9,1.0,10.3,9.8,7.26,34.6,Winter
2005-06-12,161.0,8.1,124.0,8.6,9.1,14.1,3.2,2.4,11.3,10.5,4.93,35.3,Winter
2005-06-13,137.0,11.2,289.0,8.6,11.7,14.8,9.5,5.0,11.5,11.6,5.7,44.3,Winter
2005-06-14,178.0,7.2,203.0,0.0,9.7,14.3,4.8,0.6,9.7,10.1,8.89,38.1,Winter
2005-06-15,177.0,8.9,334.0,0.0,10.6,14.5,7.4,4.0,9.1,9.8,8.35,36.9,Winter
2005-06-16,84.0,11.7,296.0,0.0,11.6,14.5,5.6,3.0,10.9,10.5,5.1,36.4,Winter
2005-06-17,54.0,11.3,457.0,0.0,14.1,15.4,12.8,9.7,12.4,11.9,3.69,36.1,Winter
2005-06-18,37.0,13.5,266.0,23.6,13.5,15.1,12.0,11.1,14.8,13.5,2.82,46.8,Winter
2005-06-19,252.0,9.2,236.0,1.9,11.5,16.7,6.2,2.5,12.3,12.8,7.34,45.7,Winter
2005-06-20,10.0,6.0,154.0,0.1,9.2,17.0,3.5,0.8,10.8,10.9,7.84,39.6,Winter
2005-06-21,18.0,19.3,432.0,12.5,13.0,14.7,11.7,9.8,14.2,12.2,0.55,46.7,Winter
2005-06-22,271.0,23.6,624.0,5.4,13.5,15.5,9.7,6.9,13.8,13.4,6.51,49.7,Winter
2005-06-23,241.0,5.0,144.0,0.5,11.2,15.2,7.9,5.2,12.6,12.6,5.4,41.1,Winter
2005-06-24,270.0,9.0,226.0,29.2,12.9,14.1,10.9,11.9,14.6,13.6,1.08,48.9,Winter
2005-06-25,233.0,16.8,319.0,5.1,12.5,17.9,9.1,6.6,12.4,13.4,6.91,49.7,Winter
2005-06-26,185.0,12.3,309.0,0.0,8.0,11.6,0.9,-2.2,7.4,10.3,9.06,41.5,Winter
2005-06-27,249.0,10.4,209.0,0.0,5.4,13.1,-0.9,-4.7,8.0,8.4,7.3,39.6,Winter
2005-06-28,231.0,15.3,325.0,1.2,8.6,13.8,4.1,0.9,9.9,9.4,7.05,39.4,Winter
2005-06-29,256.0,15.0,553.0,1.2,11.9,15.2,8.3,5.1,11.8,10.4,6.46,39.4,Winter
2005-06-30,232.0,17.9,492.0,0.1,10.1,14.0,0.7,-2.6,9.3,10.3,7.14,39.5,Winter
2005-07-01,221.0,10.5,231.0,0.2,8.0,14.3,-0.1,-3.3,9.9,9.1,7.08,39.3,Winter
2005-07-02,94.0,6.5,177.0,0.0,7.9,13.3,0.7,-3.0,9.2,9.3,8.99,39.2,Winter
2005-07-03,358.0,9.9,196.0,0.0,8.9,14.7,0.5,-2.9,9.9,9.0,6.64,39.2,Winter
2005-07-04,60.0,16.1,515.0,1.1,13.8,14.8,12.2,9.7,13.2,11.2,1.78,39.1,Winter
2005-07-05,66.0,17.0,692.0,10.9,13.9,15.0,12.6,12.5,14.5,12.9,1.87,45.4,Winter
2005-07-06,47.0,19.0,597.0,55.6,12.8,14.0,11.1,11.3,14.3,13.2,1.08,53.0,Winter
2005-07-07,63.0,12.1,366.0,17.9,13.2,13.8,12.5,13.1,14.9,14.1,2.97,52.5,Winter
2005-07-08,295.0,13.6,368.0,2.5,12.6,15.4,11.3,11.0,14.2,14.2,5.06,47.9,Winter
2005-07-09,249.0,19.5,574.0,4.8,11.2,14.2,8.2,4.0,11.2,12.3,7.49,48.8,Winter
2005-07-10,229.0,10.7,234.0,0.9,8.4,14.1,4.2,1.3,9.9,10.4,7.69,44.8,Winter
2005-07-11,58.0,17.6,437.0,16.2,11.3,14.1,4.6,5.2,13.0,11.2,1.12,47.0,Winter
2005-07-12,221.0,24.9,719.0,0.6,12.0,13.7,10.0,9.9,10.9,11.9,6.81,48.9,Winter
2005-07-13,252.0,12.5,338.0,0.0,11.0,14.4,6.8,3.9,10.0,10.7,7.48,44.0,Winter
2005-07-14,307.0,12.6,314.0,1.1,11.3,16.7,5.4,2.4,11.6,10.9,8.43,42.7,Winter
2005-07-15,285.0,20.3,589.0,5.5,13.8,17.3,9.6,7.5,14.1,13.3,7.46,46.8,Winter
2005-07-16,94.0,19.8,327.0,27.9,11.4,12.5,8.5,9.4,13.0,12.8,1.94,46.5,Winter
2005-07-17,319.0,15.3,378.0,4.8,11.8,17.3,6.8,5.4,12.5,12.7,8.26,50.6,Winter
2005-07-18,289.0,10.7,221.0,7.0,10.2,15.3,5.8,3.9,11.9,12.1,7.08,50.8,Winter
2005-07-19,274.0,10.2,296.0,1.0,8.9,13.7,4.2,1.9,10.7,11.4,9.01,48.0,Winter
2005-07-20,232.0,11.6,287.0,0.0,8.9,14.0,3.3,1.0,10.7,10.3,8.3,45.6,Winter
2005-07-21,226.0,14.7,413.0,2.1,10.6,14.0,5.4,1.2,10.1,10.6,9.54,45.2,Winter
2005-07-22,194.0,9.0,217.0,0.0,6.8,13.3,2.1,-1.2,8.1,8.9,10.92,44.7,Winter
2005-07-23,239.0,10.6,249.0,0.0,8.6,13.7,2.9,1.5,9.7,9.5,6.21,44.3,Winter
2005-07-24,252.0,11.5,311.0,7.8,9.6,15.4,5.7,2.6,11.3,10.2,7.95,46.5,Winter
2005-07-25,268.0,9.3,274.0,0.0,9.1,14.2,4.7,1.9,10.9,10.2,7.25,47.7,Winter
2005-07-26,320.0,9.5,226.0,0.0,10.3,15.6,4.3,2.0,11.0,10.6,4.89,45.8,Winter
2005-07-27,292.0,8.0,307.0,0.0,12.6,18.3,8.1,5.9,12.6,11.8,10.18,45.2,Winter
2005-07-28,14.0,9.3,273.0,5.6,13.0,17.2,9.7,8.3,13.8,12.7,6.27,47.6,Winter
2005-07-29,227.0,9.3,241.0,0.0,10.9,15.1,7.2,4.8,10.9,12.3,8.63,46.2,Winter
2005-07-30,243.0,9.1,261.0,0.3,9.4,15.6,2.9,0.4,10.5,11.2,9.63,45.7,Winter
2005-07-31,282.0,14.9,464.0,1.7,11.3,16.5,8.0,6.5,12.3,11.9,10.17,45.4,Winter
2005-08-01,266.0,15.9,452.0,7.6,11.4,16.0,7.5,5.7,12.3,12.1,11.06,46.1,Winter
2005-08-02,172.0,11.1,298.0,2.2,9.2,13.1,4.7,3.1,10.3,10.9,9.22,50.7,Winter
2005-08-03,214.0,6.4,192.0,0.0,8.7,14.7,2.3,-0.9,9.1,10.5,12.34,48.2,Winter
2005-08-04,82.0,5.1,121.0,0.0,6.2,14.3,0.4,-2.2,8.2,9.6,12.34,46.7,Winter
2005-08-05,109.0,5.2,107.0,0.0,6.5,14.4,0.4,-2.2,8.9,9.5,12.31,46.3,Winter
2005-08-06,78.0,12.7,350.0,0.0,8.7,14.3,1.7,-0.7,10.1,9.5,7.13,46.1,Winter
2005-08-07,83.0,15.6,378.0,6.6,10.3,13.8,3.1,0.8,11.2,10.7,2.51,47.8,Winter
2005-08-08,62.0,9.7,267.0,0.9,9.5,15.2,2.6,0.3,11.4,10.4,8.35,50.5,Winter
2005-08-09,236.0,12.4,355.0,4.5,10.7,14.8,7.0,2.7,11.6,11.2,8.23,49.5,Winter
2005-08-10,230.0,14.3,440.0,0.1,10.6,14.0,7.3,2.6,9.4,10.3,9.91,49.5,Winter
2005-08-11,315.0,7.4,164.0,0.0,10.3,15.7,6.5,3.8,10.3,11.4,9.71,47.7,Winter
2005-08-12,268.0,9.4,291.0,3.2,12.2,16.6,6.3,2.0,12.4,12.4,8.56,49.2,Winter
2005-08-13,269.0,12.5,276.0,0.8,9.4,16.0,4.9,1.8,10.5,11.4,10.07,47.9,Winter
2005-08-14,223.0,13.6,329.0,0.0,9.4,15.1,4.5,0.5,9.9,10.8,11.45,47.4,Winter
2005-08-15,234.0,10.7,250.0,0.0,8.8,14.5,3.0,-0.4,8.9,10.3,9.37,47.1,Winter
2005-08-16,233.0,7.7,132.0,0.0,8.5,15.9,3.3,-0.2,9.4,10.8,10.42,46.9,Winter
2005-08-17,313.0,10.1,190.0,0.0,8.4,16.7,1.8,-1.3,9.4,10.5,12.35,46.8,Winter
2005-08-18,93.0,9.7,267.0,0.2,10.9,15.5,3.7,0.3,11.5,11.0,10.7,46.5,Winter
2005-08-19,75.0,11.9,352.0,0.2,12.3,16.0,8.9,6.1,12.4,12.2,10.99,46.3,Winter
2005-08-20,59.0,7.4,203.0,0.1,10.9,15.6,5.0,0.9,11.5,12.5,13.56,46.0,Winter
2005-08-21,86.0,10.0,207.0,0.1,9.6,14.8,4.0,0.0,10.6,11.7,8.78,45.8,Winter
2005-08-22,49.0,9.0,176.0,1.3,10.4,16.5,5.7,2.3,11.5,12.6,11.35,45.5,Winter
2005-08-23,19.0,14.6,298.0,1.4,11.2,16.4,5.0,2.7,12.2,12.6,10.56,45.0,Winter
2005-08-24,324.0,18.2,338.0,11.4,12.4,16.7,5.4,2.0,12.5,13.7,10.69,50.4,Winter
2005-08-25,192.0,8.7,199.0,0.3,9.9,16.2,3.9,1.2,11.0,12.1,10.81,49.7,Winter
2005-08-26,222.0,11.0,346.0,0.0,12.1,17.8,7.5,3.3,10.6,12.4,15.02,48.5,Winter
2005-08-27,205.0,8.0,172.0,0.0,10.9,16.1,6.2,1.9,10.1,12.5,9.71,47.9,Winter
2005-08-28,84.0,8.4,240.0,0.2,11.6,16.0,7.7,4.3,11.6,13.4,13.54,47.5,Winter
2005-08-29,88.0,6.3,136.0,0.0,9.9,15.9,4.5,0.7,10.7,12.9,10.15,47.1,Winter
2005-08-30,82.0,6.7,140.0,0.0,8.7,16.1,2.1,-1.0,10.1,12.1,15.08,47.0,Winter
2005-08-31,64.0,5.1,103.0,0.0,9.3,17.0,3.1,-0.2,10.0,12.5,16.46,46.5,Winter
2005-09-01,73.0,5.6,113.0,0.0,9.0,16.9,2.3,-1.0,10.1,12.5,16.65,45.8,Spring
2005-09-02,86.0,4.8,114.0,0.0,9.2,18.3,1.5,-1.3,10.3,12.5,16.05,45.0,Spring
2005-09-03,68.0,5.5,152.0,0.0,9.7,18.5,2.2,-1.3,10.6,12.8,17.36,46.5,Spring
2005-09-04,66.0,10.4,223.0,0.0,11.2,16.5,6.9,3.7,10.8,13.5,13.19,44.6,Spring
2005-09-05,46.0,9.7,300.0,0.8,12.7,16.5,8.4,3.7,12.4,14.0,11.1,42.1,Spring
2005-09-06,339.0,11.8,328.0,1.2,13.9,17.3,11.7,9.7,13.6,14.7,11.71,41.5,Spring
2005-09-07,62.0,10.5,320.0,0.1,13.2,15.8,11.1,6.9,12.5,14.2,10.16,41.3,Spring
2005-09-08,99.0,10.5,318.0,0.0,12.2,16.2,5.4,1.0,11.8,13.9,12.26,40.9,Spring
2005-09-09,68.0,13.8,523.0,0.0,13.7,16.7,11.5,9.6,13.0,14.4,11.02,40.2,Spring
2005-09-10,100.0,14.9,612.0,1.2,12.9,14.3,11.9,11.3,13.2,13.9,5.13,39.4,Spring
2005-09-11,95.0,10.8,320.0,0.8,14.3,17.1,12.4,12.7,15.3,15.2,9.46,39.4,Spring
2005-09-12,71.0,7.1,187.0,0.5,14.4,18.9,9.6,6.1,14.6,16.6,16.42,39.4,Spring
2005-09-13,34.0,8.0,217.0,0.1,13.4,19.0,7.1,5.2,14.3,16.2,14.08,38.6,Spring
2005-09-14,273.0,11.6,314.0,7.8,13.3,17.7,10.8,9.1,14.4,16.1,8.58,40.1,Spring
2005-09-15,255.0,17.8,556.0,4.8,13.1,17.1,9.9,7.9,12.7,15.1,17.2,43.6,Spring
2005-09-16,279.0,23.4,761.0,1.0,13.7,17.5,9.8,5.9,13.2,14.5,13.23,43.2,Spring
2005-09-17,275.0,17.7,572.0,3.7,14.3,17.3,12.1,10.6,13.7,14.7,8.59,43.2,Spring
2005-09-18,276.0,28.9,921.0,33.3,14.1,17.2,11.0,10.2,14.2,14.9,9.91,51.5,Spring
2005-09-19,256.0,24.3,861.0,12.3,9.7,13.6,5.1,3.7,9.4,12.1,10.81,52.8,Spring
2005-09-20,211.0,17.2,450.0,1.7,8.5,13.6,4.3,1.4,8.3,10.9,17.48,52.3,Spring
2005-09-21,245.0,13.1,283.0,0.1,8.3,14.9,2.9,1.0,9.5,11.9,17.85,50.7,Spring
2005-09-22,239.0,15.0,447.0,0.2,9.8,14.8,4.7,1.4,10.4,12.5,16.4,50.3,Spring
2005-09-23,210.0,15.4,403.0,7.9,11.8,16.6,7.3,5.8,11.7,13.4,18.29,51.1,Spring
2005-09-24,236.0,14.5,375.0,0.3,12.4,15.2,10.0,8.4,11.0,13.8,13.89,50.2,Spring
2005-09-25,253.0,13.1,344.0,0.0,11.9,16.2,7.8,4.2,12.4,13.6,9.41,50.4,Spring
2005-09-26,265.0,10.8,349.0,0.0,12.7,17.7,8.1,5.5,12.9,13.9,12.58,50.3,Spring
2005-09-27,324.0,8.7,242.0,0.0,13.5,19.3,8.4,7.7,13.7,14.8,10.09,50.1,Spring
2005-09-28,279.0,19.0,581.0,1.5,14.7,18.5,11.0,10.8,14.7,15.2,9.75,49.8,Spring
2005-09-29,90.0,8.6,248.0,4.5,12.6,15.9,10.7,8.6,14.1,15.2,9.32,49.9,Spring
2005-09-30,69.0,9.4,352.0,0.0,14.0,16.5,9.2,7.2,13.8,15.1,11.25,49.5,Spring
2005-10-01,285.0,15.8,404.0,0.8,14.8,19.3,11.1,8.9,14.9,15.6,12.17,49.3,Spring
2005-10-02,347.0,15.5,308.0,13.7,13.9,17.1,11.3,11.8,15.0,15.3,4.17,50.1,Spring
2005-10-03,225.0,16.8,522.0,7.6,12.1,14.1,10.2,8.0,13.0,14.2,9.92,51.4,Spring
2005-10-04,225.0,17.3,560.0,0.0,13.6,16.5,11.5,9.0,12.6,14.3,16.17,51.6,Spring
2005-10-05,258.0,27.3,882.0,6.3,12.3,15.3,9.5,7.8,11.5,13.9,17.46,51.3,Spring
2005-10-06,246.0,21.9,864.0,14.0,12.2,15.4,9.0,7.4,11.6,12.9,18.97,51.4,Spring
2005-10-07,302.0,18.1,659.0,2.1,12.7,16.8,6.8,4.5,12.1,14.0,19.04,51.4,Spring
2005-10-08,273.0,30.5,1069.0,8.4,12.3,15.2,9.7,7.7,11.0,13.5,15.9,51.5,Spring
2005-10-09,255.0,20.3,454.0,2.7,11.7,14.7,10.0,7.3,11.3,12.6,9.44,51.5,Spring
2005-10-10,276.0,19.5,564.0,3.6,15.9,19.2,12.6,9.8,15.2,15.6,20.26,51.4,Spring
2005-10-11,242.0,14.8,428.0,6.4,12.8,16.2,8.7,6.6,13.5,15.0,14.04,51.4,Spring
2005-10-12,44.0,9.8,258.0,0.5,12.2,17.2,6.6,5.6,13.5,14.5,10.76,51.4,Spring
2005-10-13,42.0,10.7,181.0,15.1,13.4,17.9,10.6,9.7,14.6,15.7,9.89,51.2,Spring
2005-10-14,30.0,7.6,199.0,0.0,13.6,17.7,9.2,7.8,14.3,15.9,11.1,51.3,Spring
2005-10-15,61.0,7.9,192.0,0.1,12.7,18.2,6.8,5.9,13.3,15.6,13.16,51.2,Spring
2005-10-16,315.0,6.0,167.0,9.0,13.9,18.1,10.2,9.3,14.7,17.0,12.66,51.0,Spring
2005-10-17,151.0,5.8,138.0,0.0,13.8,19.6,9.1,9.3,13.0,16.9,17.51,51.0,Spring
2005-10-18,91.0,6.9,180.0,0.0,13.1,19.0,6.8,6.7,12.5,17.2,23.98,50.7,Spring
2005-10-19,43.0,13.2,339.0,0.8,14.4,17.3,10.8,11.3,15.3,16.8,9.13,50.3,Spring
2005-10-20,68.0,10.9,398.0,72.2,14.4,17.8,13.0,13.5,15.2,16.1,6.73,50.4,Spring
2005-10-21,215.0,14.4,424.0,8.9,13.4,16.9,10.1,10.7,14.1,16.0,12.59,50.9,Spring
2005-10-22,194.0,16.8,389.0,8.7,12.4,17.8,9.0,9.6,11.6,15.1,16.27,51.0,Spring
2005-10-23,94.0,7.6,176.0,0.0,12.0,17.4,6.3,9.3,12.1,15.7,15.82,50.9,Spring
2005-10-24,102.0,6.7,177.0,0.5,12.8,17.1,8.8,11.4,12.8,15.7,12.63,50.9,Spring
2005-10-25,65.0,7.2,154.0,0.1,13.2,19.5,6.5,9.5,11.7,16.8,22.89,50.7,Spring
2005-10-26,60.0,7.4,172.0,0.0,12.9,19.8,6.1,8.4,12.1,17.2,24.49,50.3,Spring
2005-10-27,70.0,9.9,274.0,0.0,12.9,18.8,6.4,8.4,12.1,17.6,27.35,50.1,Spring
2005-10-28,82.0,8.3,206.0,0.0,13.1,18.7,6.5,9.1,12.1,17.2,16.86,49.7,Spring
2005-10-29,71.0,8.2,190.0,0.0,14.7,18.6,11.6,13.4,12.5,17.4,11.65,49.6,Spring
2005-10-30,73.0,7.1,153.0,0.0,13.7,17.7,8.7,10.1,13.7,17.1,11.96,49.4,Spring
2005-10-31,241.0,7.9,178.0,0.0,15.0,19.8,10.9,10.5,13.9,17.9,16.14,49.3,Spring
2005-11-01,259.0,12.4,369.0,0.0,14.2,18.8,8.6,8.8,12.8,17.5,23.87,49.0,Spring
2005-11-02,239.0,14.4,434.0,0.0,15.5,18.9,9.4,11.1,13.4,17.9,18.84,48.4,Spring
2005-11-03,234.0,15.4,391.0,0.0,13.5,18.1,7.5,9.2,12.7,17.2,17.44,47.0,Spring
2005-11-04,256.0,16.5,605.0,0.0,17.0,20.3,14.8,14.4,15.8,18.6,22.92,44.9,Spring
2005-11-05,263.0,18.9,710.0,0.8,16.5,20.3,13.9,13.8,15.1,18.6,22.11,42.5,Spring
2005-11-06,221.0,12.3,330.0,0.5,15.3,19.3,12.7,13.6,14.4,18.6,18.28,40.7,Spring
2005-11-07,83.0,6.7,190.0,2.1,14.6,19.2,12.6,12.7,15.0,18.2,9.49,40.1,Spring
2005-11-08,83.0,11.3,388.0,0.4,15.5,18.8,12.2,9.9,14.7,18.6,20.44,39.7,Spring
2005-11-09,83.0,11.2,352.0,0.0,15.8,19.7,11.1,7.3,13.8,19.6,27.93,38.4,Spring
2005-11-10,56.0,10.8,206.0,0.0,14.0,20.1,7.3,4.5,13.0,20.1,26.87,36.3,Spring
2005-11-11,59.0,8.1,198.0,0.0,14.6,21.5,6.7,4.6,14.6,20.2,24.3,34.3,Spring
2005-11-12,268.0,14.6,378.0,0.5,16.7,22.3,12.2,9.2,16.4,20.4,17.58,32.6,Spring
2005-11-13,264.0,17.1,433.0,0.2,15.4,20.6,11.0,7.2,14.1,19.1,23.71,31.3,Spring
2005-11-14,228.0,19.2,469.0,2.2,14.0,18.6,11.1,6.2,13.0,18.1,23.43,30.0,Spring
2005-11-15,227.0,11.0,311.0,0.0,13.0,19.5,5.6,2.8,11.1,17.9,27.16,29.2,Spring
2005-11-16,23.0,9.0,203.0,0.0,12.8,21.1,4.9,2.9,10.9,19.0,25.67,27.7,Spring
2005-11-17,252.0,11.4,326.0,0.0,14.8,21.2,6.4,3.7,13.2,19.7,24.61,26.4,Spring
2005-11-18,200.0,11.7,251.0,0.8,15.6,20.2,10.4,5.5,13.0,20.7,26.9,25.2,Spring
2005-11-19,55.0,6.1,167.0,0.0,13.8,20.3,5.5,3.2,12.1,19.7,19.16,24.4,Spring
2005-11-20,259.0,7.2,175.0,0.0,15.6,21.4,10.2,7.4,13.2,20.7,21.41,23.6,Spring
2005-11-21,266.0,20.8,398.0,5.8,15.2,22.7,8.7,6.5,14.2,19.8,17.23,23.3,Spring
2005-11-22,236.0,17.1,428.0,1.3,13.8,18.2,9.6,6.1,11.6,18.2,26.64,25.3,Spring
2005-11-23,260.0,12.5,355.0,0.0,13.8,19.2,5.8,2.1,10.7,18.3,28.2,24.3,Spring
2005-11-24,237.0,12.2,392.0,0.0,14.6,17.6,10.2,5.6,11.8,18.3,15.57,23.2,Spring
2005-11-25,98.0,15.8,376.0,29.0,11.9,17.6,6.2,3.0,13.0,16.9,13.37,24.8,Spring
2005-11-26,121.0,24.0,646.0,20.7,12.0,13.7,10.2,8.3,11.9,14.8,7.31,50.3,Spring
2005-11-27,159.0,12.7,394.0,1.1,13.7,18.5,9.9,6.7,9.6,16.0,27.88,44.2,Spring
2005-11-28,196.0,14.3,488.0,0.1,14.7,18.4,10.0,4.6,9.8,16.1,23.5,41.8,Spring
2005-11-29,122.0,12.8,328.0,0.0,15.9,19.9,11.5,8.6,11.8,18.8,31.91,39.4,Spring
2005-11-30,275.0,8.1,216.0,0.0,15.3,21.3,9.3,6.1,13.4,19.7,22.77,36.5,Spring
2005-12-01,238.0,10.7,290.0,0.0,15.0,21.9,7.1,3.9,13.4,20.5,31.98,33.7,Summer
2005-12-02,256.0,11.8,292.0,0.0,14.4,21.0,7.1,4.0,12.7,20.7,30.04,31.0,Summer
2005-12-03,268.0,14.3,371.0,0.0,14.7,22.0,6.1,2.5,12.4,20.6,30.23,28.5,Summer
2005-12-04,273.0,10.8,366.0,0.0,16.9,23.5,9.5,6.0,14.8,21.1,24.89,26.3,Summer
2005-12-05,274.0,16.9,406.0,2.0,18.1,22.7,15.1,12.7,18.3,20.6,12.16,25.1,Summer
2005-12-06,296.0,16.6,518.0,1.2,18.2,25.1,12.2,7.9,16.5,20.1,22.31,24.5,Summer
2005-12-07,260.0,11.9,449.0,5.4,17.3,21.0,15.1,12.7,17.1,20.0,21.15,25.1,Summer
2005-12-08,289.0,11.7,348.0,0.0,17.2,21.9,10.8,7.6,16.4,19.9,21.97,23.6,Summer
2005-12-09,277.0,12.3,447.0,0.5,19.8,24.7,16.9,16.9,20.3,21.8,21.48,23.5,Summer
2005-12-10,357.0,22.3,343.0,6.5,20.4,26.3,16.8,16.0,20.6,23.1,26.51,24.6,Summer
2005-12-11,37.0,14.0,391.0,0.0,18.0,20.2,15.3,15.2,19.7,21.5,8.68,26.3,Summer
2005-12-12,75.0,11.8,477.0,0.0,19.7,23.6,17.6,16.2,19.5,22.1,24.56,25.1,Summer
2005-12-13,66.0,13.9,457.0,0.4,19.7,22.8,17.9,17.6,21.0,22.8,18.34,23.7,Summer
2005-12-14,64.0,14.1,528.0,1.1,19.4,21.6,17.9,17.6,20.3,22.0,14.05,23.2,Summer
2005-12-15,34.0,14.6,513.0,5.0,18.7,21.1,17.5,16.5,19.1,21.1,12.67,23.0,Summer
2005-12-16,54.0,17.5,453.0,8.5,17.8,19.9,15.6,15.4,19.3,20.3,9.77,30.7,Summer
2005-12-17,112.0,6.7,154.0,6.7,16.8,20.0,14.7,14.9,18.4,20.1,10.49,32.5,Summer
2005-12-18,279.0,10.5,303.0,0.0,18.0,23.5,12.5,11.7,16.8,21.5,29.9,34.6,Summer
2005-12-19,354.0,13.5,289.0,6.4,16.6,20.4,11.0,9.7,17.8,19.9,7.92,35.7,Summer
2005-12-20,294.0,19.4,591.0,0.3,18.7,22.3,15.2,13.4,17.4,20.7,26.4,37.5,Summer
2005-12-21,270.0,16.4,497.0,16.6,16.4,20.7,14.0,13.2,16.1,19.9,20.93,42.3,Summer
2005-12-22,235.0,23.0,750.0,16.2,16.7,20.6,13.4,12.6,17.4,19.3,20.71,50.9,Summer
2005-12-23,259.0,24.8,917.0,2.5,17.7,20.0,14.7,12.4,15.3,19.4,26.21,45.2,Summer
2005-12-24,241.0,17.2,591.0,1.5,16.7,20.0,13.7,9.6,15.1,18.8,22.25,42.8,Summer
2005-12-25,258.0,15.5,483.0,0.0,16.8,21.2,11.1,6.9,16.0,19.4,26.22,41.6,Summer
2005-12-26,289.0,12.7,456.0,2.6,18.5,21.6,13.3,9.0,19.3,20.2,10.23,40.7,Summer
2005-12-27,200.0,12.3,341.0,0.0,17.1,22.3,10.6,6.8,15.4,20.3,30.41,39.6,Summer
2005-12-28,80.0,9.4,271.0,7.6,17.0,22.5,9.5,7.9,16.1,21.3,29.47,37.7,Summer
2005-12-29,102.0,8.9,201.0,9.8,17.6,22.6,12.6,11.7,17.6,21.7,23.23,46.8,Summer
2005-12-30,235.0,11.8,327.0,0.0,17.5,23.4,10.0,8.1,16.1,21.8,29.61,42.9,Summer
2005-12-31,242.0,17.2,571.0,0.4,19.3,23.0,16.4,14.0,18.9,22.0,27.05,41.2,Summer
2006-01-01,240.0,17.7,669.0,0.0,19.6,22.5,16.9,14.8,18.4,21.9,21.6,38.7,Summer
2006-01-02,277.0,23.0,862.0,6.1,19.7,23.1,17.0,15.5,19.7,21.7,20.35,36.5,Summer
2006-01-03,274.0,16.8,576.0,0.0,18.7,22.5,12.8,9.5,17.3,21.7,32.39,37.8,Summer
2006-01-04,275.0,21.9,769.0,5.7,19.2,21.6,15.3,12.4,17.9,21.4,19.38,38.3,Summer
2006-01-05,281.0,20.8,537.0,4.2,16.9,21.4,12.6,10.5,14.3,20.0,21.06,37.4,Summer
2006-01-06,252.0,14.8,415.0,1.0,15.0,20.5,9.7,6.7,12.9,19.8,28.71,38.3,Summer
2006-01-07,277.0,9.9,231.0,0.0,14.7,21.4,6.7,4.7,12.1,20.0,26.81,35.9,Summer
2006-01-08,250.0,9.6,280.0,0.0,15.1,22.5,6.6,4.5,13.2,20.5,29.52,33.5,Summer
2006-01-09,214.0,13.9,341.0,0.0,17.5,23.3,9.7,7.0,15.2,21.5,31.27,31.0,Summer
2006-01-10,65.0,8.5,232.0,0.0,18.1,24.1,12.2,9.2,17.2,22.5,28.02,29.0,Summer
2006-01-11,74.0,7.5,216.0,0.0,17.9,23.6,11.3,9.0,16.2,22.9,32.13,27.0,Summer
2006-01-12,266.0,11.0,301.0,0.0,18.4,24.8,10.4,7.9,16.6,23.1,28.0,25.2,Summer
2006-01-13,46.0,7.8,180.0,0.0,19.6,23.7,16.0,13.8,18.8,23.2,17.92,23.8,Summer
2006-01-14,259.0,9.8,297.0,0.1,19.5,25.5,13.6,11.4,19.2,22.9,21.21,22.9,Summer
2006-01-15,253.0,13.5,356.0,0.6,19.8,23.4,15.7,13.4,19.7,23.1,20.32,22.1,Summer
2006-01-16,241.0,14.7,372.0,0.2,16.8,21.4,11.7,7.6,13.0,22.1,27.66,21.3,Summer
2006-01-17,181.0,8.8,213.0,0.0,16.4,24.0,8.3,5.5,13.5,22.2,31.97,20.3,Summer
2006-01-18,256.0,11.3,297.0,0.0,17.2,23.2,10.7,7.5,15.4,22.4,24.81,19.5,Summer
2006-01-19,293.0,16.4,350.0,3.2,17.2,22.2,12.3,7.2,16.6,21.1,8.31,19.4,Summer
2006-01-20,90.0,12.3,346.0,0.0,15.9,22.0,8.2,4.7,13.8,20.2,28.24,19.6,Summer
2006-01-21,79.0,10.5,402.0,0.0,18.7,22.7,12.5,8.2,14.7,21.9,32.08,19.0,Summer
2006-01-22,58.0,9.2,262.0,0.0,16.3,22.8,9.1,6.2,14.3,22.0,29.97,18.3,Summer
2006-01-23,86.0,15.8,462.0,0.0,17.6,22.2,11.3,8.2,16.6,21.4,18.09,17.7,Summer
2006-01-24,48.0,24.1,780.0,93.1,19.2,21.0,16.0,15.8,21.9,20.3,3.46,41.2,Summer
2006-01-25,353.0,12.9,424.0,6.4,20.3,23.9,17.3,16.5,22.5,21.7,13.18,47.5,Summer
2006-01-26,262.0,10.5,267.0,0.5,18.5,21.9,16.5,15.1,19.1,21.2,12.6,44.6,Summer
2006-01-27,79.0,16.1,389.0,0.0,18.5,21.3,15.0,12.7,19.0,20.7,10.56,45.2,Summer
2006-01-28,74.0,9.4,328.0,0.5,20.2,22.8,18.2,18.6,22.4,21.4,12.03,44.1,Summer
2006-01-29,56.0,9.0,351.0,1.3,20.6,24.3,19.3,19.2,22.9,22.5,16.88,41.2,Summer
2006-01-30,81.0,8.4,308.0,2.5,20.6,24.0,18.8,19.3,23.3,23.0,17.75,41.0,Summer
2006-01-31,38.0,7.4,255.0,0.5,21.3,26.1,18.7,18.9,23.5,23.9,19.91,40.7,Summer
2006-02-01,78.0,10.0,311.0,24.4,20.4,21.6,19.3,20.0,23.9,23.3,6.98,46.1,Summer
2006-02-02,95.0,13.8,482.0,0.6,20.0,22.0,18.4,18.9,22.1,22.2,8.12,46.0,Summer
2006-02-03,227.0,9.2,268.0,2.7,21.2,25.9,17.8,14.9,22.4,22.9,16.52,45.7,Summer
2006-02-04,234.0,8.0,263.0,0.0,20.8,25.7,16.5,14.4,19.4,23.0,21.38,43.7,Summer
2006-02-05,220.0,14.6,392.0,0.0,18.8,22.5,15.2,11.6,16.3,22.4,28.57,44.0,Summer
2006-02-06,140.0,7.7,174.0,0.1,18.5,24.6,11.9,9.6,16.0,22.1,25.4,40.5,Summer
2006-02-07,66.0,8.3,222.0,0.0,18.0,23.1,11.3,8.5,16.8,22.3,21.44,38.4,Summer
2006-02-08,283.0,14.6,356.0,1.3,17.4,22.6,10.3,6.6,16.7,21.6,17.98,36.7,Summer
2006-02-09,2.0,12.6,252.0,5.3,14.6,21.2,8.8,5.8,14.1,20.3,18.3,36.3,Summer
2006-02-10,68.0,10.0,240.0,0.0,16.8,22.8,9.8,7.2,16.8,20.5,20.63,38.5,Summer
2006-02-11,63.0,8.7,187.0,0.0,18.2,23.8,11.8,9.7,18.0,20.9,14.96,36.8,Summer
2006-02-12,270.0,10.4,330.0,0.2,18.6,26.2,11.2,8.2,18.0,21.4,21.98,34.8,Summer
2006-02-13,232.0,9.1,207.0,0.0,17.2,24.1,9.2,6.5,15.8,20.9,21.59,32.8,Summer
2006-02-14,258.0,10.4,238.0,0.0,18.8,25.4,12.9,10.5,16.5,21.7,25.37,31.1,Summer
2006-02-15,217.0,14.8,353.0,0.0,18.4,22.4,14.0,10.1,15.7,21.5,25.1,29.3,Summer
2006-02-16,76.0,10.2,260.0,0.0,17.3,23.6,10.0,7.1,16.6,21.0,23.14,27.5,Summer
2006-02-17,85.0,7.9,144.0,0.0,18.9,24.7,13.4,10.1,17.2,21.8,23.14,26.0,Summer
2006-02-18,86.0,9.1,230.0,0.0,18.3,24.0,12.0,9.5,17.3,22.0,25.85,24.5,Summer
2006-02-19,77.0,7.6,137.0,0.0,18.0,25.2,11.6,8.4,16.9,21.9,21.04,23.1,Summer
2006-02-20,91.0,6.0,131.0,0.0,18.2,24.6,13.6,10.6,17.6,21.7,12.97,22.2,Summer
2006-02-21,240.0,11.7,209.0,0.0,18.2,25.6,11.7,9.3,15.8,21.5,24.78,21.4,Summer
2006-02-22,278.0,14.8,410.0,1.3,18.0,24.3,12.4,9.2,17.9,21.2,19.77,20.5,Summer
2006-02-23,210.0,16.6,376.0,0.0,17.6,23.5,11.5,6.6,15.5,20.6,21.13,20.1,Summer
2006-02-24,224.0,8.8,240.0,0.0,15.2,22.0,8.9,3.8,9.9,19.9,28.46,19.6,Summer
2006-02-25,239.0,10.1,260.0,0.0,15.2,22.1,8.0,4.3,13.8,19.7,16.11,18.9,Summer
2006-02-26,231.0,7.9,255.0,0.0,17.6,22.2,12.5,8.5,15.3,20.4,15.25,18.5,Summer
2006-02-27,256.0,10.0,256.0,0.0,16.9,20.2,12.4,10.3,14.8,20.0,10.53,18.2,Summer
2006-02-28,240.0,13.7,378.0,0.4,17.2,22.0,11.9,7.4,14.5,20.2,23.95,18.0,Summer
2006-03-01,259.0,12.7,345.0,0.0,15.1,21.6,6.6,4.4,13.0,19.9,25.25,17.5,Autumn
2006-03-02,222.0,14.5,490.0,1.4,17.1,20.0,14.9,11.7,13.4,19.8,18.72,17.3,Autumn
2006-03-03,237.0,17.8,625.0,1.2,16.6,20.2,14.3,10.6,14.1,18.7,14.39,17.1,Autumn
2006-03-04,181.0,12.2,330.0,0.2,14.2,20.4,6.7,2.4,10.7,18.3,21.5,17.0,Autumn
2006-03-05,227.0,16.8,435.0,0.2,13.5,20.6,5.4,1.4,13.4,17.6,12.35,16.8,Autumn
2006-03-06,256.0,14.5,523.0,0.0,18.7,22.4,16.3,13.0,16.4,19.2,19.84,16.7,Autumn
2006-03-07,329.0,10.9,310.0,40.1,17.8,21.4,16.3,15.1,17.9,19.5,6.39,19.9,Autumn
2006-03-08,265.0,21.8,689.0,2.7,18.3,22.9,14.6,10.8,18.0,19.3,16.8,32.9,Autumn
2006-03-09,256.0,13.8,401.0,0.2,16.0,20.1,9.9,4.9,13.4,18.6,18.59,31.3,Autumn
2006-03-10,245.0,9.0,218.0,0.0,13.3,21.2,6.1,2.8,11.8,17.9,19.54,29.9,Autumn
2006-03-11,268.0,9.0,305.0,0.0,15.6,23.8,7.2,4.9,15.8,18.3,17.46,28.5,Autumn
2006-03-12,209.0,10.6,359.0,4.4,16.1,20.0,12.9,8.0,15.4,18.7,14.42,28.8,Autumn
2006-03-13,120.0,11.1,344.0,0.3,16.3,20.5,12.1,7.2,14.0,18.4,22.06,28.8,Autumn
2006-03-14,90.0,12.0,375.0,0.0,16.7,20.1,13.2,10.5,13.1,18.6,23.14,27.2,Autumn
2006-03-15,215.0,11.9,347.0,0.0,16.6,21.9,11.5,6.5,14.5,18.7,22.77,25.7,Autumn
2006-03-16,64.0,7.7,188.0,0.0,17.2,23.0,9.6,7.5,17.0,19.3,17.85,24.4,Autumn
2006-03-17,304.0,7.8,227.0,0.0,18.4,24.6,12.6,10.0,17.0,20.1,16.52,23.4,Autumn
2006-03-18,69.0,6.4,125.0,0.0,17.4,22.8,12.1,9.5,17.8,20.2,12.8,22.5,Autumn
2006-03-19,65.0,7.3,124.0,0.0,17.7,23.4,13.2,9.4,18.1,20.3,10.56,21.9,Autumn
2006-03-20,93.0,6.7,138.0,0.0,17.1,23.9,11.3,8.4,17.1,20.2,17.35,21.3,Autumn
2006-03-21,29.0,8.8,157.0,0.0,16.8,23.3,11.4,9.6,16.5,20.3,17.66,20.5,Autumn
2006-03-22,81.0,8.0,228.0,0.0,17.2,23.5,10.3,8.7,16.1,20.1,21.25,20.0,Autumn
2006-03-23,135.0,8.7,236.0,0.4,18.1,23.6,14.8,11.5,17.2,20.3,14.1,19.4,Autumn
2006-03-24,216.0,11.1,363.0,1.2,17.7,22.1,14.8,11.4,17.6,19.8,18.72,19.2,Autumn
2006-03-25,67.0,15.2,373.0,0.0,17.6,19.8,15.5,12.7,15.5,19.3,10.48,18.9,Autumn
2006-03-26,77.0,20.4,808.0,41.7,16.0,17.3,14.5,15.1,17.5,17.9,2.64,32.3,Autumn
2006-03-27,49.0,17.6,511.0,16.0,19.9,23.6,17.2,17.1,21.5,19.5,13.21,44.9,Autumn
2006-03-28,228.0,11.0,360.0,6.8,19.1,22.1,17.1,16.1,20.4,19.8,10.07,43.3,Autumn
2006-03-29,206.0,9.8,212.0,0.0,18.6,24.2,14.3,12.0,17.7,20.0,19.69,40.0,Autumn
2006-03-30,84.0,7.7,258.0,0.0,16.9,20.2,12.7,10.8,16.5,19.6,13.46,38.4,Autumn
2006-03-31,74.0,7.1,163.0,0.0,16.6,21.6,12.5,11.5,17.4,19.5,13.86,37.4,Autumn
2006-04-01,33.0,8.2,216.0,0.0,17.6,22.2,12.7,11.1,17.9,19.7,14.65,36.4,Autumn
2006-04-02,23.0,15.8,498.0,28.9,19.1,21.6,17.1,16.8,21.5,19.7,3.69,46.5,Autumn
2006-04-03,259.0,13.2,330.0,3.6,19.4,23.6,16.5,14.3,20.2,20.2,12.59,42.7,Autumn
2006-04-04,268.0,18.6,625.0,4.7,17.9,21.4,15.2,14.6,18.1,19.4,13.69,42.7,Autumn
2006-04-05,260.0,13.4,290.0,1.8,17.7,21.9,15.4,14.9,18.0,19.3,13.6,43.4,Autumn
2006-04-06,19.0,10.4,166.0,0.0,17.0,21.7,10.9,9.2,17.0,19.2,11.86,42.3,Autumn
2006-04-07,264.0,18.8,539.0,6.9,17.7,21.2,15.7,13.5,17.6,19.1,13.8,44.8,Autumn
2006-04-08,269.0,13.8,479.0,1.6,17.7,22.1,14.3,10.7,16.7,18.4,12.67,43.6,Autumn
2006-04-09,315.0,16.9,469.0,4.0,16.8,22.2,13.0,10.8,16.2,18.0,13.23,43.4,Autumn
2006-04-10,271.0,22.0,676.0,7.9,16.0,20.2,12.7,10.0,15.1,17.2,15.74,47.5,Autumn
2006-04-11,241.0,17.0,545.0,1.7,15.2,19.1,13.0,8.8,13.9,16.6,15.66,46.9,Autumn
2006-04-12,237.0,12.2,319.0,0.0,14.0,19.0,9.9,5.6,12.4,16.1,12.53,44.5,Autumn
2006-04-13,248.0,11.8,293.0,0.0,14.4,20.0,8.9,4.9,13.6,16.0,12.03,43.7,Autumn
2006-04-14,95.0,6.1,181.0,0.1,14.9,20.8,9.2,6.1,14.8,16.8,15.9,45.1,Autumn
2006-04-15,56.0,9.1,237.0,0.4,13.7,19.4,7.7,5.4,14.0,16.2,12.15,46.5,Autumn
2006-04-16,56.0,10.3,278.0,0.1,14.7,19.5,8.2,6.1,13.9,16.2,10.35,46.3,Autumn
2006-04-17,6.0,10.8,291.0,0.8,17.1,21.2,11.4,8.3,16.2,17.0,10.17,43.7,Autumn
2006-04-18,339.0,9.1,240.0,13.7,17.2,21.2,13.6,12.0,18.4,17.7,6.31,46.8,Autumn
2006-04-19,215.0,5.8,157.0,0.0,14.8,22.3,9.4,7.4,15.0,17.4,12.63,49.2,Autumn
2006-04-20,123.0,5.9,172.0,0.0,14.4,20.4,10.2,8.2,15.0,17.0,13.11,45.5,Autumn
2006-04-21,59.0,8.2,203.0,0.0,15.3,21.3,10.3,8.1,16.0,17.1,14.4,44.8,Autumn
2006-04-22,39.0,12.4,381.0,2.3,17.1,19.8,11.0,9.0,18.6,17.3,5.51,44.4,Autumn
2006-04-23,42.0,12.6,442.0,5.1,18.8,20.0,17.7,16.6,20.6,18.3,5.21,46.5,Autumn
2006-04-24,49.0,15.4,553.0,36.0,18.3,20.6,17.0,16.5,20.0,18.3,4.51,48.6,Autumn
2006-04-25,40.0,17.6,461.0,57.7,16.5,19.6,12.2,8.9,17.5,18.2,11.43,51.9,Autumn
2006-04-26,267.0,8.7,161.0,1.3,14.1,19.2,9.3,7.3,14.8,16.9,11.26,49.3,Autumn
2006-04-27,51.0,12.5,244.0,12.0,13.6,19.8,7.4,5.9,15.3,16.2,8.67,49.5,Autumn
2006-04-28,82.0,10.8,273.0,0.0,15.7,19.7,11.6,10.3,17.0,16.7,10.39,51.1,Autumn
2006-04-29,319.0,13.3,196.0,13.1,15.0,17.5,11.8,10.3,16.0,16.9,6.48,51.8,Autumn
2006-04-30,153.0,8.5,200.0,20.6,13.7,20.2,9.3,7.9,14.4,16.2,13.56,51.7,Autumn
2006-05-01,99.0,5.4,137.0,0.3,13.3,20.2,7.2,6.1,14.3,15.8,12.59,49.7,Autumn
2006-05-02,57.0,8.3,224.0,3.0,14.6,18.9,9.5,8.2,16.1,16.0,7.13,48.4,Autumn
2006-05-03,281.0,13.5,313.0,2.0,15.3,20.2,12.4,9.8,16.4,16.4,9.68,48.7,Autumn
2006-05-04,237.0,11.1,265.0,0.2,14.1,18.8,8.4,6.1,14.4,15.9,10.99,48.3,Autumn
2006-05-05,276.0,21.0,317.0,11.2,11.5,15.4,8.7,7.3,12.7,14.6,8.1,51.7,Autumn
2006-05-06,210.0,13.0,388.0,0.0,14.9,18.9,10.9,7.5,14.2,14.6,12.67,51.1,Autumn
2006-05-07,178.0,5.5,127.0,0.0,12.1,18.3,6.9,5.0,13.0,14.4,8.47,49.3,Autumn
2006-05-08,86.0,8.2,192.0,5.6,12.4,17.0,6.5,4.7,13.8,14.1,6.91,48.6,Autumn
2006-05-09,275.0,7.6,121.0,3.5,13.8,18.8,8.9,7.3,14.7,15.2,8.55,51.8,Autumn
2006-05-10,256.0,14.6,354.0,6.3,12.1,16.9,7.3,4.5,12.5,14.4,9.67,51.7,Autumn
2006-05-11,274.0,18.8,444.0,11.4,11.4,16.2,7.0,4.4,12.1,13.4,7.93,51.9,Autumn
2006-05-12,268.0,23.9,531.0,13.0,10.8,14.1,7.9,4.4,12.1,12.5,5.83,52.1,Autumn
2006-05-13,246.0,9.1,256.0,4.3,10.0,12.8,7.0,4.0,11.8,12.3,3.93,52.3,Autumn
2006-05-14,248.0,16.8,467.0,9.3,11.2,17.1,6.4,2.7,12.4,12.3,9.68,52.2,Autumn
2006-05-15,232.0,20.1,484.0,4.5,9.7,13.9,5.6,1.8,9.5,11.5,9.38,52.2,Autumn
2006-05-16,210.0,14.6,297.0,0.4,8.9,15.1,2.8,-0.6,9.2,10.9,12.43,51.8,Autumn
2006-05-17,220.0,9.1,194.0,0.1,9.2,17.0,2.2,-1.8,10.0,10.8,12.35,50.5,Autumn
2006-05-18,212.0,5.6,152.0,0.1,9.9,17.0,3.3,-0.5,11.4,11.1,9.34,49.6,Autumn
2006-05-19,93.0,6.1,179.0,0.0,12.5,17.1,9.2,5.4,13.5,12.5,5.16,49.0,Autumn
2006-05-20,69.0,13.5,408.0,2.1,14.0,16.1,11.0,9.8,13.9,13.1,4.88,48.8,Autumn
2006-05-21,39.0,10.3,346.0,0.0,14.2,17.5,10.2,5.9,13.0,13.4,10.77,48.5,Autumn
2006-05-22,73.0,11.8,412.0,7.8,14.7,16.9,10.0,6.1,15.7,13.6,3.44,48.8,Autumn
2006-05-23,33.0,9.2,242.0,7.5,14.9,18.1,12.1,9.9,16.1,14.6,5.4,52.2,Autumn
2006-05-24,23.0,14.1,273.0,16.7,15.2,16.8,12.0,10.6,17.2,14.9,2.23,52.2,Autumn
2006-05-25,9.0,10.8,364.0,0.7,17.1,19.0,15.9,14.3,17.9,15.8,5.47,52.1,Autumn
2006-05-26,34.0,17.2,654.0,16.5,16.8,17.6,16.3,14.8,18.4,15.8,0.89,51.5,Autumn
2006-05-27,20.0,17.4,365.0,19.1,15.2,17.9,9.5,7.7,17.1,16.5,6.44,51.8,Autumn
2006-05-28,302.0,10.6,337.0,0.8,13.6,18.4,10.6,6.4,15.0,15.0,8.75,51.8,Autumn
2006-05-29,248.0,13.1,355.0,2.3,12.4,16.6,8.8,3.7,13.3,14.1,7.46,51.8,Autumn
2006-05-30,251.0,9.9,224.0,0.0,10.5,16.8,6.3,2.3,11.9,12.8,9.66,51.5,Autumn
2006-05-31,88.0,5.4,120.0,0.1,8.7,15.3,4.2,0.9,10.5,11.9,10.01,51.1,Autumn
2006-06-01,111.0,5.8,136.0,0.1,8.7,14.7,3.7,0.4,10.6,11.2,9.1,50.7,Winter
2006-06-02,70.0,9.8,279.0,0.1,10.4,15.8,3.7,-0.2,11.6,11.0,7.84,50.4,Winter
2006-06-03,67.0,14.9,529.0,0.0,14.1,16.7,10.4,6.3,12.9,12.2,8.12,50.2,Winter
2006-06-04,286.0,17.2,560.0,22.1,14.2,16.1,12.1,10.6,14.9,13.4,5.4,51.1,Winter
2006-06-05,243.0,16.0,438.0,5.6,11.6,15.6,2.7,0.1,11.8,12.9,8.94,51.5,Winter
2006-06-06,199.0,6.1,149.0,0.1,5.3,13.0,-0.2,-3.2,7.6,10.1,11.07,51.7,Winter
2006-06-07,205.0,6.5,134.0,0.1,7.8,15.2,2.0,-0.3,10.0,10.1,5.92,51.1,Winter
2006-06-08,264.0,8.2,161.0,0.1,8.9,17.0,1.8,-0.4,10.7,10.2,9.71,50.7,Winter
2006-06-09,251.0,14.2,321.0,0.3,11.0,15.9,6.4,1.9,11.5,11.2,7.88,50.5,Winter
2006-06-10,232.0,13.5,339.0,1.2,10.8,15.7,6.7,1.3,11.3,10.7,9.17,50.4,Winter
2006-06-11,298.0,10.3,252.0,0.1,9.8,16.2,3.2,-0.2,10.5,10.3,10.4,50.3,Winter
2006-06-12,287.0,28.1,860.0,9.6,14.1,17.7,10.8,8.1,13.5,12.1,4.26,50.9,Winter
2006-06-13,232.0,17.4,418.0,8.6,9.6,12.6,5.9,0.2,10.2,10.9,5.9,51.6,Winter
2006-06-14,246.0,11.7,252.0,0.0,6.8,14.0,0.2,-2.3,8.8,9.3,8.65,51.7,Winter
2006-06-15,280.0,9.9,322.0,1.5,9.9,15.4,3.9,0.6,11.6,10.3,8.34,51.6,Winter
2006-06-16,279.0,17.7,426.0,8.3,9.9,15.6,3.0,0.5,11.3,10.1,8.31,51.1,Winter
2006-06-17,237.0,20.1,369.0,10.7,8.1,11.0,5.1,1.1,10.0,10.0,5.79,51.3,Winter
2006-06-18,268.0,12.4,361.0,17.7,8.3,11.9,4.1,0.4,10.5,9.3,7.35,51.6,Winter
2006-06-19,177.0,17.2,423.0,4.2,8.1,11.0,5.5,3.2,9.2,9.3,5.75,51.5,Winter
2006-06-20,167.0,14.0,400.0,0.0,9.5,12.6,7.7,4.5,8.3,8.7,6.79,51.7,Winter
2006-06-21,285.0,11.9,231.0,0.0,9.3,13.6,5.1,2.7,9.4,9.4,8.52,51.6,Winter
2006-06-22,237.0,12.0,242.0,6.7,8.0,12.3,5.6,3.8,9.7,9.6,6.28,51.6,Winter
2006-06-23,187.0,17.7,536.0,0.9,7.3,9.0,5.1,2.2,7.3,8.0,1.98,51.7,Winter
2006-06-24,192.0,10.7,338.0,0.0,9.7,14.0,6.7,2.6,8.8,8.0,10.26,51.7,Winter
2006-06-25,189.0,8.5,258.0,0.0,7.9,13.8,1.5,-1.8,8.3,8.1,10.6,51.6,Winter
2006-06-26,119.0,5.1,121.0,0.0,4.3,12.0,-0.7,-3.4,7.4,7.1,10.6,51.2,Winter
2006-06-27,113.0,4.7,147.0,1.4,4.0,11.5,-1.1,-3.6,7.2,6.9,7.23,51.1,Winter
2006-06-28,132.0,5.4,154.0,0.0,7.0,12.2,1.2,-2.5,9.0,6.9,6.89,50.9,Winter
2006-06-29,188.0,5.5,138.0,0.0,8.1,11.9,4.5,0.9,9.4,8.0,4.26,50.8,Winter
2006-06-30,128.0,6.8,198.0,0.0,7.9,13.0,2.7,-0.7,8.5,8.0,8.61,50.8,Winter
2006-07-01,183.0,6.6,159.0,0.0,7.0,14.1,1.4,-1.7,8.2,7.4,9.9,50.6,Winter
2006-07-02,184.0,5.6,168.0,0.0,6.1,14.7,0.1,-4.2,8.1,6.9,8.55,50.7,Winter
2006-07-03,328.0,8.0,168.0,0.2,7.7,15.2,-0.3,-3.8,9.6,7.4,6.53,50.6,Winter
2006-07-04,262.0,15.6,425.0,2.1,12.1,16.3,8.1,4.9,12.4,10.6,8.25,50.5,Winter
2006-07-05,209.0,5.1,150.0,0.0,7.0,13.7,1.6,-1.7,8.3,9.1,9.9,50.7,Winter
2006-07-06,261.0,19.9,549.0,4.4,7.5,11.7,1.3,-2.6,9.2,7.6,6.11,50.9,Winter
2006-07-07,252.0,16.5,449.0,1.8,11.2,14.5,9.3,6.7,10.7,9.5,5.04,51.5,Winter
2006-07-08,246.0,18.9,603.0,1.3,12.1,14.4,10.1,8.3,11.2,10.3,7.93,51.4,Winter
2006-07-09,265.0,15.6,413.0,5.1,11.8,15.7,6.9,3.5,11.6,11.1,8.24,51.5,Winter
2006-07-10,233.0,11.4,224.0,0.5,9.2,14.7,6.0,1.2,10.7,9.7,7.32,51.6,Winter
2006-07-11,280.0,9.0,245.0,0.1,10.1,15.2,6.4,1.9,11.1,9.8,8.49,51.5,Winter
2006-07-12,312.0,13.3,403.0,1.9,13.0,16.7,7.0,3.8,12.5,10.7,5.56,51.5,Winter
2006-07-13,275.0,14.7,208.0,3.6,11.2,14.0,6.8,3.4,12.1,11.4,2.59,51.5,Winter
2006-07-14,186.0,7.4,202.0,0.0,8.3,12.9,3.5,-0.3,9.9,9.8,6.49,51.4,Winter
2006-07-15,98.0,11.6,357.0,4.4,11.6,15.2,8.5,6.1,11.2,10.5,4.68,51.5,Winter
2006-07-16,161.0,9.8,305.0,0.0,12.5,17.1,9.5,5.3,9.7,10.2,11.4,51.4,Winter
2006-07-17,108.0,5.5,128.0,0.0,9.7,15.6,4.2,-0.1,9.2,9.7,11.75,51.4,Winter
2006-07-18,21.0,5.0,119.0,0.0,7.9,15.4,2.2,-0.7,9.9,9.0,7.04,51.2,Winter
2006-07-19,357.0,13.8,419.0,19.2,13.0,14.2,9.2,7.7,13.4,11.3,1.04,51.1,Winter
2006-07-20,296.0,12.4,363.0,0.2,11.5,15.1,7.9,3.5,12.2,11.6,8.88,51.3,Winter
2006-07-21,215.0,13.2,335.0,0.1,10.0,12.8,6.2,2.4,8.7,10.3,7.28,51.1,Winter
2006-07-22,196.0,9.7,301.0,0.0,6.1,11.4,1.6,-2.5,5.9,7.4,12.45,51.3,Winter
2006-07-23,266.0,11.6,301.0,0.7,7.8,14.3,2.2,-0.9,9.8,8.0,7.94,51.2,Winter
2006-07-24,208.0,10.8,245.0,0.2,9.0,14.8,3.8,-0.3,9.6,8.8,8.78,51.1,Winter
2006-07-25,221.0,13.5,299.0,0.5,9.5,14.1,4.8,-0.1,9.8,9.0,9.53,51.0,Winter
2006-07-26,226.0,8.2,176.0,0.0,8.0,15.2,2.3,-1.7,8.8,8.4,12.75,50.8,Winter
2006-07-27,213.0,9.8,212.0,0.0,6.8,13.0,1.3,-2.8,8.2,7.7,7.57,50.7,Winter
2006-07-28,67.0,5.4,139.0,0.0,6.1,13.4,0.9,-3.0,7.8,7.6,12.14,50.6,Winter
2006-07-29,327.0,6.4,110.0,0.0,7.3,15.8,0.7,-3.3,8.6,7.8,11.37,50.6,Winter
2006-07-30,17.0,11.5,250.0,0.1,10.9,14.5,5.0,0.6,10.1,9.2,4.2,50.6,Winter
2006-07-31,318.0,8.2,209.0,9.3,13.5,15.0,12.3,9.9,14.2,11.7,2.16,50.8,Winter
2006-08-01,12.0,13.0,270.0,4.4,13.9,15.7,11.4,7.5,14.8,12.5,4.38,51.4,Winter
2006-08-02,304.0,9.6,279.0,0.0,14.1,15.9,11.5,7.9,14.1,13.1,4.6,51.5,Winter
2006-08-03,299.0,11.5,309.0,0.0,11.8,16.4,7.6,3.7,12.0,11.9,9.17,51.5,Winter
2006-08-04,82.0,5.5,130.0,0.0,10.0,16.9,4.9,2.0,11.1,11.3,12.5,51.2,Winter
2006-08-05,84.0,14.8,429.0,29.4,12.0,13.7,7.5,4.7,13.7,11.6,1.08,51.1,Winter
2006-08-06,15.0,16.3,518.0,75.6,15.1,16.6,13.2,12.2,16.5,14.3,1.7,50.8,Winter
2006-08-07,285.0,27.1,603.0,3.7,12.8,16.6,9.7,6.4,13.5,12.6,4.32,51.0,Winter
2006-08-08,263.0,15.2,441.0,2.0,10.3,14.6,4.6,1.0,10.4,11.4,9.26,51.2,Winter
2006-08-09,84.0,9.4,172.0,1.5,8.3,13.5,2.6,-0.7,9.7,10.0,11.79,51.3,Winter
2006-08-10,218.0,10.8,277.0,1.6,8.9,13.8,4.0,0.3,9.4,10.5,12.88,51.2,Winter
2006-08-11,281.0,12.7,313.0,1.5,8.0,13.8,2.4,-0.6,9.5,9.7,11.96,51.2,Winter
2006-08-12,275.0,16.4,499.0,0.9,10.3,14.2,5.8,1.1,10.7,10.2,10.67,51.3,Winter
2006-08-13,252.0,18.1,711.0,4.3,10.8,13.6,8.7,6.5,10.5,10.7,11.17,51.2,Winter
2006-08-14,264.0,13.7,443.0,3.8,9.0,13.2,3.6,-0.4,9.7,9.9,9.52,51.3,Winter
2006-08-15,119.0,6.4,182.0,0.0,6.4,12.9,1.0,-1.6,7.6,8.7,15.42,51.3,Winter
2006-08-16,202.0,6.0,168.0,0.0,6.1,13.1,1.0,-2.7,7.4,8.1,9.16,51.3,Winter
2006-08-17,236.0,11.0,249.0,0.0,7.0,13.3,-0.2,-3.6,8.2,7.7,9.46,51.3,Winter
2006-08-18,211.0,10.0,233.0,0.0,8.9,15.8,1.2,-2.1,8.9,8.9,12.94,51.3,Winter
2006-08-19,262.0,9.5,238.0,0.0,10.7,13.1,8.3,4.8,10.2,10.4,4.94,51.0,Winter
2006-08-20,277.0,16.7,405.0,4.8,11.2,16.8,5.1,1.0,11.0,10.7,11.73,50.9,Winter
2006-08-21,291.0,13.8,312.0,1.9,10.9,14.5,8.1,6.9,11.6,11.4,7.92,51.3,Winter
2006-08-22,233.0,18.3,598.0,4.5,8.8,12.1,5.4,1.2,8.4,9.7,13.22,51.4,Winter
2006-08-23,255.0,10.1,243.0,0.0,7.0,13.5,1.0,-1.8,7.3,8.6,15.2,51.4,Winter
2006-08-24,16.0,7.8,195.0,0.0,8.1,13.3,0.7,0.5,8.4,8.7,11.56,51.4,Winter
2006-08-25,358.0,11.7,327.0,1.2,12.3,16.7,5.9,5.1,11.6,11.7,14.51,51.4,Winter
2006-08-26,299.0,14.2,381.0,3.7,11.5,18.0,4.3,3.4,11.6,10.9,9.53,51.3,Winter
2006-08-27,224.0,8.5,235.0,0.0,10.7,15.8,4.3,3.8,9.9,11.7,14.67,51.3,Winter
2006-08-28,256.0,8.5,169.0,0.0,8.5,16.0,2.2,2.5,9.2,10.4,14.89,51.3,Winter
2006-08-29,218.0,13.9,343.0,0.5,10.2,15.6,4.4,3.4,10.5,10.6,14.13,51.1,Winter
2006-08-30,227.0,16.7,445.0,0.0,12.5,16.0,9.3,6.6,11.1,11.5,14.07,51.0,Winter
2006-08-31,243.0,13.1,391.0,0.0,12.4,14.4,10.9,10.6,11.4,12.3,10.26,50.7,Winter
2006-09-01,234.0,12.5,341.0,0.0,12.6,16.4,6.6,5.1,10.7,12.5,14.5,50.6,Spring
2006-09-02,232.0,8.6,228.0,0.0,10.9,14.8,4.9,4.3,10.9,11.5,5.94,50.6,Spring
2006-09-03,246.0,11.0,303.0,0.0,12.5,18.2,7.2,4.9,11.7,12.6,16.52,50.6,Spring
2006-09-04,262.0,7.9,170.0,0.0,10.9,17.9,4.7,3.8,10.7,12.5,12.98,50.4,Spring
2006-09-05,16.0,10.6,309.0,0.1,12.5,18.2,5.7,5.3,12.6,12.8,13.02,50.3,Spring
2006-09-06,251.0,9.1,244.0,0.2,12.5,16.5,5.4,3.8,11.6,13.6,11.13,50.3,Spring
2006-09-07,286.0,8.0,196.0,0.0,9.1,15.5,3.7,3.1,9.7,11.5,10.33,50.2,Spring
2006-09-08,212.0,6.5,151.0,0.0,9.5,15.6,3.8,2.9,9.3,11.6,14.41,49.9,Spring
2006-09-09,53.0,8.2,199.0,40.0,11.8,14.9,6.2,6.5,13.7,12.1,2.15,50.8,Spring
2006-09-10,110.0,12.8,377.0,6.3,13.8,15.4,11.3,11.1,15.2,13.5,4.71,51.8,Spring
2006-09-11,133.0,12.7,248.0,45.1,12.2,14.4,10.7,11.5,12.7,13.4,5.68,51.6,Spring
2006-09-12,229.0,9.5,180.0,0.0,10.5,16.0,4.8,5.5,10.2,12.9,15.11,51.8,Spring
2006-09-13,236.0,13.4,336.0,2.5,10.8,15.3,6.6,7.2,11.1,12.3,15.02,51.8,Spring
2006-09-14,29.0,7.9,174.0,1.2,10.4,16.5,3.7,5.7,11.2,12.3,12.32,51.8,Spring
2006-09-15,260.0,11.8,314.0,0.1,10.5,14.6,4.9,6.4,10.2,12.3,13.4,51.7,Spring
2006-09-16,238.0,14.7,432.0,0.0,11.9,14.4,10.2,10.1,10.3,12.1,9.81,51.5,Spring
2006-09-17,249.0,15.5,474.0,0.4,12.1,15.9,7.0,7.5,11.1,12.7,16.44,51.1,Spring
2006-09-18,233.0,12.6,334.0,0.2,10.6,14.3,7.0,4.5,9.3,12.0,13.16,50.8,Spring
2006-09-19,261.0,13.3,462.0,0.0,11.2,15.6,6.4,4.4,10.2,12.0,16.94,50.5,Spring
2006-09-20,284.0,15.5,564.0,0.7,13.8,17.3,9.8,8.2,12.1,13.9,22.12,50.5,Spring
2006-09-21,259.0,13.7,464.0,0.0,14.4,18.8,9.9,8.5,14.3,14.3,15.09,50.5,Spring
2006-09-22,258.0,17.4,593.0,0.5,15.6,19.2,13.3,12.8,15.3,15.8,18.58,50.2,Spring
2006-09-23,245.0,11.4,456.0,2.6,15.4,17.3,14.5,13.9,15.8,15.6,5.32,49.9,Spring
2006-09-24,233.0,11.6,367.0,0.0,14.5,18.6,9.5,8.0,13.5,15.5,19.55,49.9,Spring
2006-09-25,188.0,8.4,226.0,0.1,13.9,20.9,7.6,5.9,12.9,15.9,23.48,49.6,Spring
2006-09-26,238.0,8.2,192.0,0.1,12.1,19.9,4.7,3.2,11.9,15.6,20.54,48.9,Spring
2006-09-27,88.0,7.0,171.0,0.0,12.2,19.0,5.9,4.6,12.2,15.9,19.37,47.8,Spring
2006-09-28,131.0,6.4,152.0,0.0,13.2,20.5,6.7,5.2,12.9,16.3,17.63,45.8,Spring
2006-09-29,85.0,6.4,170.0,0.0,13.1,19.1,7.7,6.3,12.8,16.0,14.81,44.9,Spring
2006-09-30,77.0,8.9,198.0,0.0,13.6,20.1,6.8,5.1,12.7,16.3,19.98,42.1,Spring
2006-10-01,4.0,15.5,364.0,38.5,14.7,17.4,10.8,9.8,15.5,15.5,4.97,43.1,Spring
2006-10-02,32.0,13.3,307.0,48.1,13.5,15.8,9.5,8.0,14.4,14.9,5.65,51.6,Spring
2006-10-03,286.0,13.9,393.0,4.9,12.3,17.6,7.0,5.9,12.8,14.4,18.26,51.8,Spring
2006-10-04,190.0,8.6,238.0,6.3,12.8,16.5,10.2,8.6,13.4,15.0,11.67,52.1,Spring
2006-10-05,232.0,13.8,381.0,0.0,11.7,15.8,7.9,5.6,8.1,14.1,25.45,51.7,Spring
2006-10-06,228.0,15.7,381.0,0.0,9.9,13.8,5.3,2.6,7.3,12.6,23.85,50.5,Spring
2006-10-07,256.0,14.0,437.0,0.3,10.7,16.1,2.8,1.4,10.2,12.9,20.59,49.8,Spring
2006-10-08,230.0,15.1,546.0,0.4,14.0,17.5,10.8,8.8,12.7,14.8,21.38,49.2,Spring
2006-10-09,282.0,16.6,564.0,3.3,14.5,18.4,10.7,9.2,13.6,15.1,12.97,48.8,Spring
2006-10-10,244.0,31.9,642.0,5.6,10.5,14.5,7.4,6.0,9.1,13.0,20.01,49.0,Spring
2006-10-11,231.0,15.0,392.0,1.1,11.4,15.6,7.9,5.4,10.3,12.6,17.63,50.0,Spring
2006-10-12,239.0,20.3,688.0,0.0,13.9,16.8,12.0,10.8,11.3,13.9,21.08,49.6,Spring
2006-10-13,231.0,17.0,635.0,0.0,14.9,18.5,13.0,11.4,13.2,15.4,23.54,49.0,Spring
2006-10-14,247.0,16.9,605.0,0.0,15.1,18.7,12.5,10.9,12.6,15.7,22.08,48.4,Spring
2006-10-15,273.0,18.0,672.0,0.0,15.2,17.7,14.3,13.3,13.5,16.0,13.96,47.2,Spring
2006-10-16,299.0,20.4,679.0,8.4,13.5,16.7,10.0,7.8,13.6,15.0,6.74,47.9,Spring
2006-10-17,219.0,13.9,414.0,0.0,11.3,16.0,5.4,2.8,7.8,13.6,27.62,49.9,Spring
2006-10-18,227.0,12.7,287.0,0.0,10.7,15.3,4.0,2.0,10.0,13.6,15.3,48.7,Spring
2006-10-19,275.0,14.5,385.0,0.0,12.1,15.5,9.8,9.0,11.0,14.0,12.4,46.3,Spring
2006-10-20,241.0,14.6,555.0,0.6,14.9,17.0,12.6,11.9,16.5,15.0,8.03,45.7,Spring
2006-10-21,255.0,11.5,378.0,0.0,16.3,20.5,14.2,13.3,16.4,17.1,16.28,44.9,Spring
2006-10-22,225.0,7.3,176.0,3.2,14.5,17.6,12.8,12.2,14.6,16.6,8.99,43.7,Spring
2006-10-23,246.0,17.9,390.0,24.5,13.6,17.4,10.5,9.9,14.6,15.2,6.86,48.1,Spring
2006-10-24,273.0,17.1,489.0,8.0,11.7,15.1,9.3,8.5,11.9,14.0,14.75,52.0,Spring
2006-10-25,249.0,13.6,341.0,0.9,11.2,16.3,7.5,6.5,11.2,14.0,18.52,52.1,Spring
2006-10-26,258.0,10.3,259.0,0.0,12.0,16.7,7.2,6.0,10.9,14.3,18.54,51.4,Spring
2006-10-27,254.0,9.8,253.0,0.0,12.2,18.1,6.7,5.1,11.3,14.8,17.36,50.3,Spring
2006-10-28,278.0,9.2,280.0,0.0,15.2,20.4,8.5,6.7,13.8,16.3,17.08,49.5,Spring
2006-10-29,280.0,20.4,494.0,3.2,15.0,17.2,11.7,9.9,14.8,15.7,5.67,49.2,Spring
2006-10-30,280.0,20.8,732.0,1.9,13.1,15.8,10.5,8.5,11.4,14.1,17.98,49.4,Spring
2006-10-31,236.0,9.9,292.0,0.0,13.1,16.0,10.9,9.3,9.9,14.7,14.65,49.2,Spring
2006-11-01,227.0,9.1,253.0,0.0,12.7,17.3,7.8,4.8,10.3,15.2,15.74,49.0,Spring
2006-11-02,71.0,9.1,234.0,0.0,12.2,18.3,4.0,1.5,10.6,16.1,26.03,48.6,Spring
2006-11-03,80.0,10.0,320.0,1.9,14.7,18.2,10.4,9.0,14.0,16.7,15.52,47.4,Spring
2006-11-04,54.0,8.9,234.0,0.0,13.9,19.0,8.5,6.9,12.9,17.3,23.49,46.5,Spring
2006-11-05,283.0,7.6,178.0,0.0,14.1,21.0,7.4,5.9,12.7,18.1,24.29,44.6,Spring
2006-11-06,250.0,9.0,322.0,0.0,16.5,22.4,10.9,8.6,14.9,19.2,26.8,44.2,Spring
2006-11-07,317.0,11.8,306.0,0.4,16.4,20.8,11.5,9.8,15.5,19.3,17.78,39.8,Spring
2006-11-08,267.0,20.3,627.0,15.1,15.6,17.8,10.3,8.8,15.1,18.0,16.92,47.3,Spring
2006-11-09,242.0,28.5,816.0,12.6,11.0,14.1,8.3,6.3,10.4,14.2,18.76,50.9,Spring
2006-11-10,251.0,15.9,469.0,0.2,11.5,16.3,6.0,3.0,10.1,13.5,19.53,51.5,Spring
2006-11-11,262.0,13.5,415.0,0.0,13.7,17.9,9.5,6.1,11.0,14.9,19.62,50.6,Spring
2006-11-12,270.0,16.1,613.0,0.0,15.0,19.9,9.9,7.6,13.4,16.3,24.95,49.4,Spring
2006-11-13,257.0,16.0,674.0,3.3,16.9,19.6,15.2,14.1,17.1,17.8,21.4,48.8,Spring
2006-11-14,279.0,15.2,499.0,0.0,18.4,23.3,15.0,13.6,15.6,19.1,23.01,48.2,Spring
2006-11-15,332.0,13.2,355.0,1.7,18.8,23.5,16.3,15.6,17.5,20.1,23.47,47.0,Spring
2006-11-16,15.0,12.4,355.0,0.7,18.6,22.8,14.5,12.8,19.3,19.6,11.97,46.0,Spring
2006-11-17,11.0,13.4,474.0,0.0,19.4,22.8,17.8,17.3,19.6,20.8,23.55,44.7,Spring
2006-11-18,3.0,15.1,548.0,9.8,16.1,18.6,12.4,10.7,16.2,18.6,7.65,46.7,Spring
2006-11-19,224.0,15.7,491.0,1.9,13.9,17.9,10.9,9.0,12.3,16.6,17.01,48.8,Spring
2006-11-20,269.0,13.8,415.0,0.0,14.5,18.1,12.2,10.6,12.3,16.9,20.35,48.3,Spring
2006-11-21,233.0,9.8,279.0,0.0,13.3,16.7,8.7,6.7,11.9,16.5,14.3,48.0,Spring
2006-11-22,270.0,12.1,363.0,0.0,13.5,19.5,6.0,4.1,13.1,16.7,23.82,47.0,Spring
2006-11-23,258.0,13.8,462.0,0.0,16.2,20.4,12.6,10.7,14.8,18.2,25.99,45.3,Spring
2006-11-24,273.0,19.7,697.0,0.6,16.7,20.9,12.9,11.5,16.0,18.6,25.11,40.8,Spring
2006-11-25,250.0,16.3,556.0,0.0,14.9,18.8,11.5,9.5,12.7,17.9,26.64,38.5,Spring
2006-11-26,259.0,16.5,514.0,0.0,15.8,19.6,11.9,9.0,13.3,18.1,24.39,36.1,Spring
2006-11-27,255.0,16.9,613.0,1.3,15.0,17.6,11.6,9.8,12.1,18.0,25.92,34.0,Spring
2006-11-28,250.0,15.9,402.0,0.0,13.0,17.5,7.9,4.8,10.5,17.2,24.13,32.0,Spring
2006-11-29,284.0,10.9,334.0,0.0,15.6,20.6,10.4,8.8,12.9,17.7,16.44,30.2,Spring
2006-11-30,321.0,16.6,483.0,17.0,15.7,20.5,10.6,8.7,15.2,17.3,6.92,36.4,Spring
2006-12-01,251.0,13.0,328.0,0.3,11.8,16.6,7.0,3.9,10.1,16.1,24.39,40.2,Summer
2006-12-02,222.0,14.7,382.0,0.0,13.3,18.3,7.5,4.2,9.6,16.6,29.71,37.3,Summer
2006-12-03,250.0,17.2,558.0,0.0,15.1,18.8,10.7,8.2,12.5,17.4,28.56,34.0,Summer
2006-12-04,221.0,14.8,459.0,1.0,16.5,21.2,12.8,10.8,16.0,18.4,16.55,31.4,Summer
2006-12-05,231.0,14.9,527.0,0.0,14.3,18.1,10.9,8.7,11.6,17.1,22.21,29.6,Summer
2006-12-06,231.0,12.6,269.0,0.0,14.3,20.2,8.1,4.9,11.6,18.1,28.84,27.7,Summer
2006-12-07,252.0,11.5,351.0,0.0,14.1,19.4,7.8,4.9,12.1,17.8,20.49,25.9,Summer
2006-12-08,280.0,20.9,705.0,3.0,15.5,20.0,13.1,11.6,12.9,17.4,19.28,24.5,Summer
2006-12-09,219.0,14.7,421.0,5.8,13.4,17.9,9.7,7.7,11.4,16.9,23.7,22.7,Summer
2006-12-10,224.0,12.9,384.0,0.0,12.8,17.7,7.6,5.0,8.6,16.9,29.76,22.4,Summer
2006-12-11,227.0,11.1,341.0,0.0,15.1,20.0,10.1,7.1,12.1,18.1,30.02,23.7,Summer
2006-12-12,250.0,12.1,450.0,0.0,14.9,20.5,7.8,5.1,12.6,18.7,31.26,22.5,Summer
2006-12-13,261.0,13.1,430.0,0.0,15.8,19.3,11.6,8.0,13.2,18.6,21.2,21.4,Summer
2006-12-14,203.0,12.1,321.0,0.0,14.8,19.4,10.8,8.1,10.8,18.6,24.24,20.5,Summer
2006-12-15,58.0,7.5,249.0,0.0,15.7,21.4,10.8,8.6,12.4,19.9,26.81,19.7,Summer
2006-12-16,254.0,7.9,178.0,0.0,14.8,21.2,9.3,6.6,12.2,20.0,21.8,18.8,Summer
2006-12-17,313.0,13.8,202.0,8.8,14.9,22.7,6.6,4.2,15.8,19.0,15.56,19.2,Summer
2006-12-18,332.0,6.9,152.0,19.4,16.6,20.0,14.3,13.7,18.8,19.1,8.02,22.1,Summer
2006-12-19,52.0,14.1,270.0,23.4,16.9,19.5,13.9,13.4,20.1,18.6,6.36,35.9,Summer
2006-12-20,251.0,15.7,477.0,3.3,16.1,19.1,13.0,10.3,14.8,18.4,19.83,43.6,Summer
2006-12-21,240.0,21.7,637.0,2.5,13.5,16.8,11.2,8.9,10.4,16.4,22.12,39.4,Summer
2006-12-22,223.0,10.7,293.0,0.0,13.3,18.1,7.9,4.2,9.1,16.4,22.48,38.4,Summer
2006-12-23,255.0,12.4,310.0,2.2,11.4,17.9,4.7,2.1,10.7,16.4,21.6,36.8,Summer
2006-12-24,237.0,14.9,436.0,0.0,13.2,19.2,5.5,3.2,12.2,16.5,24.06,35.1,Summer
2006-12-25,270.0,14.9,540.0,0.0,17.5,22.0,13.4,11.6,16.9,18.2,23.01,33.2,Summer
2006-12-26,274.0,11.3,351.0,0.0,18.3,22.9,12.9,10.6,16.2,20.3,30.17,31.1,Summer
2006-12-27,278.0,13.8,312.0,4.9,16.4,22.0,10.9,9.5,17.6,19.4,11.43,30.3,Summer
2006-12-28,276.0,13.6,474.0,0.3,16.7,20.5,12.8,9.4,15.2,19.1,21.77,30.9,Summer
2006-12-29,250.0,11.8,330.0,0.0,15.7,19.5,12.0,8.9,13.8,18.6,20.04,29.4,Summer
2006-12-30,226.0,12.1,375.0,1.7,14.1,18.2,10.3,6.7,12.8,17.8,19.96,28.1,Summer
2006-12-31,266.0,12.2,293.0,1.0,13.4,19.0,8.3,5.3,12.3,17.3,17.71,27.2,Summer
2007-01-01,234.0,12.5,329.0,0.4,13.6,19.4,7.1,4.4,11.7,17.5,25.76,26.3,Summer
2007-01-02,235.0,13.2,346.0,0.0,14.2,20.0,7.1,4.2,11.4,18.0,25.5,25.1,Summer
2007-01-03,215.0,13.1,363.0,0.0,15.3,21.0,10.0,6.2,11.3,19.1,29.46,23.6,Summer
2007-01-04,235.0,8.8,245.0,0.0,15.7,21.6,9.1,6.4,12.8,20.1,28.33,22.1,Summer
2007-01-05,235.0,6.3,166.0,0.0,15.3,22.1,7.2,4.6,13.3,19.8,19.79,20.8,Summer
2007-01-06,252.0,12.7,336.0,0.0,15.1,20.3,8.7,6.0,13.0,19.4,21.09,19.9,Summer
2007-01-07,187.0,10.3,326.0,0.0,18.0,22.7,13.3,10.7,13.5,20.8,29.79,19.0,Summer
2007-01-08,41.0,13.6,480.0,0.0,17.9,20.9,13.2,11.3,16.0,20.4,17.94,18.1,Summer
2007-01-09,64.0,13.4,474.0,17.7,18.0,19.8,15.7,15.5,19.2,19.4,5.29,21.8,Summer
2007-01-10,284.0,12.4,327.0,10.0,19.7,23.8,17.3,15.7,20.9,20.8,12.98,33.0,Summer
2007-01-11,82.0,8.5,243.0,0.3,18.8,24.0,13.6,12.4,20.7,21.4,20.03,31.8,Summer
2007-01-12,68.0,14.3,449.0,8.2,19.7,20.6,18.7,18.4,23.7,20.9,4.71,33.9,Summer
2007-01-13,25.0,18.6,540.0,11.2,20.1,22.3,18.6,18.0,23.0,20.7,8.49,40.6,Summer
2007-01-14,15.0,6.2,193.0,1.4,21.0,24.6,18.4,17.2,21.7,22.2,20.56,42.6,Summer
2007-01-15,225.0,8.3,220.0,0.0,19.7,25.0,15.7,13.9,18.7,22.3,21.05,38.8,Summer
2007-01-16,262.0,10.4,329.0,0.0,17.8,21.6,14.9,12.4,16.6,20.8,18.3,37.4,Summer
2007-01-17,243.0,7.2,240.0,0.4,18.2,22.8,15.6,14.6,16.4,20.6,14.73,35.7,Summer
2007-01-18,57.0,9.3,264.0,2.3,18.3,22.8,13.8,11.1,17.4,22.1,24.91,34.0,Summer
2007-01-19,235.0,11.5,283.0,0.0,16.9,22.8,10.4,8.5,15.7,20.7,18.25,32.3,Summer
2007-01-20,262.0,12.7,377.0,2.0,17.5,20.7,16.1,14.9,16.6,20.2,14.4,30.8,Summer
2007-01-21,218.0,14.0,527.0,0.0,18.6,21.5,15.5,13.8,16.8,20.0,16.54,29.7,Summer
2007-01-22,260.0,11.7,404.0,0.0,19.3,23.5,16.4,14.0,18.7,20.4,18.93,28.5,Summer
2007-01-23,256.0,13.7,464.0,0.0,20.0,24.0,15.9,13.9,19.3,21.6,27.66,27.1,Summer
2007-01-24,277.0,9.6,296.0,0.0,20.9,25.5,17.9,16.2,21.1,22.4,17.3,25.5,Summer
2007-01-25,282.0,10.8,377.0,0.0,21.5,26.2,18.3,17.2,21.4,23.4,25.43,24.1,Summer
2007-01-26,288.0,10.2,341.0,0.5,19.7,22.3,15.6,14.0,19.9,22.4,14.78,22.7,Summer
2007-01-27,58.0,7.0,182.0,0.0,19.5,24.5,15.1,13.4,19.3,22.2,16.06,21.9,Summer
2007-01-28,256.0,10.3,270.0,1.3,20.7,26.6,14.6,12.6,20.2,23.4,23.55,20.9,Summer
2007-01-29,283.0,19.8,394.0,17.2,20.4,24.9,16.0,14.4,21.0,22.7,22.92,29.9,Summer
2007-01-30,275.0,18.0,572.0,1.4,18.0,21.6,12.0,8.6,14.4,21.2,26.7,27.9,Summer
2007-01-31,266.0,8.3,217.0,0.0,16.3,23.5,8.5,6.3,13.8,21.2,28.6,25.5,Summer
2007-02-01,272.0,11.1,301.0,0.0,17.0,23.5,9.1,7.4,15.9,21.5,25.58,23.3,Summer
2007-02-02,236.0,11.7,313.0,0.1,17.2,22.2,13.5,10.1,14.4,21.6,25.03,21.6,Summer
2007-02-03,231.0,11.0,270.0,0.0,16.8,21.4,12.1,9.6,14.0,21.1,17.91,20.6,Summer
2007-02-04,207.0,7.4,143.0,0.0,15.6,22.4,8.0,6.2,13.4,20.7,16.71,19.6,Summer
2007-02-05,84.0,14.7,379.0,0.0,16.9,22.1,9.6,7.7,17.3,20.4,13.86,18.9,Summer
2007-02-06,83.0,19.2,643.0,3.2,19.5,20.8,18.6,18.2,18.3,20.2,5.64,18.7,Summer
2007-02-07,80.0,13.8,560.0,1.9,20.7,23.0,19.1,18.5,23.3,21.5,15.25,19.7,Summer
2007-02-08,75.0,10.8,397.0,0.0,20.6,23.2,18.2,16.8,21.0,21.9,16.75,19.3,Summer
2007-02-09,93.0,10.0,319.0,0.0,20.7,24.4,16.4,14.3,19.8,23.3,26.67,18.7,Summer
2007-02-10,101.0,7.6,220.0,0.0,19.6,25.7,13.4,12.3,20.6,23.9,24.32,17.9,Summer
2007-02-11,69.0,10.2,370.0,0.8,19.1,22.0,17.3,16.9,19.3,22.9,13.85,17.5,Summer
2007-02-12,95.0,11.2,371.0,0.0,18.1,20.4,14.9,13.1,15.1,21.1,8.32,17.2,Summer
2007-02-13,101.0,11.8,345.0,0.1,18.5,21.7,16.3,15.5,15.1,22.1,25.39,16.9,Summer
2007-02-14,228.0,9.4,219.0,0.0,17.8,24.8,10.2,7.8,15.8,22.6,22.02,16.4,Summer
2007-02-15,257.0,11.6,289.0,0.0,17.4,23.8,11.2,9.3,15.9,22.6,25.6,16.0,Summer
2007-02-16,243.0,15.1,427.0,0.1,18.3,22.2,15.3,13.8,15.5,21.8,18.59,15.6,Summer
2007-02-17,179.0,9.4,288.0,0.0,17.6,22.6,11.5,8.9,11.1,22.6,29.24,15.2,Summer
2007-02-18,251.0,10.2,280.0,0.0,16.0,24.0,7.9,6.2,14.5,22.5,26.11,14.8,Summer
2007-02-19,203.0,7.0,183.0,0.0,17.9,24.4,12.7,10.9,16.0,22.9,20.24,14.5,Summer
2007-02-20,74.0,6.9,158.0,0.0,18.2,26.0,10.9,9.5,18.1,22.5,14.6,14.4,Summer
2007-02-21,267.0,6.6,124.0,11.4,17.9,23.3,14.2,13.0,20.6,21.6,8.65,14.7,Summer
2007-02-22,250.0,6.6,155.0,0.0,17.6,23.6,12.3,10.9,17.3,20.8,14.23,15.3,Summer
2007-02-23,163.0,10.5,216.0,0.0,17.2,23.8,10.3,8.3,15.7,20.2,16.55,15.0,Summer
2007-02-24,83.0,14.8,399.0,0.0,18.2,24.0,12.0,10.1,18.8,20.8,19.31,14.8,Summer
2007-02-25,69.0,12.0,419.0,0.0,19.8,22.3,17.0,15.2,18.6,21.7,13.25,14.5,Summer
2007-02-26,257.0,12.0,292.0,0.0,19.6,24.8,15.2,12.8,18.8,22.3,21.93,14.3,Summer
2007-02-27,229.0,14.2,381.0,0.0,18.8,23.6,14.8,12.6,18.0,21.9,19.79,14.1,Summer
2007-02-28,65.0,11.2,341.0,0.0,19.2,23.5,16.0,13.4,17.2,22.0,14.04,14.0,Summer
2007-03-01,75.0,11.2,381.0,0.0,19.4,23.5,14.2,11.5,15.6,22.5,22.95,13.8,Autumn
2007-03-02,91.0,8.0,183.0,0.0,17.5,23.8,12.4,10.1,15.1,22.6,23.55,13.6,Autumn
2007-03-03,59.0,7.0,179.0,0.0,17.8,26.0,10.4,8.2,15.6,23.0,26.6,13.3,Autumn
2007-03-04,86.0,8.6,230.0,0.0,17.5,23.5,11.8,9.6,18.2,22.2,15.11,13.1,Autumn
2007-03-05,68.0,8.3,211.0,0.0,17.9,24.0,12.6,10.2,16.5,22.8,26.59,12.9,Autumn
2007-03-06,57.0,9.9,247.0,0.0,17.5,23.6,11.2,9.4,17.1,22.8,23.53,12.8,Autumn
2007-03-07,308.0,9.4,226.0,3.2,19.6,23.5,17.3,16.4,20.7,22.7,12.97,13.0,Autumn
2007-03-08,263.0,8.2,178.0,1.2,19.3,24.5,14.9,13.9,20.4,22.0,12.98,13.0,Autumn
2007-03-09,86.0,8.0,203.0,0.0,18.4,24.3,12.2,10.7,19.0,22.0,24.19,13.0,Autumn
2007-03-10,52.0,10.2,268.0,0.0,19.2,24.5,14.4,12.4,19.4,22.3,16.98,12.9,Autumn
2007-03-11,26.0,12.0,352.0,0.6,19.4,24.1,13.4,11.4,20.2,21.5,12.76,12.8,Autumn
2007-03-12,11.0,17.1,428.0,17.4,19.9,22.7,16.6,15.7,21.0,20.8,7.45,13.4,Autumn
2007-03-13,229.0,20.8,597.0,7.9,17.6,22.3,12.2,10.8,18.7,20.0,14.7,15.8,Autumn
2007-03-14,270.0,27.1,886.0,3.3,16.6,21.3,13.0,10.4,13.6,17.6,16.19,16.7,Autumn
2007-03-15,256.0,17.8,616.0,1.0,15.7,19.5,10.6,8.5,12.0,16.9,18.64,16.9,Autumn
2007-03-16,233.0,14.0,423.0,0.1,16.8,21.2,12.5,10.1,14.9,17.6,15.63,16.5,Autumn
2007-03-17,256.0,11.8,334.0,0.0,17.0,21.3,12.2,9.3,15.9,18.2,11.29,16.1,Autumn
2007-03-18,283.0,21.0,520.0,0.6,17.7,22.6,14.3,11.3,15.2,18.4,12.81,15.7,Autumn
2007-03-19,212.0,13.9,343.0,0.0,15.9,20.7,11.2,7.7,12.4,17.9,20.92,15.3,Autumn
2007-03-20,227.0,12.8,327.0,0.0,16.5,21.4,11.2,9.2,14.2,18.1,17.58,15.1,Autumn
2007-03-21,262.0,9.2,214.0,0.0,16.0,22.1,10.1,7.2,14.2,18.3,14.49,14.9,Autumn
2007-03-22,89.0,6.0,186.0,1.5,16.7,21.4,12.6,9.5,17.4,19.1,12.59,14.8,Autumn
2007-03-23,81.0,10.4,320.0,0.1,17.4,22.0,11.7,9.5,17.3,19.1,16.5,14.6,Autumn
2007-03-24,73.0,12.5,432.0,0.0,19.2,22.4,17.6,16.3,18.4,19.9,17.82,14.2,Autumn
2007-03-25,66.0,11.0,420.0,0.7,19.5,23.2,17.7,16.3,18.7,20.0,10.59,14.0,Autumn
2007-03-26,84.0,11.7,399.0,0.3,19.7,22.6,18.2,17.1,21.2,20.5,13.8,13.8,Autumn
2007-03-27,91.0,14.3,566.0,3.1,19.3,21.9,17.4,16.9,20.1,20.2,14.0,14.0,Autumn
2007-03-28,90.0,16.6,654.0,24.8,18.7,19.5,17.9,17.4,21.0,19.4,3.56,16.3,Autumn
2007-03-29,74.0,20.6,660.0,154.1,18.7,19.6,17.4,16.9,21.0,18.9,0.66,41.7,Autumn
2007-03-30,45.0,13.8,324.0,18.6,19.0,22.6,16.0,14.5,19.9,19.5,14.12,39.3,Autumn
2007-03-31,275.0,9.5,318.0,0.0,17.7,23.0,13.5,11.0,19.2,19.2,15.06,33.1,Autumn
2007-04-01,286.0,7.9,172.0,3.0,16.8,20.6,11.4,10.3,18.9,19.3,9.13,33.1,Autumn
2007-04-02,215.0,12.8,327.0,0.0,16.3,21.2,11.2,9.4,16.1,18.3,14.22,33.0,Autumn
2007-04-03,202.0,8.5,203.0,0.2,14.7,22.0,9.1,6.9,14.5,17.3,15.51,32.9,Autumn
2007-04-04,229.0,9.4,234.0,0.1,14.6,21.4,9.1,6.9,15.5,17.5,14.59,32.6,Autumn
2007-04-05,216.0,5.9,176.0,0.0,13.6,19.9,8.7,6.5,15.4,16.8,8.97,32.1,Autumn
2007-04-06,231.0,9.8,229.0,0.0,13.1,20.1,7.1,5.1,13.8,16.1,13.28,31.7,Autumn
2007-04-07,305.0,6.8,153.0,0.0,14.3,20.2,9.4,7.0,13.5,16.7,11.91,30.9,Autumn
2007-04-08,88.0,9.1,188.0,0.0,14.9,20.9,9.8,7.5,15.3,17.1,14.28,30.1,Autumn
2007-04-09,69.0,7.4,176.0,0.0,15.6,21.6,10.6,8.5,17.4,17.5,17.45,29.2,Autumn
2007-04-10,274.0,9.2,155.0,38.2,15.6,23.5,10.0,8.2,18.7,17.5,12.45,35.5,Autumn
2007-04-11,227.0,5.7,145.0,0.3,15.3,20.4,11.0,9.4,16.5,17.7,10.35,37.7,Autumn
2007-04-12,252.0,21.1,481.0,18.7,12.1,16.0,9.2,7.9,11.6,15.3,12.06,46.3,Autumn
2007-04-13,250.0,21.3,781.0,4.9,14.5,17.4,10.8,8.7,13.6,14.5,11.39,45.4,Autumn
2007-04-14,224.0,16.6,499.0,1.0,14.9,18.5,12.6,10.8,13.5,15.0,11.86,38.7,Autumn
2007-04-15,216.0,11.4,318.0,0.0,15.1,19.5,11.1,8.4,14.5,15.7,13.53,37.6,Autumn
2007-04-16,270.0,10.8,287.0,1.6,14.0,19.9,9.9,7.0,15.9,15.8,12.92,37.1,Autumn
2007-04-17,209.0,12.2,348.0,0.3,15.1,20.1,11.7,8.9,15.3,15.7,14.99,36.9,Autumn
2007-04-18,224.0,13.5,285.0,0.3,14.1,18.8,9.1,6.0,13.0,15.2,13.29,36.5,Autumn
2007-04-19,133.0,7.4,174.0,0.2,12.1,17.3,6.8,3.4,11.9,15.0,15.7,36.1,Autumn
2007-04-20,89.0,5.7,133.0,0.1,11.0,18.4,5.1,1.8,11.9,14.4,16.73,35.6,Autumn
2007-04-21,99.0,5.2,127.0,0.1,11.2,18.1,4.8,1.6,13.1,13.8,9.26,35.0,Autumn
2007-04-22,72.0,8.0,131.0,0.1,11.4,19.0,5.3,2.6,12.1,14.3,16.86,34.3,Autumn
2007-04-23,98.0,5.2,143.0,0.1,12.3,18.4,5.1,2.2,15.3,14.1,11.0,33.5,Autumn
2007-04-24,49.0,6.3,129.0,0.0,13.5,20.2,7.4,4.9,16.3,15.0,12.07,32.8,Autumn
2007-04-25,63.0,5.8,131.0,0.1,13.7,20.3,7.9,4.7,15.3,15.1,10.66,32.1,Autumn
2007-04-26,63.0,5.4,150.0,0.1,12.9,20.9,6.4,3.0,13.6,15.2,13.33,31.4,Autumn
2007-04-27,11.0,11.9,238.0,0.4,13.7,19.6,6.5,3.0,15.6,14.7,10.38,30.7,Autumn
2007-04-28,11.0,12.7,364.0,15.0,16.3,20.6,12.4,10.0,17.3,16.6,13.5,37.5,Autumn
2007-04-29,62.0,8.7,240.0,1.8,15.7,19.0,12.6,10.0,18.8,16.4,5.88,38.7,Autumn
2007-04-30,10.0,11.1,269.0,2.6,17.7,19.1,15.9,15.1,19.9,16.9,3.21,38.8,Autumn
2007-05-01,279.0,10.2,267.0,0.4,18.0,22.9,13.1,10.1,19.6,17.7,10.82,39.7,Autumn
2007-05-02,270.0,17.0,323.0,0.3,14.6,20.6,10.3,8.1,16.6,16.3,10.26,39.3,Autumn
2007-05-03,262.0,10.9,322.0,4.7,15.4,20.1,9.4,6.3,16.5,16.1,12.89,40.2,Autumn
2007-05-04,56.0,4.0,107.0,0.0,13.3,19.5,8.1,5.2,16.2,15.3,7.81,40.2,Autumn
2007-05-05,246.0,5.6,135.0,0.0,13.6,20.1,8.6,5.5,14.4,15.5,10.06,39.7,Autumn
2007-05-06,224.0,6.3,175.0,0.0,13.9,20.8,8.5,5.6,13.8,15.8,12.86,39.4,Autumn
2007-05-07,223.0,7.9,258.0,0.0,14.1,20.3,7.6,5.3,16.9,15.3,13.01,39.0,Autumn
2007-05-08,80.0,11.0,280.0,0.0,17.0,19.5,14.7,10.8,16.4,16.4,13.08,38.9,Autumn
2007-05-09,81.0,9.8,287.0,0.0,15.3,18.2,12.2,9.4,13.0,15.9,10.66,38.6,Autumn
2007-05-10,3.0,6.6,112.0,0.0,13.4,17.4,10.1,7.1,13.0,15.5,6.32,38.1,Autumn
2007-05-11,288.0,11.8,336.0,0.2,13.8,18.4,9.8,8.4,13.9,15.3,8.19,37.7,Autumn
2007-05-12,212.0,11.5,279.0,1.3,13.3,17.4,7.1,4.9,13.6,15.1,9.95,37.3,Autumn
2007-05-13,228.0,8.3,208.0,0.1,12.0,17.8,5.2,1.6,14.7,13.9,8.37,37.1,Autumn
2007-05-14,245.0,9.9,271.0,0.4,14.1,17.2,10.9,7.6,14.8,14.8,6.72,36.7,Autumn
2007-05-15,237.0,6.4,204.0,0.0,15.6,18.4,13.2,10.5,15.1,15.4,6.23,36.3,Autumn
2007-05-16,205.0,10.3,317.0,0.0,14.5,19.0,11.6,8.6,14.6,15.3,7.92,35.7,Autumn
2007-05-17,259.0,14.0,478.0,0.7,15.8,19.4,13.6,11.7,16.1,15.3,9.46,35.1,Autumn
2007-05-18,242.0,12.3,308.0,0.0,15.3,18.6,12.3,9.1,13.3,15.0,7.87,34.6,Autumn
2007-05-19,26.0,7.4,161.0,0.0,13.3,18.4,8.0,4.2,12.9,14.6,10.92,33.9,Autumn
2007-05-20,14.0,10.4,282.0,0.2,15.1,18.4,9.0,7.3,15.8,14.7,5.73,33.3,Autumn
2007-05-21,332.0,10.4,285.0,2.7,17.1,20.6,14.7,12.5,16.9,15.7,5.93,33.1,Autumn
2007-05-22,34.0,9.7,221.0,0.3,16.0,20.6,10.5,8.6,18.6,15.9,9.02,33.1,Autumn
2007-05-23,344.0,15.0,382.0,4.2,17.0,18.7,14.5,11.1,19.0,16.3,2.56,33.8,Autumn
2007-05-24,256.0,7.1,204.0,0.0,13.8,19.1,7.4,4.0,15.2,15.2,9.7,35.8,Autumn
2007-05-25,225.0,9.0,203.0,0.4,11.2,18.1,6.0,2.8,14.0,13.8,9.69,35.9,Autumn
2007-05-26,240.0,13.2,338.0,0.1,13.3,18.0,8.8,6.1,13.7,13.7,6.72,35.7,Autumn
2007-05-27,215.0,20.4,511.0,0.0,15.3,18.2,12.7,9.0,13.0,13.9,7.24,35.5,Autumn
2007-05-28,186.0,7.8,201.0,0.0,12.7,17.6,5.1,0.9,11.2,13.7,10.03,35.1,Autumn
2007-05-29,274.0,4.8,145.0,0.0,8.7,18.4,1.9,-1.2,11.8,11.9,11.63,34.7,Autumn
2007-05-30,242.0,6.5,164.0,0.0,8.8,15.4,2.8,0.8,12.2,11.7,5.1,34.3,Autumn
2007-05-31,324.0,3.5,101.0,0.0,10.0,16.7,5.1,1.2,12.1,12.3,7.91,34.2,Autumn
2007-06-01,26.0,6.5,129.0,0.1,9.1,17.6,2.7,0.0,13.0,11.7,9.51,33.9,Winter
2007-06-02,256.0,11.8,329.0,1.2,14.8,19.4,9.6,6.7,16.6,13.3,5.67,33.7,Winter
2007-06-03,230.0,11.5,238.0,0.3,10.8,16.3,5.6,2.5,13.0,12.4,8.72,33.5,Winter
2007-06-04,231.0,12.5,289.0,5.4,9.9,16.2,4.6,2.3,12.6,11.5,8.28,35.7,Winter
2007-06-05,256.0,11.2,343.0,0.0,11.5,15.6,7.1,4.4,12.9,11.7,4.81,37.4,Winter
2007-06-06,258.0,12.8,426.0,7.2,13.4,16.6,10.8,5.8,13.5,12.6,7.06,40.6,Winter
2007-06-07,272.0,19.8,469.0,2.9,12.9,17.2,9.3,5.5,14.6,12.2,7.99,41.4,Winter
2007-06-08,268.0,19.3,663.0,0.4,13.7,16.5,12.0,9.4,12.2,12.3,7.73,42.0,Winter
2007-06-09,256.0,12.2,265.0,0.3,12.3,15.5,9.2,7.6,12.4,12.6,6.28,41.5,Winter
2007-06-10,104.0,14.3,425.0,14.4,12.2,14.6,9.1,8.2,12.7,12.5,1.7,47.8,Winter
2007-06-11,254.0,9.1,255.0,0.5,14.1,19.0,11.1,8.3,15.4,13.5,8.01,46.1,Winter
2007-06-12,238.0,12.6,369.0,0.5,12.4,15.6,6.6,3.6,13.3,13.2,6.62,43.5,Winter
2007-06-13,245.0,8.0,141.0,0.3,10.9,17.0,6.7,4.1,13.2,12.5,7.64,43.0,Winter
2007-06-14,109.0,8.4,184.0,0.1,12.3,15.5,9.4,8.3,14.0,12.9,6.72,42.6,Winter
2007-06-15,111.0,9.5,279.0,0.0,11.8,13.3,8.9,6.1,11.4,12.6,4.43,42.4,Winter
2007-06-16,183.0,9.0,328.0,0.0,8.1,12.0,4.9,2.7,7.8,10.3,8.85,42.2,Winter
2007-06-17,195.0,10.8,399.0,0.0,8.5,11.5,5.0,1.5,8.0,9.0,4.26,42.1,Winter
2007-06-18,228.0,9.6,273.0,0.0,8.3,14.0,4.0,0.8,8.8,8.8,8.64,42.1,Winter
2007-06-19,240.0,8.0,176.0,0.0,7.1,15.2,1.2,-1.1,9.1,8.7,6.43,41.9,Winter
2007-06-20,57.0,21.2,341.0,19.3,10.2,15.6,1.7,-0.4,13.5,9.6,0.75,47.0,Winter
2007-06-21,284.0,20.5,685.0,3.2,14.2,17.5,12.5,10.2,14.7,12.0,5.35,49.2,Winter
2007-06-22,263.0,24.4,677.0,4.9,12.3,15.4,10.4,8.1,12.9,11.4,5.13,50.3,Winter
2007-06-23,248.0,23.8,1003.0,4.1,12.6,15.0,11.1,9.2,11.9,11.0,8.16,49.3,Winter
2007-06-24,252.0,17.8,613.0,2.5,12.3,14.1,11.0,8.9,12.2,11.0,5.27,46.9,Winter
2007-06-25,235.0,21.0,640.0,2.1,11.9,14.6,10.1,8.1,11.1,10.6,6.42,46.1,Winter
2007-06-26,177.0,10.7,285.0,2.0,7.9,11.2,2.9,0.1,8.4,9.2,10.0,46.1,Winter
2007-06-27,179.0,8.0,180.0,0.1,5.6,13.0,-0.1,-2.1,7.8,7.3,8.89,45.0,Winter
2007-06-28,35.0,10.2,312.0,0.0,9.5,14.6,2.0,0.0,10.8,8.3,4.44,44.6,Winter
2007-06-29,46.0,16.0,542.0,12.4,13.9,14.8,12.2,10.5,14.3,11.2,1.37,46.1,Winter
2007-06-30,352.0,18.9,476.0,22.2,15.0,17.3,10.3,9.2,16.5,13.7,4.3,51.0,Winter
2007-07-01,342.0,11.8,306.0,12.5,13.8,16.2,10.3,8.9,16.3,12.6,1.13,50.4,Winter
2007-07-02,260.0,17.7,546.0,7.5,12.1,16.0,9.8,8.0,13.7,11.7,5.6,50.9,Winter
2007-07-03,308.0,9.2,283.0,1.5,10.7,15.6,5.8,3.4,13.2,10.7,5.94,49.8,Winter
2007-07-04,296.0,13.9,282.0,0.1,10.7,17.4,4.1,2.2,14.7,10.2,7.69,47.3,Winter
2007-07-05,298.0,14.2,556.0,2.6,13.7,16.7,11.6,9.2,14.3,12.0,6.9,47.3,Winter
2007-07-06,291.0,11.8,346.0,20.5,12.4,14.2,10.8,9.4,14.2,11.7,1.06,48.5,Winter
2007-07-07,74.0,12.6,412.0,12.7,10.8,11.4,9.8,8.5,12.7,11.2,2.4,51.1,Winter
2007-07-08,53.0,9.2,370.0,3.8,11.0,12.7,9.8,8.6,12.4,11.2,3.51,50.9,Winter
2007-07-09,69.0,13.0,512.0,0.4,12.6,14.8,11.0,9.5,12.3,11.3,6.06,48.2,Winter
2007-07-10,87.0,32.8,1049.0,37.6,11.7,12.9,10.3,9.4,13.2,11.3,0.45,50.2,Winter
2007-07-11,100.0,21.9,575.0,25.1,10.1,11.5,8.6,7.9,11.3,10.3,1.74,51.0,Winter
2007-07-12,175.0,13.8,412.0,0.0,10.2,13.5,7.0,4.5,8.2,9.5,10.63,50.6,Winter
2007-07-13,183.0,7.0,178.0,0.0,7.4,12.1,3.6,1.3,8.2,8.2,11.18,48.4,Winter
2007-07-14,95.0,8.3,244.0,0.0,9.5,12.5,3.4,1.2,12.2,8.9,4.86,47.5,Winter
2007-07-15,89.0,19.0,641.0,24.9,12.1,13.7,11.1,10.0,13.0,10.6,2.24,48.0,Winter
2007-07-16,78.0,18.7,419.0,60.6,12.2,14.8,9.9,8.6,14.5,11.9,3.69,50.9,Winter
2007-07-17,274.0,6.0,116.0,1.0,11.2,15.2,7.8,6.6,15.4,11.6,5.52,50.8,Winter
2007-07-18,211.0,6.2,193.0,0.0,11.0,15.8,6.0,3.9,13.8,11.5,7.3,49.5,Winter
2007-07-19,86.0,6.2,175.0,0.1,10.1,15.4,4.3,2.4,14.4,10.3,8.88,48.1,Winter
2007-07-20,357.0,8.5,186.0,0.3,11.8,16.9,6.2,4.1,13.5,11.7,9.99,47.6,Winter
2007-07-21,274.0,9.2,182.0,5.3,10.0,15.3,4.7,3.1,14.8,10.5,3.55,48.1,Winter
2007-07-22,179.0,12.6,307.0,2.0,9.3,11.9,5.7,2.3,9.3,10.7,8.36,50.6,Winter
2007-07-23,228.0,13.6,325.0,0.0,7.4,14.0,-0.5,-2.4,8.7,8.2,10.07,48.9,Winter
2007-07-24,274.0,13.7,391.0,0.4,9.7,14.9,6.5,3.9,10.9,9.2,10.44,47.9,Winter
2007-07-25,268.0,14.5,364.0,0.2,10.1,15.7,5.6,3.8,13.1,9.7,10.18,47.7,Winter
2007-07-26,270.0,11.7,352.0,0.7,11.2,15.6,5.8,4.3,14.5,10.4,8.58,47.1,Winter
2007-07-27,271.0,7.8,277.0,0.0,12.0,16.4,9.1,7.6,13.6,11.6,9.31,47.1,Winter
2007-07-28,39.0,12.2,263.0,0.1,11.1,15.4,4.8,2.5,13.4,11.3,8.61,46.9,Winter
2007-07-29,54.0,20.4,418.0,63.6,14.0,15.6,12.4,11.6,15.7,13.4,5.09,50.0,Winter
2007-07-30,275.0,11.1,249.0,5.6,11.5,16.9,6.9,5.4,13.6,12.3,8.51,51.0,Winter
2007-07-31,268.0,17.2,450.0,0.2,13.6,17.8,9.0,6.5,13.4,12.0,11.24,50.7,Winter
2007-08-01,261.0,13.1,347.0,5.5,11.1,14.7,8.6,7.1,12.9,11.8,7.92,50.4,Winter
2007-08-02,275.0,15.6,473.0,2.2,12.0,15.4,9.4,7.5,12.6,11.4,10.94,50.6,Winter
2007-08-03,241.0,13.2,420.0,2.2,12.3,15.7,6.5,4.8,13.5,12.3,9.07,50.4,Winter
2007-08-04,294.0,18.3,491.0,5.4,13.1,18.3,6.7,5.8,15.6,12.1,4.98,50.2,Winter
2007-08-05,266.0,18.0,457.0,0.4,11.4,15.5,6.5,4.4,12.3,11.7,8.62,50.7,Winter
2007-08-06,276.0,15.5,430.0,9.0,10.1,14.9,6.5,4.4,12.4,10.7,9.7,50.7,Winter
2007-08-07,157.0,14.6,489.0,9.3,9.5,12.2,7.4,6.1,11.5,10.3,6.91,51.0,Winter
2007-08-08,230.0,13.3,311.0,1.3,9.9,14.5,5.4,2.6,10.9,10.1,11.59,51.0,Winter
2007-08-09,263.0,12.5,399.0,1.1,12.1,15.9,7.7,5.9,13.4,10.9,9.3,50.9,Winter
2007-08-10,246.0,11.4,468.0,2.0,13.8,17.3,11.4,9.6,15.2,12.8,8.43,50.5,Winter
2007-08-11,296.0,15.9,491.0,0.0,13.8,17.7,9.7,8.0,13.9,12.5,9.79,50.0,Winter
2007-08-12,292.0,24.0,603.0,8.7,13.1,16.3,7.9,6.0,13.7,12.8,7.85,50.4,Winter
2007-08-13,240.0,9.6,225.0,0.2,9.8,14.4,5.7,3.6,10.3,11.0,11.39,50.6,Winter
2007-08-14,87.0,14.5,325.0,0.1,8.8,13.4,2.6,0.7,9.8,10.2,11.99,50.0,Winter
2007-08-15,54.0,19.2,753.0,0.1,12.0,13.1,10.9,10.2,10.5,10.9,7.55,49.2,Winter
2007-08-16,46.0,21.2,833.0,45.2,12.5,13.4,11.2,10.4,12.9,11.5,1.95,49.5,Winter
2007-08-17,260.0,16.6,409.0,30.6,11.6,15.2,7.4,5.0,13.6,12.1,11.04,50.6,Winter
2007-08-18,261.0,17.2,586.0,3.0,13.5,15.2,12.3,11.3,15.2,12.8,5.31,50.6,Winter
2007-08-19,271.0,15.1,429.0,3.1,12.4,15.6,6.9,4.9,12.8,12.9,11.07,50.7,Winter
2007-08-20,180.0,11.9,270.0,1.1,9.9,14.5,5.7,3.0,10.6,11.2,13.65,50.7,Winter
2007-08-21,248.0,9.7,278.0,0.0,9.6,13.9,4.6,2.8,9.7,10.3,11.11,50.3,Winter
2007-08-22,235.0,12.0,308.0,1.1,9.6,14.8,6.0,3.6,11.8,10.6,10.82,49.8,Winter
2007-08-23,86.0,6.1,189.0,0.0,8.8,14.7,3.2,0.8,9.1,10.5,11.5,49.3,Winter
2007-08-24,230.0,10.3,230.0,0.0,8.4,14.4,2.0,0.3,10.4,9.9,10.4,49.0,Winter
2007-08-25,216.0,6.3,176.0,0.0,8.6,15.2,3.2,0.7,10.2,10.6,11.66,48.8,Winter
2007-08-26,72.0,10.2,237.0,0.0,9.8,14.3,4.3,2.8,11.3,10.8,10.29,48.6,Winter
2007-08-27,115.0,11.8,374.0,31.1,13.4,15.2,11.4,11.1,17.1,12.9,3.5,49.6,Winter
2007-08-28,260.0,20.8,630.0,23.9,12.6,14.6,10.4,9.2,12.7,12.9,7.74,50.7,Winter
2007-08-29,234.0,16.9,584.0,0.6,11.9,14.8,10.4,7.8,11.7,11.4,10.04,50.8,Winter
2007-08-30,246.0,21.1,851.0,0.0,13.6,16.0,11.3,9.8,12.5,12.3,15.14,50.6,Winter
2007-08-31,247.0,18.3,539.0,0.0,12.6,15.5,8.1,6.5,10.9,11.9,12.47,49.9,Winter
2007-09-01,230.0,12.4,361.0,0.0,11.7,16.3,6.7,4.6,11.4,11.5,12.06,49.2,Spring
2007-09-02,254.0,14.8,526.0,2.7,12.8,15.8,10.0,8.4,13.3,12.7,10.94,49.0,Spring
2007-09-03,270.0,7.2,188.0,0.0,11.5,13.8,9.6,9.0,11.3,12.6,6.66,49.1,Spring
2007-09-04,265.0,16.2,453.0,0.3,13.4,17.8,9.0,7.2,12.8,12.9,9.93,48.9,Spring
2007-09-05,282.0,10.1,233.0,8.3,11.1,13.9,8.8,8.3,12.5,12.7,4.14,50.3,Spring
2007-09-06,132.0,11.6,281.0,0.2,9.3,12.7,4.1,2.2,9.2,11.9,15.06,50.8,Spring
2007-09-07,131.0,10.4,331.0,4.7,9.2,11.3,3.1,1.4,11.6,11.0,5.93,50.4,Spring
2007-09-08,44.0,9.8,336.0,0.4,12.5,14.6,10.2,8.6,12.7,12.3,8.19,50.8,Spring
2007-09-09,155.0,14.0,431.0,14.4,11.7,12.7,10.5,10.0,13.4,12.2,2.72,50.6,Spring
2007-09-10,198.0,16.4,512.0,2.8,12.0,15.0,10.1,8.7,12.4,12.5,14.27,50.7,Spring
2007-09-11,251.0,14.0,357.0,0.0,10.7,14.9,6.1,3.7,10.6,11.8,16.85,50.8,Spring
2007-09-12,69.0,5.8,141.0,0.1,9.0,15.6,3.1,1.2,10.7,11.1,10.94,50.6,Spring
2007-09-13,49.0,9.0,184.0,0.0,10.2,16.8,3.5,1.6,10.8,11.8,14.18,49.9,Spring
2007-09-14,316.0,9.3,241.0,0.3,13.4,17.5,7.9,7.1,13.3,13.0,11.58,49.5,Spring
2007-09-15,77.0,8.2,237.0,1.5,12.8,17.9,6.7,4.9,16.3,14.1,13.29,49.3,Spring
2007-09-16,67.0,10.0,253.0,47.2,14.7,18.6,10.2,8.6,17.0,15.8,10.22,50.5,Spring
2007-09-17,256.0,9.0,176.0,0.0,13.3,19.2,8.5,7.0,15.3,15.1,16.8,50.9,Spring
2007-09-18,279.0,11.2,283.0,0.0,13.9,19.8,9.6,9.0,16.0,15.4,18.79,50.6,Spring
2007-09-19,28.0,13.9,427.0,1.0,15.1,18.2,11.7,10.8,16.1,15.8,15.56,49.8,Spring
2007-09-20,80.0,18.8,665.0,7.3,14.5,15.4,13.5,12.9,15.9,14.8,2.65,50.2,Spring
2007-09-21,59.0,14.1,489.0,0.5,14.1,16.6,12.4,11.9,13.9,14.8,11.61,50.9,Spring
2007-09-22,54.0,7.4,201.0,1.3,13.9,16.9,10.7,9.4,16.6,15.6,10.43,50.7,Spring
2007-09-23,288.0,10.4,213.0,8.9,13.4,17.6,9.4,8.3,18.6,15.2,7.28,50.6,Spring
2007-09-24,250.0,14.4,175.0,6.6,12.2,19.0,7.7,6.6,13.7,15.0,13.66,50.8,Spring
2007-09-25,225.0,10.5,212.0,3.0,11.2,16.5,6.2,5.0,13.8,14.1,15.57,51.0,Spring
2007-09-26,85.0,6.9,185.0,0.0,11.6,16.5,8.1,6.3,11.7,14.5,19.43,51.1,Spring
2007-09-27,105.0,7.8,180.0,0.1,9.4,14.3,4.2,2.4,10.9,13.8,15.72,50.8,Spring
2007-09-28,69.0,8.6,199.0,0.1,8.9,15.4,2.7,0.9,9.6,13.4,24.04,50.3,Spring
2007-09-29,56.0,9.0,259.0,0.0,11.2,16.3,4.1,2.2,12.0,14.0,18.98,49.6,Spring
2007-09-30,17.0,15.3,374.0,9.5,13.8,17.3,10.8,9.8,14.4,14.4,9.09,49.7,Spring
2007-10-01,268.0,28.8,729.0,10.5,14.8,19.2,10.0,9.5,17.3,14.8,10.08,51.0,Spring
2007-10-02,292.0,26.4,941.0,10.2,13.4,17.0,10.5,9.4,12.8,13.9,17.76,51.1,Spring
2007-10-03,230.0,23.6,724.0,7.1,11.3,14.1,8.3,6.4,10.5,12.5,18.56,51.0,Spring
2007-10-04,314.0,11.7,298.0,0.0,10.9,17.5,3.1,1.4,10.7,13.0,21.08,51.2,Spring
2007-10-05,286.0,17.0,509.0,2.7,13.0,17.2,7.8,5.3,12.0,14.4,22.94,51.0,Spring
2007-10-06,264.0,12.2,355.0,0.0,12.6,17.9,7.3,4.5,12.4,14.2,21.75,50.5,Spring
2007-10-07,277.0,10.6,235.0,0.0,13.7,20.6,6.0,4.5,15.9,15.2,18.12,49.8,Spring
2007-10-08,277.0,19.0,530.0,0.1,17.1,22.1,12.9,11.0,17.5,16.6,18.13,49.6,Spring
2007-10-09,17.0,7.6,253.0,0.0,15.7,17.6,13.8,13.0,17.9,16.6,7.28,49.4,Spring
2007-10-10,351.0,11.2,395.0,2.5,16.4,19.1,14.7,14.1,18.4,16.6,8.94,49.2,Spring
2007-10-11,264.0,21.0,684.0,2.0,13.7,16.6,11.0,9.5,13.7,15.7,18.04,49.4,Spring
2007-10-12,253.0,18.8,693.0,2.0,13.0,16.6,10.0,7.6,12.2,14.1,15.71,49.5,Spring
2007-10-13,285.0,22.4,411.0,10.4,13.8,18.4,7.2,5.2,14.4,14.7,12.44,49.7,Spring
2007-10-14,266.0,24.6,921.0,4.5,12.6,15.7,8.2,6.8,11.8,14.6,22.68,51.2,Spring
2007-10-15,284.0,25.0,804.0,8.1,12.3,16.9,7.4,6.2,13.0,13.4,15.98,51.4,Spring
2007-10-16,266.0,17.6,689.0,0.1,14.2,18.1,11.7,9.5,13.7,14.3,18.97,51.4,Spring
2007-10-17,280.0,23.1,795.0,3.5,16.5,20.5,12.6,11.9,16.6,16.0,19.24,51.1,Spring
2007-10-18,249.0,18.4,393.0,13.7,11.9,15.7,8.4,7.5,12.4,15.6,16.17,51.1,Spring
2007-10-19,140.0,10.1,336.0,1.2,10.3,15.6,6.3,4.6,8.7,14.3,26.02,51.2,Spring
2007-10-20,260.0,17.9,510.0,1.0,10.4,15.5,3.2,1.1,10.7,13.2,16.11,51.1,Spring
2007-10-21,239.0,20.4,686.0,0.0,13.7,16.8,11.4,9.3,11.3,14.0,20.27,50.6,Spring
2007-10-22,275.0,19.9,717.0,0.0,14.2,17.1,12.1,10.9,14.2,14.2,7.27,50.0,Spring
2007-10-23,260.0,23.6,862.0,0.0,15.6,18.4,12.4,10.8,15.7,15.4,17.89,49.7,Spring
2007-10-24,274.0,17.2,666.0,6.3,15.8,18.8,14.5,14.1,17.3,16.3,12.64,49.5,Spring
2007-10-25,242.0,15.5,447.0,0.2,13.8,17.1,10.8,8.9,12.8,16.1,22.48,49.5,Spring
2007-10-26,248.0,15.6,540.0,0.0,13.4,16.9,10.2,8.0,11.3,15.6,24.37,49.3,Spring
2007-10-27,177.0,10.4,338.0,0.0,14.5,18.9,12.4,11.1,11.3,16.4,16.02,49.0,Spring
2007-10-28,75.0,12.4,387.0,2.4,11.7,14.0,10.1,8.7,12.1,15.1,9.74,48.9,Spring
2007-10-29,24.0,8.6,232.0,0.0,12.7,18.0,7.1,5.4,10.6,16.5,25.47,48.7,Spring
2007-10-30,57.0,6.6,182.0,0.0,11.6,19.1,4.3,2.4,10.2,16.8,25.18,48.2,Spring
2007-10-31,229.0,9.2,241.0,0.0,12.7,20.4,4.6,1.8,11.1,17.2,25.81,46.7,Spring
2007-11-01,273.0,11.0,329.0,0.0,13.1,19.6,5.6,3.1,13.6,17.1,18.63,45.3,Spring
2007-11-02,281.0,7.0,218.0,6.5,15.1,17.6,13.4,13.0,16.4,17.2,7.63,43.9,Spring
2007-11-03,248.0,8.6,159.0,0.9,16.1,21.0,13.3,12.9,15.7,18.3,19.58,44.1,Spring
2007-11-04,288.0,15.2,399.0,4.4,16.2,18.3,14.0,12.8,17.7,17.5,5.98,44.2,Spring
2007-11-05,280.0,20.7,525.0,3.0,16.3,18.2,12.9,12.5,17.3,17.2,7.76,45.9,Spring
2007-11-06,78.0,9.4,219.0,21.9,11.7,13.0,10.4,10.3,13.6,15.6,5.98,50.3,Spring
2007-11-07,95.0,12.1,297.0,6.0,14.2,16.4,12.4,12.2,15.2,15.8,8.71,52.0,Spring
2007-11-08,226.0,12.8,352.0,0.0,13.2,17.2,8.6,5.9,11.4,15.9,18.65,51.5,Spring
2007-11-09,236.0,9.7,274.0,0.0,13.5,18.6,8.8,5.8,10.8,15.9,19.93,50.4,Spring
2007-11-10,79.0,7.7,200.0,0.0,12.4,19.1,5.4,2.9,12.0,17.1,27.78,49.5,Spring
2007-11-11,102.0,9.2,247.0,0.0,13.6,19.3,6.9,5.0,14.1,18.0,26.0,48.9,Spring
2007-11-12,93.0,10.1,299.0,0.0,14.8,18.8,9.5,7.5,13.6,18.4,21.89,48.1,Spring
2007-11-13,272.0,18.9,514.0,1.1,13.7,18.0,7.8,6.2,13.5,17.4,20.5,48.2,Spring
2007-11-14,264.0,25.8,764.0,7.9,13.1,16.5,10.2,8.9,11.9,16.1,23.51,47.6,Spring
2007-11-15,259.0,13.7,388.0,0.0,12.6,17.8,6.3,3.4,10.9,16.0,23.44,46.6,Spring
2007-11-16,255.0,13.8,400.0,4.3,14.0,17.2,10.2,8.0,15.0,16.0,9.4,45.3,Spring
2007-11-17,86.0,10.6,290.0,0.0,14.1,18.9,7.7,5.7,14.3,17.7,27.61,44.9,Spring
2007-11-18,70.0,7.9,196.0,0.0,14.1,19.7,8.0,6.3,13.5,18.8,27.87,44.5,Spring
2007-11-19,213.0,7.0,143.0,0.0,14.7,19.7,9.3,7.8,14.5,18.9,13.62,45.4,Spring
2007-11-20,73.0,6.7,142.0,0.0,14.5,20.4,8.6,6.8,15.3,18.6,19.9,41.9,Spring
2007-11-21,82.0,8.0,190.0,0.0,15.4,21.1,8.3,6.3,14.3,20.5,29.47,38.5,Spring
2007-11-22,182.0,7.1,135.0,0.0,15.1,21.0,8.5,6.8,15.2,19.8,15.04,36.3,Spring
2007-11-23,79.0,8.8,172.0,4.7,15.3,21.0,9.4,8.0,15.2,20.1,20.78,34.6,Spring
2007-11-24,164.0,9.6,254.0,17.8,16.0,20.6,13.2,12.9,17.5,19.0,12.03,45.2,Spring
2007-11-25,222.0,15.4,404.0,0.0,17.5,22.4,14.0,11.8,16.3,19.9,29.95,46.4,Spring
2007-11-26,250.0,13.5,450.0,0.0,16.7,20.8,13.2,11.2,14.4,20.0,31.11,44.5,Spring
2007-11-27,232.0,15.0,421.0,0.0,15.0,18.8,12.1,9.3,12.3,19.7,30.34,42.9,Spring
2007-11-28,224.0,11.4,303.0,0.0,15.8,20.9,10.3,7.9,13.2,20.0,22.9,39.6,Spring
2007-11-29,314.0,9.2,294.0,4.1,15.1,18.4,12.7,11.9,14.0,19.2,12.46,37.9,Spring
2007-11-30,247.0,12.0,327.0,0.0,13.7,17.6,8.9,6.5,14.2,17.9,14.11,38.1,Spring
2007-12-01,50.0,7.2,199.0,3.5,15.3,20.3,9.9,9.0,16.1,18.5,15.2,37.1,Summer
2007-12-02,46.0,5.6,130.0,2.6,15.6,18.0,12.2,11.2,18.8,18.7,8.65,36.9,Summer
2007-12-03,219.0,5.9,183.0,0.0,16.1,19.5,11.8,9.8,16.2,18.9,12.35,37.0,Summer
2007-12-04,88.0,6.8,191.0,0.0,16.6,21.3,12.0,11.6,14.5,20.0,25.94,36.1,Summer
2007-12-05,70.0,12.8,407.0,11.7,16.9,19.5,13.0,11.9,18.9,19.1,7.65,36.5,Summer
2007-12-06,12.0,14.4,374.0,44.9,18.8,21.7,15.4,15.3,25.2,19.6,6.66,49.5,Summer
2007-12-07,89.0,16.2,599.0,3.7,16.0,17.6,14.8,14.5,16.2,17.8,8.63,52.0,Summer
2007-12-08,82.0,10.8,429.0,3.5,17.3,19.9,15.0,14.7,15.9,18.6,15.79,49.9,Summer
2007-12-09,64.0,15.7,604.0,28.8,17.8,18.6,17.1,16.9,19.5,18.7,4.8,51.1,Summer
2007-12-10,67.0,13.7,584.0,3.4,18.0,19.3,17.0,16.6,20.8,18.3,4.6,51.3,Summer
2007-12-11,64.0,15.0,545.0,1.0,18.0,19.4,17.0,16.6,20.1,18.2,6.81,51.3,Summer
2007-12-12,40.0,13.6,518.0,0.0,18.5,20.1,17.1,16.7,20.6,18.7,11.75,50.7,Summer
2007-12-13,50.0,9.9,368.0,1.7,18.6,21.6,16.9,15.8,20.6,19.7,17.12,49.9,Summer
2007-12-14,57.0,10.3,370.0,0.1,18.2,21.4,15.8,14.8,17.9,20.0,21.0,49.1,Summer
2007-12-15,47.0,11.9,423.0,0.0,17.9,20.8,16.2,15.1,17.7,19.4,14.57,48.2,Summer
2007-12-16,47.0,11.0,338.0,1.1,18.4,21.6,16.7,15.7,19.0,20.0,17.46,47.5,Summer
2007-12-17,15.0,10.9,318.0,0.0,19.4,23.1,15.7,14.9,19.9,21.3,23.07,46.7,Summer
2007-12-18,10.0,10.4,286.0,15.9,19.9,22.7,18.0,16.9,22.0,21.4,10.94,47.9,Summer
2007-12-19,262.0,12.2,445.0,4.5,18.9,22.5,16.1,15.4,20.6,20.9,16.38,51.6,Summer
2007-12-20,229.0,13.8,426.0,0.0,17.2,20.8,12.5,10.4,15.1,19.8,23.38,49.8,Summer
2007-12-21,79.0,13.0,321.0,7.7,15.3,19.8,10.0,8.6,15.6,18.6,16.22,49.7,Summer
2007-12-22,73.0,12.6,418.0,0.3,17.5,20.2,15.0,14.4,14.8,19.9,25.84,49.7,Summer
2007-12-23,77.0,14.1,426.0,1.7,17.0,20.6,15.1,13.1,15.2,19.2,18.73,48.3,Summer
2007-12-24,65.0,11.4,249.0,0.1,17.6,22.8,10.9,9.8,17.2,21.1,28.2,47.6,Summer
2007-12-25,313.0,12.6,319.0,2.8,18.3,22.7,14.4,14.3,19.5,21.3,12.48,46.5,Summer
2007-12-26,195.0,19.0,575.0,2.3,15.4,18.9,10.1,8.3,12.8,19.2,26.93,45.4,Summer
2007-12-27,246.0,13.5,395.0,0.2,14.9,20.1,9.6,7.9,12.3,18.7,28.49,44.7,Summer
2007-12-28,259.0,9.5,296.0,0.0,16.3,22.6,9.7,8.0,15.0,20.2,26.09,43.6,Summer
2007-12-29,194.0,7.0,169.0,0.0,16.7,22.7,10.9,9.6,17.9,20.6,15.27,40.1,Summer
2007-12-30,89.0,7.6,204.0,0.0,17.3,23.3,11.1,9.3,15.1,21.7,24.16,38.5,Summer
2007-12-31,232.0,8.1,229.0,0.0,17.7,22.7,10.8,9.3,17.4,21.2,15.38,36.8,Summer
2008-01-01,53.0,10.6,350.0,0.3,18.7,21.6,16.4,15.0,17.7,22.6,28.97,34.9,Summer
2008-01-02,75.0,7.0,234.0,0.0,18.9,23.1,14.2,12.4,16.1,24.5,30.38,32.3,Summer
2008-01-03,183.0,9.0,157.0,0.0,17.8,23.7,10.9,9.0,17.2,23.2,14.54,30.1,Summer
2008-01-04,60.0,10.0,243.0,0.0,17.1,22.0,10.8,9.4,17.9,21.8,17.0,28.7,Summer
2008-01-05,81.0,11.5,465.0,0.1,19.0,21.7,17.9,17.2,20.2,21.6,11.95,27.5,Summer
2008-01-06,13.0,11.1,356.0,0.0,20.2,24.0,17.5,15.7,20.7,22.7,20.76,26.4,Summer
2008-01-07,27.0,9.9,281.0,0.0,20.6,25.1,16.6,15.1,21.4,23.7,21.34,24.9,Summer
2008-01-08,12.0,6.0,184.0,12.9,19.5,23.7,16.9,16.8,21.7,22.7,9.06,26.4,Summer
2008-01-09,76.0,7.4,264.0,1.3,18.9,20.8,17.1,17.0,17.2,21.3,10.46,36.5,Summer
2008-01-10,244.0,8.4,234.0,0.0,20.0,24.3,15.6,14.2,19.2,22.9,28.2,34.6,Summer
2008-01-11,75.0,12.0,450.0,0.0,18.3,20.7,13.6,11.5,15.7,22.6,29.3,31.5,Summer
2008-01-12,86.0,9.3,256.0,0.0,16.9,22.0,12.0,10.1,13.8,22.9,29.39,28.4,Summer
2008-01-13,94.0,8.2,203.0,0.0,16.8,23.4,9.5,7.8,16.2,23.0,26.28,25.8,Summer
2008-01-14,18.0,9.2,210.0,0.0,17.8,24.2,11.2,9.0,16.3,23.5,25.92,23.7,Summer
2008-01-15,225.0,10.1,255.0,0.0,18.7,25.3,11.7,9.9,18.1,23.9,28.12,21.9,Summer
2008-01-16,85.0,7.8,290.0,0.0,21.0,24.9,17.7,16.0,21.0,25.3,29.51,20.6,Summer
2008-01-17,218.0,11.8,292.0,0.0,20.0,24.6,15.4,13.5,19.3,24.5,19.47,19.8,Summer
2008-01-18,224.0,9.9,258.0,0.0,20.5,26.7,14.4,11.9,20.5,24.0,19.69,19.0,Summer
2008-01-19,89.0,14.3,461.0,0.0,20.7,24.5,16.4,14.7,17.5,24.2,22.79,18.4,Summer
2008-01-20,85.0,17.8,639.0,0.4,19.8,22.9,18.5,18.1,18.6,22.2,8.07,17.8,Summer
2008-01-21,63.0,16.6,593.0,6.6,21.2,22.8,19.8,19.5,18.9,21.8,5.41,20.4,Summer
2008-01-22,274.0,18.8,567.0,1.1,22.7,26.3,19.5,18.0,25.7,23.1,19.29,21.7,Summer
2008-01-23,242.0,11.0,318.0,0.0,19.7,22.6,15.6,14.4,19.1,22.4,18.91,21.2,Summer
2008-01-24,65.0,12.7,344.0,0.0,19.2,23.4,14.6,12.1,17.3,22.7,28.6,20.4,Summer
2008-01-25,52.0,12.0,469.0,0.0,19.8,22.6,15.6,13.3,17.9,23.8,27.57,19.5,Summer
2008-01-26,78.0,8.2,194.0,0.0,18.0,24.2,11.6,10.2,15.8,24.1,29.66,18.4,Summer
2008-01-27,252.0,11.9,330.0,0.0,18.7,24.8,13.3,11.6,16.2,24.4,30.12,17.5,Summer
2008-01-28,216.0,14.1,383.0,0.0,19.5,24.8,15.5,14.0,16.5,24.1,29.09,16.7,Summer
2008-01-29,213.0,13.0,363.0,0.0,19.0,24.4,11.4,9.8,18.5,23.7,25.87,16.0,Summer
2008-01-30,86.0,9.0,193.0,0.2,21.3,27.2,16.5,13.5,18.9,25.4,14.68,15.5,Summer
2008-01-31,61.0,9.6,285.0,0.0,20.0,24.5,15.5,12.9,17.8,25.0,23.54,15.1,Summer
2008-02-01,50.0,7.5,170.0,0.2,20.0,24.8,15.6,12.2,17.3,25.2,18.84,14.7,Summer
2008-02-02,60.0,7.8,206.0,0.0,19.4,26.6,12.7,10.0,17.0,24.4,19.08,14.4,Summer
2008-02-03,58.0,9.2,221.0,0.0,18.9,23.6,14.1,11.4,17.8,23.9,18.3,14.2,Summer
2008-02-04,95.0,7.8,209.0,0.0,20.1,25.4,14.4,11.6,17.6,25.3,25.87,14.0,Summer
2008-02-05,121.0,12.7,419.0,0.0,19.8,23.0,16.0,13.4,15.1,24.9,25.38,13.6,Summer
2008-02-06,102.0,11.5,323.0,0.0,17.3,21.2,11.1,6.8,10.8,23.0,21.67,13.1,Summer
2008-02-07,110.0,8.7,224.0,0.0,15.4,21.6,8.6,4.9,11.5,23.1,27.51,12.9,Summer
2008-02-08,266.0,7.2,194.0,0.0,16.8,25.2,8.5,5.0,12.4,23.2,21.43,12.6,Summer
2008-02-09,16.0,9.8,257.0,0.0,17.6,23.2,10.6,7.2,15.9,22.3,12.48,12.4,Summer
2008-02-10,290.0,10.0,330.0,0.8,21.7,26.4,18.6,14.4,22.0,23.1,12.12,12.4,Summer
2008-02-11,289.0,13.8,437.0,0.0,21.2,27.3,15.8,12.8,19.5,23.3,20.26,12.4,Summer
2008-02-12,272.0,15.3,355.0,2.5,18.2,23.6,12.8,9.6,16.7,21.8,21.46,12.5,Summer
2008-02-13,250.0,7.6,229.0,0.0,19.3,24.6,14.8,11.0,15.9,21.6,14.58,12.6,Summer
2008-02-14,66.0,9.3,167.0,3.6,17.2,19.6,15.8,14.1,17.8,20.8,7.71,13.0,Summer
2008-02-15,262.0,19.8,597.0,2.0,18.4,22.8,14.4,12.7,15.1,19.9,21.85,13.0,Summer
2008-02-16,288.0,14.6,355.0,9.1,15.9,21.6,12.2,7.8,14.4,18.7,18.03,13.9,Summer
2008-02-17,225.0,13.7,332.0,0.0,16.5,23.1,9.8,6.6,13.9,18.8,20.41,14.0,Summer
2008-02-18,234.0,10.7,262.0,0.0,18.5,21.6,14.0,9.1,14.5,19.7,11.08,13.8,Summer
2008-02-19,66.0,11.4,262.0,0.5,16.7,23.0,10.1,6.7,15.7,19.4,14.84,13.7,Summer
2008-02-20,80.0,9.4,411.0,0.0,19.5,22.9,17.6,14.8,15.5,21.2,20.09,13.5,Summer
2008-02-21,69.0,12.5,471.0,3.9,18.9,22.2,16.8,14.4,16.3,20.7,13.38,13.2,Summer
2008-02-22,61.0,20.8,776.0,6.5,18.8,19.7,17.0,16.0,17.7,18.8,4.25,13.7,Summer
2008-02-23,62.0,19.8,781.0,139.6,18.7,19.6,17.6,17.1,20.1,18.6,2.68,36.6,Summer
2008-02-24,61.0,14.5,327.0,12.3,20.0,23.0,18.7,17.6,21.8,20.5,10.58,42.7,Summer
2008-02-25,246.0,13.4,396.0,0.5,19.6,23.5,14.0,9.8,17.9,21.1,23.21,35.7,Summer
2008-02-26,243.0,12.0,323.0,0.2,16.9,22.4,11.3,8.2,14.3,19.3,20.82,34.2,Summer
2008-02-27,234.0,7.2,182.0,0.0,16.0,23.3,9.0,7.9,13.0,19.2,17.68,32.9,Summer
2008-02-28,82.0,6.6,137.0,0.0,17.7,23.3,12.8,12.1,15.0,20.5,16.22,31.5,Summer
2008-02-29,54.0,13.1,339.0,0.0,18.0,23.3,11.5,10.8,16.9,20.7,21.02,29.7,Summer
2008-03-01,38.0,14.0,495.0,21.9,21.5,23.8,19.8,19.0,22.7,21.2,4.65,36.4,Autumn
2008-03-02,280.0,11.0,339.0,6.3,19.7,21.4,17.4,17.0,20.1,20.9,8.2,44.7,Autumn
2008-03-03,83.0,14.5,275.0,3.3,18.4,22.0,15.2,14.8,17.4,20.4,13.82,38.2,Autumn
2008-03-04,83.0,15.2,421.0,28.2,16.5,17.9,14.4,14.1,16.6,18.6,4.58,47.3,Autumn
2008-03-05,263.0,14.8,435.0,0.1,17.1,21.1,13.2,12.6,15.0,18.0,18.97,44.6,Autumn
2008-03-06,66.0,8.5,243.0,0.0,16.2,21.9,9.8,8.6,14.6,18.5,19.81,39.3,Autumn
2008-03-07,69.0,8.2,194.0,0.0,17.5,22.2,13.1,12.1,16.4,19.6,15.51,38.0,Autumn
2008-03-08,57.0,7.6,148.0,0.1,17.1,23.6,10.3,9.6,14.9,20.6,25.69,36.6,Autumn
2008-03-09,243.0,9.3,198.0,0.0,17.8,23.8,13.5,12.2,14.6,21.1,20.97,34.5,Autumn
2008-03-10,86.0,7.8,276.0,0.0,18.2,22.8,13.1,11.2,15.5,21.5,24.04,32.3,Autumn
2008-03-11,294.0,9.8,224.0,0.0,19.0,24.4,14.0,13.4,17.1,22.2,16.74,30.3,Autumn
2008-03-12,271.0,11.2,331.0,0.0,17.8,22.4,13.4,11.6,15.2,21.1,18.46,28.6,Autumn
2008-03-13,96.0,6.7,175.0,0.0,18.1,22.3,13.2,12.5,15.8,22.1,20.17,27.2,Autumn
2008-03-14,114.0,9.6,212.0,1.2,19.0,22.7,15.9,15.8,18.2,22.0,14.81,26.1,Autumn
2008-03-15,242.0,8.6,212.0,2.7,18.4,22.4,15.3,14.5,15.7,20.9,15.38,26.2,Autumn
2008-03-16,232.0,12.9,357.0,0.0,18.9,23.3,14.3,13.2,16.5,20.2,18.34,25.7,Autumn
2008-03-17,79.0,6.6,159.0,0.0,16.8,23.2,11.3,10.5,14.8,20.9,21.75,24.5,Autumn
2008-03-18,66.0,7.2,175.0,0.0,17.3,23.7,11.2,10.2,15.5,21.3,18.39,23.7,Autumn
2008-03-19,89.0,9.2,306.0,0.0,18.4,21.9,13.7,12.5,15.2,21.1,12.26,22.9,Autumn
2008-03-20,213.0,7.0,172.0,0.0,17.7,24.4,11.2,10.5,15.8,21.0,16.05,22.1,Autumn
2008-03-21,72.0,5.8,127.0,0.0,16.9,24.1,10.2,9.2,16.1,20.9,15.82,21.2,Autumn
2008-03-22,274.0,8.8,208.0,0.0,16.9,23.9,10.7,10.1,14.6,20.9,19.68,20.5,Autumn
2008-03-23,65.0,8.4,212.0,0.8,17.1,24.1,9.6,9.0,15.7,21.0,21.1,19.7,Autumn
2008-03-24,104.0,9.1,327.0,0.2,19.4,22.6,17.3,15.7,17.6,21.2,13.27,19.2,Autumn
2008-03-25,94.0,14.4,470.0,0.3,19.0,21.0,18.0,16.4,17.4,20.0,7.93,18.9,Autumn
2008-03-26,93.0,13.4,458.0,0.4,19.2,22.4,17.3,15.7,17.8,20.3,13.64,18.6,Autumn
2008-03-27,70.0,11.1,456.0,0.2,19.5,21.7,18.0,16.5,17.9,20.3,11.5,18.3,Autumn
2008-03-28,68.0,12.7,414.0,0.0,19.7,22.9,17.6,15.8,17.8,20.7,14.37,18.0,Autumn
2008-03-29,40.0,8.9,239.0,0.0,18.3,22.2,14.4,13.2,16.6,20.4,10.18,17.6,Autumn
2008-03-30,22.0,10.1,244.0,0.0,19.5,24.0,13.4,12.2,17.0,21.1,14.71,17.3,Autumn
2008-03-31,328.0,10.2,254.0,0.0,20.0,23.1,16.4,15.6,18.7,21.0,8.25,16.9,Autumn
2008-04-01,264.0,12.0,278.0,0.5,19.1,22.3,15.7,13.8,19.1,20.5,7.35,16.8,Autumn
2008-04-02,246.0,10.5,246.0,0.0,16.4,21.5,10.5,8.9,13.4,19.2,15.29,16.7,Autumn
2008-04-03,49.0,10.5,257.0,4.8,15.0,19.6,8.1,7.6,14.6,18.0,7.81,16.7,Autumn
2008-04-04,32.0,13.3,391.0,0.0,17.3,21.0,11.5,10.6,12.8,18.0,15.47,16.9,Autumn
2008-04-05,68.0,6.2,190.0,0.0,15.4,20.8,10.0,9.1,14.2,17.5,7.25,16.8,Autumn
2008-04-06,88.0,6.5,149.0,3.1,16.6,21.8,11.8,10.2,15.9,18.5,10.97,16.7,Autumn
2008-04-07,136.0,6.6,148.0,1.2,16.0,20.9,11.2,10.6,16.0,18.1,11.19,16.9,Autumn
2008-04-08,94.0,9.4,195.0,3.8,15.2,20.3,10.9,10.3,13.4,17.4,12.68,16.9,Autumn
2008-04-09,80.0,7.6,173.0,0.2,13.2,18.8,7.8,6.2,11.3,16.5,18.36,16.8,Autumn
2008-04-10,93.0,6.8,146.0,0.0,13.0,20.5,7.0,5.5,11.1,16.2,18.38,16.6,Autumn
2008-04-11,78.0,7.2,139.0,0.0,13.1,21.1,6.3,4.8,11.8,16.4,17.63,16.3,Autumn
2008-04-12,70.0,14.1,342.0,5.9,14.7,20.4,9.5,8.5,14.2,16.2,7.25,16.6,Autumn
2008-04-13,60.0,16.1,622.0,22.5,16.9,19.0,15.1,14.6,15.4,16.1,3.96,21.0,Autumn
2008-04-14,28.0,16.0,603.0,43.3,18.1,19.8,16.5,15.5,18.9,17.2,2.43,45.1,Autumn
2008-04-15,16.0,18.6,449.0,34.3,19.2,20.2,16.2,14.4,20.0,18.1,1.21,47.3,Autumn
2008-04-16,60.0,10.2,177.0,1.4,16.9,20.3,13.2,12.1,18.1,17.3,4.09,42.4,Autumn
2008-04-17,260.0,12.0,350.0,6.6,17.7,21.6,14.4,12.8,17.5,18.2,13.16,46.8,Autumn
2008-04-18,242.0,12.2,341.0,0.0,16.1,20.1,12.5,10.9,15.0,16.9,10.2,40.8,Autumn
2008-04-19,228.0,14.5,311.0,0.0,14.6,18.2,10.9,8.6,11.7,15.9,12.37,39.3,Autumn
2008-04-20,116.0,9.8,293.0,0.0,12.1,16.4,7.5,5.4,9.4,13.9,12.85,38.3,Autumn
2008-04-21,235.0,7.6,232.0,0.0,12.4,17.8,7.1,5.9,9.9,14.3,10.76,37.5,Autumn
2008-04-22,260.0,19.4,534.0,5.8,14.4,18.8,8.0,6.4,13.4,14.6,12.42,37.4,Autumn
2008-04-23,218.0,14.8,438.0,0.2,15.1,18.1,12.4,9.7,13.2,14.8,9.68,39.0,Autumn
2008-04-24,255.0,6.8,204.0,0.0,15.4,19.0,11.2,9.6,13.5,15.6,6.52,38.4,Autumn
2008-04-25,104.0,6.0,165.0,0.0,14.4,17.7,10.6,9.2,13.8,15.4,6.98,37.9,Autumn
2008-04-26,58.0,13.6,455.0,5.0,17.0,19.5,15.5,13.7,16.3,16.1,4.02,38.1,Autumn
2008-04-27,80.0,10.3,330.0,12.9,18.9,23.0,14.2,13.4,20.0,18.3,9.11,47.6,Autumn
2008-04-28,58.0,7.3,179.0,0.1,16.8,21.3,11.2,11.2,18.1,17.8,7.21,41.3,Autumn
2008-04-29,226.0,12.2,319.0,65.6,19.1,21.3,17.7,16.7,19.9,18.8,5.09,50.3,Autumn
2008-04-30,282.0,12.6,391.0,1.6,16.6,19.7,11.8,10.8,15.7,17.7,10.78,48.8,Autumn
2008-05-01,236.0,12.8,362.0,16.0,13.5,16.8,10.9,9.5,12.4,15.2,8.47,49.1,Autumn
2008-05-02,251.0,17.4,410.0,3.7,12.8,17.1,7.2,6.1,11.8,14.3,11.31,45.8,Autumn
2008-05-03,232.0,15.2,404.0,0.7,13.0,16.6,8.7,7.0,11.7,14.1,10.64,43.3,Autumn
2008-05-04,293.0,14.2,208.0,41.6,12.4,15.5,7.8,7.0,13.7,13.8,2.63,47.6,Autumn
2008-05-05,303.0,13.0,339.0,1.7,14.3,19.3,11.3,10.0,14.3,14.8,8.6,50.4,Autumn
2008-05-06,187.0,10.9,287.0,0.7,11.7,15.9,5.4,5.2,11.7,14.3,8.91,44.7,Autumn
2008-05-07,78.0,4.6,113.0,0.1,9.4,16.7,4.7,4.2,9.7,13.0,10.33,42.9,Autumn
2008-05-08,58.0,8.7,218.0,0.4,12.0,18.2,3.9,3.2,11.5,13.0,11.52,42.1,Autumn
2008-05-09,17.0,12.1,268.0,18.4,13.3,16.8,7.7,7.8,13.5,14.1,4.23,48.9,Autumn
2008-05-10,185.0,10.2,255.0,0.0,13.3,18.5,7.6,7.3,13.2,13.6,8.97,46.3,Autumn
2008-05-11,236.0,11.8,322.0,1.0,14.2,18.3,10.2,8.4,12.9,14.1,8.84,43.5,Autumn
2008-05-12,192.0,7.6,227.0,0.2,12.2,17.0,6.0,4.6,10.8,13.4,13.03,43.1,Autumn
2008-05-13,188.0,7.4,241.0,0.0,9.1,15.9,3.7,2.9,8.8,12.0,13.19,42.7,Autumn
2008-05-14,236.0,13.4,341.0,0.3,12.0,18.0,5.8,4.8,11.8,12.6,11.23,42.2,Autumn
2008-05-15,114.0,5.6,131.0,0.3,11.1,18.4,6.0,4.5,11.2,12.5,9.7,41.9,Autumn
2008-05-16,61.0,4.4,107.0,0.0,10.0,17.1,5.1,3.8,11.1,12.2,10.32,41.7,Autumn
2008-05-17,86.0,5.4,134.0,0.1,10.2,17.7,4.8,4.4,11.0,11.8,9.59,41.5,Autumn
2008-05-18,61.0,10.1,219.0,0.1,11.5,17.6,5.1,3.5,10.8,11.8,11.41,41.1,Autumn
2008-05-19,58.0,13.1,403.0,1.1,14.6,17.6,12.2,10.5,13.0,13.1,8.39,40.8,Autumn
2008-05-20,97.0,16.4,569.0,0.6,15.1,16.9,13.0,12.1,13.6,13.9,5.12,40.4,Autumn
2008-05-21,104.0,15.3,505.0,5.0,14.3,17.7,12.5,10.7,12.5,13.9,8.14,40.4,Autumn
2008-05-22,225.0,5.7,111.0,0.0,12.1,17.0,8.0,7.1,11.5,13.4,10.25,41.3,Autumn
2008-05-23,110.0,12.5,244.0,11.0,12.2,17.4,7.3,5.7,12.6,12.7,7.1,42.4,Autumn
2008-05-24,172.0,8.4,218.0,8.2,13.0,16.4,9.3,7.8,12.5,13.4,5.52,49.2,Autumn
2008-05-25,280.0,9.2,158.0,0.7,10.7,16.4,5.2,4.5,11.1,12.2,8.09,44.7,Autumn
2008-05-26,100.0,8.9,197.0,15.7,11.2,12.5,10.0,9.8,12.3,12.5,3.41,51.6,Autumn
2008-05-27,154.0,11.9,282.0,1.0,12.1,14.0,10.2,8.8,11.5,12.2,3.58,49.6,Autumn
2008-05-28,191.0,6.8,202.0,0.0,10.0,16.0,4.6,2.9,9.3,11.3,11.26,45.1,Autumn
2008-05-29,182.0,9.6,140.0,0.1,8.0,16.0,2.4,1.7,9.1,10.1,10.08,43.7,Autumn
2008-05-30,259.0,11.4,210.0,2.0,10.0,16.4,4.8,3.9,11.0,10.8,9.37,43.4,Autumn
2008-05-31,296.0,6.6,233.0,2.3,12.2,16.3,9.2,8.0,12.9,11.9,6.84,44.8,Autumn
2008-06-01,272.0,8.4,251.0,0.6,11.3,17.6,5.0,5.1,12.3,12.0,8.3,44.2,Winter
2008-06-02,272.0,12.6,307.0,2.2,12.4,16.8,8.2,6.3,12.6,12.4,7.44,44.3,Winter
2008-06-03,244.0,12.5,295.0,0.6,11.6,15.6,7.3,4.9,11.0,11.2,10.04,44.1,Winter
2008-06-04,280.0,13.4,364.0,2.9,11.4,15.8,3.5,2.5,9.8,11.3,9.99,44.1,Winter
2008-06-05,210.0,9.2,172.0,0.1,7.1,14.5,0.3,0.4,8.6,9.3,7.96,44.0,Winter
2008-06-06,283.0,5.9,246.0,0.0,10.9,16.0,6.8,6.4,10.0,10.7,9.07,43.7,Winter
2008-06-07,291.0,13.8,321.0,0.4,10.8,17.3,3.6,2.8,11.6,10.6,7.22,43.4,Winter
2008-06-08,262.0,16.6,293.0,22.8,10.5,15.0,6.4,5.2,9.7,11.2,8.62,50.6,Winter
2008-06-09,229.0,14.6,431.0,0.1,13.0,15.9,7.3,6.2,11.3,11.1,6.76,46.2,Winter
2008-06-10,226.0,10.6,197.0,0.1,12.8,16.8,6.7,5.4,11.9,12.0,9.3,44.9,Winter
2008-06-11,218.0,4.2,106.0,0.1,10.6,14.5,5.3,4.1,11.1,11.2,3.19,44.4,Winter
2008-06-12,295.0,4.6,107.0,0.0,12.3,17.5,8.6,7.0,12.1,12.3,6.94,44.1,Winter
2008-06-13,328.0,5.2,149.0,0.1,12.8,18.0,8.4,7.6,11.9,12.7,6.95,43.9,Winter
2008-06-14,46.0,9.3,275.0,0.4,13.3,16.2,8.8,7.5,14.1,12.8,3.96,43.8,Winter
2008-06-15,84.0,14.0,483.0,1.6,16.4,18.3,15.4,14.3,16.9,14.6,3.54,43.8,Winter
2008-06-16,105.0,17.8,560.0,54.5,15.8,16.3,15.2,15.1,17.1,15.2,1.48,49.0,Winter
2008-06-17,274.0,11.7,394.0,0.8,15.6,17.8,14.2,13.1,15.9,15.2,6.53,51.3,Winter
2008-06-18,118.0,14.3,525.0,0.0,13.2,14.5,11.5,10.6,10.7,13.8,4.73,47.8,Winter
2008-06-19,86.0,12.4,371.0,3.8,11.7,12.8,10.8,9.5,12.4,12.9,4.1,47.6,Winter
2008-06-20,84.0,9.2,252.0,0.9,12.1,14.1,10.5,9.0,12.8,12.9,4.06,49.2,Winter
2008-06-21,39.0,14.6,336.0,11.2,13.4,15.0,11.4,9.8,14.2,13.3,4.69,50.0,Winter
2008-06-22,3.0,17.8,422.0,39.0,15.1,17.9,12.7,11.3,15.4,14.4,4.15,52.1,Winter
2008-06-23,260.0,17.4,518.0,4.7,11.6,14.2,8.9,7.7,11.2,12.7,6.94,52.4,Winter
2008-06-24,238.0,26.0,667.0,12.9,10.0,12.6,6.7,5.2,9.7,10.7,5.01,52.3,Winter
2008-06-25,280.0,21.1,675.0,14.4,11.2,14.6,8.3,6.0,10.6,10.2,7.42,52.6,Winter
2008-06-26,251.0,20.4,779.0,12.3,12.4,14.7,10.2,9.0,11.7,11.4,6.73,52.3,Winter
2008-06-27,260.0,25.5,860.0,14.6,12.3,15.0,9.4,8.2,11.8,11.6,5.92,52.2,Winter
2008-06-28,262.0,21.8,641.0,23.8,9.9,12.8,6.6,6.1,10.0,10.3,5.42,52.3,Winter
2008-06-29,225.0,14.6,303.0,11.1,8.8,13.8,6.4,5.5,10.0,9.5,4.79,52.3,Winter
2008-06-30,218.0,9.3,249.0,0.5,9.4,14.2,5.8,4.2,9.4,9.2,10.05,51.7,Winter
2008-07-01,245.0,10.2,229.0,1.2,9.4,13.5,5.8,3.3,10.7,9.6,6.97,49.2,Winter
2008-07-02,303.0,19.7,394.0,1.1,10.8,17.2,4.8,1.9,11.3,10.0,5.4,47.9,Winter
2008-07-03,259.0,20.0,395.0,3.8,11.5,18.1,5.0,2.2,11.8,10.5,7.66,48.1,Winter
2008-07-04,225.0,18.2,456.0,6.1,11.3,14.9,8.3,4.3,11.1,10.8,8.07,50.3,Winter
2008-07-05,254.0,20.0,547.0,13.1,7.2,9.9,3.6,1.8,8.3,8.9,3.06,52.2,Winter
2008-07-06,235.0,15.7,412.0,3.8,8.9,13.0,4.9,0.0,7.8,8.1,8.89,52.2,Winter
2008-07-07,240.0,15.1,372.0,6.2,8.6,13.8,1.6,-1.7,9.8,8.3,7.59,51.5,Winter
2008-07-08,207.0,9.3,239.0,0.0,6.1,12.5,1.1,-2.0,7.1,7.6,10.9,51.2,Winter
2008-07-09,202.0,7.6,172.0,0.1,5.0,12.5,0.0,-3.1,7.0,6.8,10.97,48.1,Winter
2008-07-10,4.0,10.7,221.0,0.6,7.8,15.0,0.1,-3.1,9.4,7.2,7.75,46.7,Winter
2008-07-11,352.0,14.4,515.0,0.8,13.7,15.2,11.0,10.0,13.3,10.4,2.0,46.3,Winter
2008-07-12,10.0,14.6,431.0,6.4,14.5,16.6,12.1,10.6,14.5,12.1,2.08,48.1,Winter
2008-07-13,242.0,8.4,231.0,0.0,10.5,15.8,6.0,2.8,11.1,11.1,8.67,50.3,Winter
2008-07-14,231.0,5.2,152.0,0.1,8.7,13.9,3.9,1.1,10.0,9.9,6.37,47.9,Winter
2008-07-15,227.0,3.4,95.0,0.0,9.2,13.9,5.0,1.7,10.2,10.2,4.2,46.8,Winter
2008-07-16,62.0,7.0,147.0,8.8,9.9,12.4,7.5,5.9,11.1,10.5,2.27,47.3,Winter
2008-07-17,282.0,8.4,243.0,3.6,13.4,16.4,10.9,9.4,14.2,12.1,4.6,51.8,Winter
2008-07-18,13.0,12.7,255.0,2.9,14.0,17.1,10.1,8.6,14.6,12.6,4.21,50.9,Winter
2008-07-19,322.0,15.3,362.0,12.2,15.2,18.7,10.7,9.2,15.0,14.0,4.49,51.4,Winter
2008-07-20,277.0,17.5,618.0,13.0,11.7,14.6,9.5,8.5,11.8,12.3,6.79,51.4,Winter
2008-07-21,277.0,18.9,496.0,3.5,11.8,14.9,8.7,4.7,10.8,11.3,10.16,51.6,Winter
2008-07-22,276.0,21.3,462.0,12.9,12.0,14.0,8.6,7.8,12.3,11.6,2.36,51.6,Winter
2008-07-23,279.0,23.4,878.0,11.3,11.8,14.5,9.6,7.6,11.5,11.3,7.87,51.6,Winter
2008-07-24,276.0,16.8,447.0,3.4,11.3,14.6,6.9,3.2,11.5,11.4,8.38,51.5,Winter
2008-07-25,85.0,6.6,164.0,0.0,7.9,12.0,2.7,-0.5,8.7,10.1,9.9,51.5,Winter
2008-07-26,92.0,31.9,873.0,54.7,11.1,13.3,9.2,7.9,12.0,10.4,0.79,51.1,Winter
2008-07-27,240.0,21.8,697.0,15.6,10.0,11.5,8.6,5.8,10.9,10.7,3.61,51.3,Winter
2008-07-28,240.0,10.7,257.0,1.1,10.6,14.7,7.3,3.2,11.1,10.2,8.36,51.7,Winter
2008-07-29,78.0,17.8,428.0,45.0,12.0,14.1,8.6,7.6,13.4,11.2,1.04,51.5,Winter
2008-07-30,320.0,27.1,805.0,61.9,14.0,16.2,12.4,11.8,14.2,12.6,3.73,51.3,Winter
2008-07-31,300.0,23.4,672.0,15.2,13.3,16.6,11.6,9.2,11.6,12.2,9.25,51.6,Winter
2008-08-01,280.0,20.0,600.0,6.1,11.3,14.8,8.6,6.5,11.5,11.8,7.89,51.5,Winter
2008-08-02,8.0,15.6,473.0,3.1,11.8,15.4,8.0,4.0,11.8,11.0,3.59,51.7,Winter
2008-08-03,268.0,19.4,648.0,10.8,12.3,15.2,9.8,7.6,12.2,11.7,8.08,51.5,Winter
2008-08-04,285.0,17.1,519.0,2.9,11.0,15.2,7.4,2.8,10.5,11.3,12.47,51.8,Winter
2008-08-05,238.0,13.2,319.0,1.4,9.7,14.0,6.4,2.0,9.8,10.5,11.21,51.6,Winter
2008-08-06,245.0,13.3,400.0,0.0,10.7,14.4,6.2,2.2,10.2,10.6,10.02,50.2,Winter
2008-08-07,18.0,7.9,217.0,0.2,10.1,15.1,5.9,2.9,10.1,10.8,9.01,49.1,Winter
2008-08-08,265.0,20.1,688.0,2.4,13.0,16.1,10.9,9.4,12.7,12.0,9.55,48.8,Winter
2008-08-09,180.0,7.4,191.0,9.9,9.4,11.5,4.6,1.6,10.5,11.6,4.09,51.1,Winter
2008-08-10,240.0,7.9,216.0,0.0,5.7,11.5,-0.3,-2.8,6.9,9.6,13.39,52.0,Winter
2008-08-11,8.0,11.3,307.0,0.0,8.9,13.9,1.0,-1.4,9.2,9.8,13.19,50.1,Winter
2008-08-12,343.0,14.8,425.0,19.0,11.9,17.1,6.7,4.4,12.0,11.7,7.92,51.3,Winter
2008-08-13,263.0,17.8,460.0,6.4,9.7,13.0,6.7,3.2,10.4,10.7,8.31,51.5,Winter
2008-08-14,270.0,20.4,600.0,10.6,10.4,13.4,7.5,5.3,9.6,10.4,11.9,51.5,Winter
2008-08-15,317.0,18.8,612.0,20.3,10.9,14.5,9.0,7.3,11.4,10.9,8.6,51.3,Winter
2008-08-16,294.0,17.5,541.0,11.6,9.5,13.8,5.7,2.2,9.8,10.8,11.24,51.3,Winter
2008-08-17,325.0,8.4,251.0,8.2,8.4,11.4,4.8,1.9,10.0,10.0,5.21,51.4,Winter
2008-08-18,270.0,18.6,521.0,5.8,8.7,13.1,4.7,2.2,9.2,9.7,12.19,51.7,Winter
2008-08-19,268.0,17.2,520.0,5.0,9.2,13.4,4.8,1.5,9.4,9.6,11.4,51.8,Winter
2008-08-20,232.0,15.2,369.0,3.0,9.2,13.1,5.4,1.0,9.2,9.6,12.36,51.9,Winter
2008-08-21,242.0,19.5,468.0,2.5,11.1,15.1,7.0,4.4,11.2,10.3,9.51,52.0,Winter
2008-08-22,273.0,15.2,503.0,0.0,12.0,15.8,8.6,3.6,11.7,11.0,12.84,51.6,Winter
2008-08-23,72.0,11.2,294.0,3.3,11.8,15.5,9.1,6.2,12.1,11.5,6.62,50.5,Winter
2008-08-24,21.0,22.5,496.0,40.1,13.7,18.2,8.5,5.6,14.0,13.1,8.35,51.7,Winter
2008-08-25,218.0,6.0,162.0,2.8,11.1,16.2,5.7,3.4,12.0,12.3,10.5,51.9,Winter
2008-08-26,235.0,9.4,293.0,1.8,12.0,15.9,9.2,6.1,12.4,12.2,9.51,51.9,Winter
2008-08-27,233.0,14.8,441.0,0.2,12.8,15.0,10.8,8.1,12.2,12.4,9.7,51.7,Winter
2008-08-28,235.0,12.0,379.0,0.0,12.7,16.6,9.9,6.6,11.3,12.6,16.21,50.5,Winter
2008-08-29,246.0,8.8,220.0,0.0,11.1,14.4,6.8,3.4,10.9,12.0,9.12,49.0,Winter
2008-08-30,68.0,12.2,346.0,9.1,10.1,12.2,6.8,4.1,11.1,11.7,3.26,49.9,Winter
2008-08-31,65.0,13.6,499.0,0.0,11.9,14.5,10.5,7.8,10.8,12.0,12.48,51.5,Winter
2008-09-01,74.0,14.4,443.0,1.3,12.5,15.7,9.7,5.2,12.1,12.3,11.97,50.1,Spring
2008-09-02,82.0,12.0,426.0,1.2,13.1,16.3,11.2,7.5,12.5,12.8,10.59,49.6,Spring
2008-09-03,48.0,11.2,368.0,0.1,13.2,16.1,11.4,9.0,12.9,13.2,11.26,48.9,Spring
2008-09-04,88.0,8.5,226.0,0.0,13.2,17.7,7.8,4.6,13.1,14.1,17.17,48.2,Spring
2008-09-05,238.0,12.6,312.0,0.2,10.0,14.5,5.8,2.1,10.5,12.9,9.78,47.9,Spring
2008-09-06,256.0,9.8,256.0,0.0,10.0,15.1,4.2,1.3,9.5,12.3,16.98,47.5,Spring
2008-09-07,95.0,13.8,460.0,0.0,11.0,14.9,3.8,1.2,11.2,11.9,8.51,47.4,Spring
2008-09-08,56.0,19.1,670.0,20.5,14.4,16.6,12.3,11.6,15.3,13.3,3.03,50.3,Spring
2008-09-09,286.0,11.9,357.0,1.4,14.2,17.5,7.2,4.6,14.2,14.3,13.11,52.1,Spring
2008-09-10,293.0,17.2,358.0,1.9,11.9,15.5,6.6,4.9,11.2,13.0,12.1,51.3,Spring
2008-09-11,278.0,23.0,687.0,3.2,12.8,15.7,10.1,7.2,11.5,12.8,12.81,51.4,Spring
2008-09-12,281.0,12.6,430.0,1.8,12.6,17.3,8.0,4.9,12.1,13.3,19.61,51.2,Spring
2008-09-13,268.0,11.0,284.0,1.2,11.0,16.1,6.8,4.2,10.6,13.1,16.42,50.3,Spring
2008-09-14,242.0,12.5,284.0,0.1,11.0,16.1,5.5,3.5,10.4,12.8,13.86,49.1,Spring
2008-09-15,130.0,6.2,164.0,0.1,12.1,17.8,5.4,2.5,11.1,13.3,18.96,48.3,Spring
2008-09-16,247.0,7.5,186.0,0.0,12.4,17.9,7.5,3.7,11.9,13.9,13.68,47.8,Spring
2008-09-17,269.0,15.7,372.0,2.8,11.3,17.0,5.3,2.9,11.4,13.4,15.4,47.5,Spring
2008-09-18,278.0,18.8,581.0,3.6,11.2,15.0,8.8,6.8,11.2,13.1,13.24,47.7,Spring
2008-09-19,284.0,11.6,404.0,3.8,11.7,16.1,7.7,5.4,11.7,13.0,15.89,50.8,Spring
2008-09-20,131.0,6.7,175.0,0.0,11.0,17.3,5.3,3.0,11.0,13.4,21.08,49.8,Spring
2008-09-21,264.0,12.1,257.0,0.1,11.2,16.8,5.3,2.7,11.2,13.5,15.99,48.5,Spring
2008-09-22,256.0,11.6,401.0,0.3,14.4,18.6,11.0,7.5,13.6,14.3,17.77,48.0,Spring
2008-09-23,277.0,11.7,428.0,0.2,15.2,19.4,11.7,7.7,14.9,15.2,15.78,47.8,Spring
2008-09-24,254.0,13.5,402.0,0.0,14.0,18.6,9.6,7.3,12.8,15.0,17.23,47.2,Spring
2008-09-25,286.0,9.7,348.0,0.6,13.4,18.4,7.8,4.9,13.1,14.7,11.82,46.7,Spring
2008-09-26,265.0,9.2,222.0,0.0,10.7,16.8,5.6,3.4,10.0,14.1,21.28,46.4,Spring
2008-09-27,301.0,16.2,444.0,1.2,11.9,17.5,5.0,2.8,12.0,14.0,13.45,45.8,Spring
2008-09-28,235.0,13.6,315.0,0.3,12.2,16.5,5.5,2.3,10.2,14.0,16.16,45.2,Spring
2008-09-29,340.0,9.7,251.0,1.8,10.9,17.6,3.4,1.5,11.0,13.4,13.78,44.4,Spring
2008-09-30,229.0,14.0,388.0,0.0,13.0,16.1,9.1,5.7,11.5,14.1,15.63,44.5,Spring
2008-10-01,229.0,19.0,506.0,3.0,10.9,14.7,7.2,4.2,9.7,12.9,19.7,45.5,Spring
2008-10-02,237.0,14.3,438.0,0.4,12.3,15.6,9.5,6.0,9.4,12.9,18.87,42.5,Spring
2008-10-03,264.0,16.4,561.0,0.0,13.3,16.6,10.2,6.6,11.3,13.2,18.69,40.4,Spring
2008-10-04,263.0,20.4,634.0,0.0,14.7,18.7,11.4,9.0,13.5,14.2,17.38,38.6,Spring
2008-10-05,283.0,18.5,730.0,0.0,15.6,19.1,13.5,12.5,14.7,14.9,14.09,37.2,Spring
2008-10-06,290.0,15.9,521.0,11.7,15.1,16.3,13.6,13.1,15.5,15.0,4.3,37.0,Spring
2008-10-07,282.0,27.5,579.0,15.5,16.0,20.1,12.5,11.0,14.8,15.1,7.14,42.7,Spring
2008-10-08,278.0,19.0,654.0,0.4,13.3,16.5,11.3,8.8,11.9,14.4,17.78,51.2,Spring
2008-10-09,257.0,16.6,561.0,5.5,12.3,15.7,8.1,5.6,10.5,13.9,21.49,50.9,Spring
2008-10-10,233.0,13.4,332.0,0.9,10.6,15.5,5.4,3.1,9.4,13.3,21.37,49.0,Spring
2008-10-11,254.0,15.3,421.0,0.0,11.8,15.3,6.4,3.7,11.3,13.3,14.19,47.9,Spring
2008-10-12,60.0,10.0,276.0,0.0,13.2,17.6,7.5,6.0,11.9,14.4,19.77,46.9,Spring
2008-10-13,98.0,11.5,383.0,0.4,14.2,17.3,12.9,11.5,13.7,15.1,13.41,46.4,Spring
2008-10-14,32.0,8.9,275.0,2.2,14.2,17.2,11.8,9.1,13.8,15.5,11.49,45.9,Spring
2008-10-15,70.0,10.6,284.0,0.4,12.8,17.4,7.3,5.6,13.2,15.2,16.51,45.5,Spring
2008-10-16,33.0,10.4,278.0,8.5,15.9,19.8,13.6,12.4,15.4,16.1,13.87,45.5,Spring
2008-10-17,243.0,14.1,374.0,20.7,13.6,15.6,11.3,8.8,12.9,15.5,13.38,50.8,Spring
2008-10-18,240.0,16.0,523.0,0.1,13.0,16.2,10.7,8.3,11.1,14.3,18.81,51.0,Spring
2008-10-19,240.0,10.0,288.0,0.4,13.1,17.7,7.4,5.3,11.0,14.7,23.71,49.1,Spring
2008-10-20,238.0,7.8,179.0,0.0,11.5,17.8,5.9,4.6,10.8,14.5,15.93,47.9,Spring
2008-10-21,275.0,11.1,240.0,0.0,12.0,18.4,5.2,4.2,10.8,14.7,24.61,47.2,Spring
2008-10-22,19.0,11.9,267.0,0.0,13.5,19.8,6.8,5.8,11.7,15.5,23.67,46.3,Spring
2008-10-23,6.0,9.9,255.0,11.8,14.8,18.0,10.9,9.4,15.2,15.8,7.13,47.4,Spring
2008-10-24,51.0,15.5,483.0,35.2,16.1,18.1,13.8,13.2,15.9,16.3,12.11,49.3,Spring
2008-10-25,236.0,16.5,531.0,15.0,14.6,18.0,12.6,10.2,14.1,15.8,14.83,51.4,Spring
2008-10-26,248.0,21.2,580.0,7.8,12.2,15.9,9.1,6.9,10.3,14.4,21.67,51.7,Spring
2008-10-27,254.0,14.2,436.0,0.0,11.8,16.8,4.5,4.1,10.2,14.2,26.45,50.8,Spring
2008-10-28,266.0,13.0,450.0,0.0,14.7,17.7,13.1,11.8,13.9,14.9,10.3,49.3,Spring
2008-10-29,273.0,17.9,555.0,1.3,14.5,17.9,12.0,9.8,13.5,15.0,12.34,48.6,Spring
2008-10-30,270.0,16.0,406.0,0.0,12.6,16.5,8.9,7.8,9.9,14.5,21.94,48.4,Spring
2008-10-31,270.0,12.9,390.0,0.0,12.9,16.8,8.8,6.5,9.7,14.2,18.11,47.9,Spring
2008-11-01,296.0,16.5,434.0,0.7,12.6,17.7,5.3,4.2,11.4,14.2,13.23,47.5,Spring
2008-11-02,292.0,16.4,422.0,3.6,15.2,19.1,12.4,12.4,13.2,15.4,25.23,47.1,Spring
2008-11-03,102.0,9.6,303.0,0.4,14.5,18.3,11.8,11.1,13.8,15.9,16.39,46.3,Spring
2008-11-04,292.0,14.2,404.0,2.2,14.9,18.0,11.8,11.6,13.7,16.0,14.34,45.7,Spring
2008-11-05,273.0,19.8,699.0,16.8,13.9,16.1,10.9,9.4,12.8,15.7,21.15,50.4,Spring
2008-11-06,289.0,17.8,601.0,0.5,13.3,17.3,10.1,8.3,11.0,14.6,18.86,50.9,Spring
2008-11-07,262.0,17.6,494.0,4.8,12.5,16.2,7.7,7.6,10.9,14.7,22.78,50.6,Spring
2008-11-08,64.0,13.8,404.0,0.0,12.7,17.2,7.0,8.2,10.7,15.0,28.22,49.4,Spring
2008-11-09,92.0,14.9,548.0,0.0,15.2,17.9,13.6,12.5,13.2,15.6,14.75,48.3,Spring
2008-11-10,67.0,8.6,342.0,0.0,15.3,18.0,13.9,13.6,13.7,15.8,11.92,47.6,Spring
2008-11-11,112.0,7.4,207.0,0.0,15.1,19.1,10.5,10.0,13.0,16.6,25.87,46.5,Spring
2008-11-12,56.0,9.4,247.0,0.0,14.7,19.6,9.5,9.6,14.1,16.9,24.74,44.7,Spring
2008-11-13,90.0,6.8,197.0,0.0,16.5,20.1,13.4,13.1,15.3,17.5,12.79,43.7,Spring
2008-11-14,95.0,9.0,323.0,0.0,16.3,22.0,12.7,12.4,14.1,17.8,28.16,40.2,Spring
2008-11-15,58.0,11.8,433.0,0.0,16.6,19.3,15.3,14.0,13.9,17.7,19.62,37.8,Spring
2008-11-16,32.0,12.9,411.0,0.0,16.5,19.6,14.8,14.2,13.6,17.4,17.63,35.5,Spring
2008-11-17,264.0,14.2,410.0,4.6,15.2,19.0,9.3,10.2,14.4,17.0,8.23,36.1,Spring
2008-11-18,240.0,14.8,409.0,1.4,12.9,17.0,8.0,8.9,11.2,15.9,19.05,37.3,Spring
2008-11-19,266.0,12.2,369.0,0.0,13.3,16.4,10.5,8.7,9.9,15.3,13.53,35.6,Spring
2008-11-20,239.0,11.4,357.0,0.0,14.3,19.0,8.0,8.4,10.8,15.4,20.6,33.7,Spring
2008-11-21,36.0,11.2,257.0,0.0,13.1,19.7,4.4,5.3,11.0,15.6,28.28,31.6,Spring
2008-11-22,20.0,16.2,497.0,0.0,16.4,19.6,9.8,11.4,13.4,16.2,21.71,29.5,Spring
2008-11-23,38.0,17.5,483.0,6.4,17.6,19.6,15.1,14.3,17.0,16.9,10.97,28.7,Spring
2008-11-24,6.0,20.7,707.0,27.8,18.0,18.8,17.2,16.8,19.2,17.3,2.99,41.5,Spring
2008-11-25,17.0,19.4,493.0,3.8,19.2,23.3,15.9,15.8,18.5,18.1,18.79,50.8,Spring
2008-11-26,263.0,9.2,312.0,0.0,17.5,22.7,13.3,14.6,15.5,18.4,22.62,47.0,Spring
2008-11-27,246.0,8.7,283.0,0.0,15.7,20.8,12.3,12.5,12.2,18.1,26.0,44.5,Spring
2008-11-28,103.0,12.7,338.0,9.1,15.5,19.6,10.8,12.7,14.9,17.7,14.33,47.6,Spring
2008-11-29,246.0,10.8,233.0,0.0,17.2,23.8,11.1,13.4,15.0,18.2,24.43,45.3,Spring
2008-11-30,47.0,9.6,261.0,0.0,17.2,23.2,10.3,12.3,15.8,18.8,27.25,44.9,Spring
2008-12-01,281.0,13.0,284.0,7.8,16.8,18.4,15.6,15.8,17.2,18.8,7.12,45.1,Summer
2008-12-02,261.0,14.8,553.0,3.5,15.9,19.4,12.9,13.5,14.4,18.2,22.43,48.0,Summer
2008-12-03,72.0,6.3,208.0,0.0,17.3,23.4,11.4,12.4,15.6,18.5,22.7,47.0,Summer
2008-12-04,336.0,8.2,233.0,0.0,17.0,23.6,9.9,10.1,15.2,18.8,24.52,44.7,Summer
2008-12-05,257.0,8.8,202.0,4.2,17.9,23.0,13.5,14.8,16.8,19.3,20.55,44.9,Summer
2008-12-06,241.0,9.5,246.0,0.0,15.0,21.2,9.0,9.9,12.3,18.6,25.23,41.9,Summer
2008-12-07,65.0,8.2,219.0,0.0,15.0,21.7,6.4,8.5,12.8,18.4,28.9,38.2,Summer
2008-12-08,39.0,11.3,320.0,0.3,15.5,19.4,9.2,10.5,14.8,18.1,9.45,36.0,Summer
2008-12-09,239.0,14.2,498.0,13.2,17.2,20.6,14.9,14.6,18.1,18.4,10.03,39.2,Summer
2008-12-10,238.0,10.0,382.0,0.0,16.9,20.7,14.1,13.5,14.3,18.2,23.91,40.4,Summer
2008-12-11,270.0,12.0,379.0,0.0,15.7,18.7,12.8,13.0,12.3,17.7,16.44,40.1,Summer
2008-12-12,282.0,10.1,270.0,0.0,15.8,21.8,9.9,11.9,14.1,17.6,20.58,38.2,Summer
2008-12-13,242.0,9.9,247.0,0.0,16.2,21.8,10.2,10.6,12.3,17.9,25.01,35.9,Summer
2008-12-14,40.0,12.3,302.0,3.4,16.6,20.2,13.7,14.8,15.9,18.2,15.47,34.2,Summer
2008-12-15,12.0,14.0,453.0,1.5,18.5,20.8,16.0,15.8,18.2,18.3,8.83,33.5,Summer
2008-12-16,288.0,19.6,549.0,1.6,19.9,24.9,15.5,14.9,18.3,19.2,22.95,32.4,Summer
2008-12-17,270.0,20.8,734.0,1.4,16.0,18.6,13.8,13.2,13.5,17.6,15.25,31.2,Summer
2008-12-18,243.0,11.6,422.0,0.0,16.4,20.7,11.0,11.8,12.6,17.3,25.16,30.0,Summer
2008-12-19,320.0,8.0,264.0,0.0,16.2,22.4,9.0,11.2,14.5,17.6,15.24,28.5,Summer
2008-12-20,281.0,13.2,391.0,1.9,18.1,24.0,12.6,13.8,17.3,18.3,15.12,27.3,Summer
2008-12-21,255.0,14.1,400.0,1.5,15.9,19.8,11.5,12.8,13.4,17.8,21.83,26.7,Summer
2008-12-22,64.0,12.6,357.0,0.0,15.5,20.8,9.5,11.6,14.1,17.7,23.94,25.5,Summer
2008-12-23,122.0,13.2,450.0,36.9,15.5,18.0,12.8,13.3,13.9,17.2,9.23,30.3,Summer
2008-12-24,242.0,15.8,510.0,13.7,14.6,18.4,12.4,12.4,14.8,16.6,14.96,52.2,Summer
2008-12-25,222.0,12.4,396.0,0.0,16.4,20.1,10.9,12.3,12.8,17.0,21.01,46.6,Summer
2008-12-26,55.0,9.6,234.0,0.0,15.9,22.0,9.5,11.4,13.0,17.5,27.98,44.7,Summer
2008-12-27,110.0,8.1,198.0,0.0,16.1,21.2,10.5,12.0,15.0,17.6,19.95,42.0,Summer
2008-12-28,84.0,8.2,252.0,0.0,16.4,21.2,10.2,12.0,15.4,17.9,18.91,40.4,Summer
2008-12-29,143.0,10.8,296.0,15.7,17.9,19.1,16.8,16.6,18.7,18.5,9.06,42.6,Summer
2008-12-30,303.0,11.5,365.0,1.6,18.9,24.1,16.2,16.7,18.3,18.9,16.99,50.0,Summer
2008-12-31,285.0,12.1,297.0,0.1,19.4,24.9,12.2,14.0,17.9,19.4,24.39,45.6,Summer
2009-01-01,260.0,10.4,342.0,0.4,21.5,26.6,17.2,17.1,17.8,20.5,28.27,44.0,Summer
2009-01-02,295.0,13.7,320.0,0.0,21.9,26.4,17.4,18.2,21.7,21.2,17.67,42.2,Summer
2009-01-03,283.0,16.3,381.0,6.5,19.7,26.0,15.3,14.1,19.0,21.2,14.36,40.9,Summer
2009-01-04,212.0,9.4,278.0,0.0,16.4,22.3,9.0,11.4,12.6,19.9,27.55,41.8,Summer
2009-01-05,105.0,6.6,191.0,0.0,15.6,22.2,7.4,9.0,12.6,19.6,23.99,38.5,Summer
2009-01-06,92.0,7.5,155.0,0.0,16.4,22.9,9.2,11.1,13.8,19.6,21.99,35.4,Summer
2009-01-07,217.0,9.7,226.0,0.0,17.6,24.6,10.3,12.5,14.5,20.2,28.99,32.6,Summer
2009-01-08,76.0,8.8,251.0,0.0,19.2,24.7,12.5,13.7,16.7,21.0,29.45,29.6,Summer
2009-01-09,48.0,10.2,344.0,0.0,21.0,24.0,18.0,18.6,20.7,21.3,16.23,27.2,Summer
2009-01-10,131.0,6.9,205.0,0.0,20.2,22.4,18.4,18.9,20.1,21.3,9.41,25.8,Summer
2009-01-11,124.0,10.8,239.0,2.2,19.5,21.8,17.4,17.9,18.6,21.2,17.63,25.4,Summer
2009-01-12,232.0,7.8,195.0,0.2,19.6,25.1,14.0,15.3,17.0,21.5,22.05,24.4,Summer
2009-01-13,229.0,11.0,347.0,0.0,18.4,22.1,14.7,15.5,16.5,20.9,21.09,23.0,Summer
2009-01-14,235.0,8.2,204.0,2.3,18.6,23.5,12.9,14.4,16.7,21.1,21.48,22.1,Summer
2009-01-15,236.0,11.4,257.0,0.0,17.1,24.4,10.1,11.7,14.4,20.8,26.47,21.3,Summer
2009-01-16,266.0,14.7,407.0,0.0,18.6,22.5,14.3,14.3,15.5,20.7,24.87,19.9,Summer
2009-01-17,273.0,13.4,371.0,0.0,18.4,23.8,13.0,14.2,15.9,20.5,22.8,18.8,Summer
2009-01-18,284.0,16.4,568.0,4.0,17.2,21.5,13.0,13.1,14.5,19.8,24.01,18.7,Summer
2009-01-19,236.0,16.3,544.0,1.2,16.9,20.7,13.4,12.6,13.6,18.8,18.17,18.5,Summer
2009-01-20,254.0,16.2,426.0,0.2,16.3,21.4,9.9,11.1,13.4,18.5,21.69,18.0,Summer
2009-01-21,221.0,7.8,202.0,0.0,17.3,23.4,10.0,11.4,13.8,19.0,17.11,17.4,Summer
2009-01-22,93.0,7.0,172.0,0.0,17.0,23.6,10.0,11.5,15.1,19.5,18.88,16.9,Summer
2009-01-23,76.0,7.4,197.0,0.0,17.9,24.7,11.2,12.5,15.1,19.7,16.44,16.4,Summer
2009-01-24,69.0,7.4,193.0,0.0,18.9,25.5,11.2,12.4,15.1,20.5,28.08,15.9,Summer
2009-01-25,246.0,9.7,242.0,0.0,19.3,26.3,11.0,12.7,15.4,21.1,23.92,15.2,Summer
2009-01-26,260.0,11.0,324.0,0.0,19.7,24.1,14.8,15.5,16.6,21.3,27.51,14.6,Summer
2009-01-27,258.0,15.6,407.0,0.0,18.9,23.7,14.9,14.8,18.0,21.0,16.6,14.3,Summer
2009-01-28,106.0,9.7,258.0,0.0,17.5,22.8,11.6,12.0,15.3,20.5,23.42,14.0,Summer
2009-01-29,237.0,8.4,193.0,0.0,17.8,24.9,11.6,13.2,15.4,20.5,18.94,13.6,Summer
2009-01-30,236.0,11.2,338.0,0.0,17.3,21.3,12.0,13.0,15.1,19.9,13.56,13.1,Summer
2009-01-31,259.0,13.3,357.0,0.0,19.7,23.6,16.7,16.5,17.2,20.5,20.47,12.7,Summer
2009-02-01,232.0,13.6,413.0,0.0,19.7,23.3,17.4,16.6,17.6,20.8,21.6,12.5,Summer
2009-02-02,229.0,10.0,278.0,0.0,20.4,24.5,17.6,17.0,17.9,21.1,16.84,12.2,Summer
2009-02-03,80.0,9.4,295.0,0.0,19.5,24.5,14.7,15.6,17.2,21.1,23.3,12.0,Summer
2009-02-04,93.0,7.7,181.0,0.0,19.4,25.2,12.6,14.2,17.7,21.6,20.32,11.7,Summer
2009-02-05,95.0,10.0,301.0,0.0,20.3,25.1,15.8,16.8,18.6,22.0,23.38,11.2,Summer
2009-02-06,96.0,11.9,492.0,0.0,21.1,24.4,18.7,18.2,19.0,22.1,27.01,10.7,Summer
2009-02-07,106.0,8.0,220.0,0.0,20.9,27.5,14.5,15.8,17.3,22.7,28.08,10.5,Summer
2009-02-08,186.0,7.6,227.0,0.0,21.9,29.3,14.3,15.8,18.4,23.2,28.03,10.3,Summer
2009-02-09,274.0,8.8,212.0,0.0,20.7,28.0,12.7,15.2,20.5,23.0,17.56,10.2,Summer
2009-02-10,301.0,12.8,249.0,11.0,22.7,25.6,21.2,21.0,24.9,23.4,7.18,11.0,Summer
2009-02-11,65.0,7.8,261.0,0.2,22.8,25.8,21.0,21.0,24.4,23.4,12.13,12.1,Summer
2009-02-12,298.0,15.8,414.0,5.1,24.6,29.4,21.6,20.9,24.2,23.7,20.17,12.0,Summer
2009-02-13,229.0,14.0,445.0,1.2,19.0,22.7,14.0,13.8,16.7,22.3,16.43,13.0,Summer
2009-02-14,91.0,12.6,331.0,21.3,14.6,18.2,10.4,12.2,14.7,19.5,8.57,15.7,Summer
2009-02-15,95.0,13.0,492.0,0.0,19.0,22.0,16.7,14.8,14.5,19.7,25.45,17.0,Summer
2009-02-16,33.0,9.1,231.0,1.9,18.6,21.9,15.4,16.4,17.8,20.2,9.48,16.5,Summer
2009-02-17,71.0,8.5,230.0,0.4,19.4,22.6,16.9,16.9,19.4,20.5,9.7,16.3,Summer
2009-02-18,33.0,9.7,193.0,0.1,19.7,25.3,14.7,15.5,18.4,20.9,20.4,16.0,Summer
2009-02-19,18.0,8.7,198.0,0.4,18.4,24.0,14.4,15.1,18.6,20.6,6.72,15.6,Summer
2009-02-20,342.0,17.3,572.0,57.9,21.6,23.5,20.0,19.8,24.1,21.3,3.39,27.4,Summer
2009-02-21,289.0,14.3,523.0,2.0,20.8,24.7,18.4,17.5,21.7,21.7,15.04,32.6,Summer
2009-02-22,278.0,11.7,345.0,3.3,19.5,23.2,14.6,14.5,18.4,21.3,16.26,33.4,Summer
2009-02-23,286.0,9.1,233.0,0.1,17.9,23.9,12.7,13.2,15.3,20.9,22.52,32.3,Summer
2009-02-24,235.0,11.2,239.0,2.9,15.9,22.7,10.4,11.8,14.3,20.0,18.86,31.7,Summer
2009-02-25,239.0,7.8,189.0,0.0,15.7,22.5,9.2,10.8,13.6,19.5,15.91,31.1,Summer
2009-02-26,97.0,7.4,166.0,0.0,16.1,22.4,9.4,10.6,14.5,19.4,17.09,29.8,Summer
2009-02-27,85.0,17.8,401.0,16.9,17.5,21.6,12.4,13.6,17.1,19.3,8.45,30.0,Summer
2009-02-28,95.0,20.2,508.0,61.9,20.3,22.4,17.0,16.6,22.0,19.9,3.82,47.6,Summer
2009-03-01,263.0,11.5,319.0,0.0,20.1,25.2,15.0,14.7,19.1,20.8,23.49,37.2,Autumn
2009-03-02,269.0,9.4,310.0,0.3,19.7,23.9,15.2,14.7,18.3,21.2,19.56,35.5,Autumn
2009-03-03,82.0,11.6,227.0,0.0,18.5,24.8,12.2,12.8,16.2,20.7,21.34,34.2,Autumn
2009-03-04,76.0,18.2,672.0,0.0,19.6,21.8,17.8,17.5,16.2,20.1,12.94,32.7,Autumn
2009-03-05,63.0,19.2,799.0,23.6,19.6,20.3,18.9,18.2,19.5,19.3,1.61,37.1,Autumn
2009-03-06,34.0,16.6,346.0,23.8,21.7,25.3,20.0,19.4,23.4,21.0,16.01,48.9,Autumn
2009-03-07,255.0,11.8,279.0,0.1,20.0,24.9,15.3,14.6,19.6,21.7,18.26,39.2,Autumn
2009-03-08,268.0,13.8,412.0,1.6,17.8,22.4,14.4,14.2,16.2,20.4,18.48,37.1,Autumn
2009-03-09,237.0,17.0,459.0,0.7,17.3,20.7,13.7,11.9,14.1,19.6,20.94,36.2,Autumn
2009-03-10,238.0,11.9,312.0,0.5,14.9,19.5,12.8,11.2,13.0,18.4,5.74,35.2,Autumn
2009-03-11,250.0,20.8,706.0,2.0,16.4,19.4,13.7,12.5,13.1,17.9,17.57,33.6,Autumn
2009-03-12,247.0,15.4,447.0,2.7,15.5,19.5,12.3,11.3,14.2,17.8,18.2,32.9,Autumn
2009-03-13,234.0,17.1,441.0,0.5,16.3,20.1,13.7,12.5,14.9,18.0,14.52,32.4,Autumn
2009-03-14,78.0,11.4,289.0,17.1,14.9,19.0,10.2,10.2,15.6,17.5,6.18,37.9,Autumn
2009-03-15,91.0,12.5,480.0,0.0,17.9,20.8,15.8,13.7,14.6,18.1,18.45,40.0,Autumn
2009-03-16,86.0,12.2,333.0,2.5,17.0,21.0,11.6,10.5,15.8,18.3,12.61,38.0,Autumn
2009-03-17,73.0,7.2,163.0,0.0,16.1,22.8,10.2,9.7,15.2,18.6,21.34,37.5,Autumn
2009-03-18,87.0,6.2,147.0,0.1,18.5,24.1,13.3,13.3,18.5,19.5,12.25,37.0,Autumn
2009-03-19,265.0,12.2,313.0,2.9,17.8,23.2,13.2,13.3,16.7,19.7,18.61,36.8,Autumn
2009-03-20,239.0,12.6,321.0,0.0,16.8,20.2,13.1,12.7,14.2,18.9,12.29,36.4,Autumn
2009-03-21,202.0,5.6,171.0,0.0,17.2,21.3,14.5,14.8,14.3,18.8,12.11,35.6,Autumn
2009-03-22,112.0,7.5,214.0,0.0,16.6,21.6,10.9,11.2,14.2,19.0,21.9,34.2,Autumn
2009-03-23,133.0,7.7,167.0,0.0,15.5,20.4,9.1,9.5,14.0,18.8,13.38,32.6,Autumn
2009-03-24,244.0,8.6,242.0,0.0,13.1,21.2,6.1,7.0,10.9,17.7,21.56,31.1,Autumn
2009-03-25,257.0,8.4,194.0,0.0,14.0,22.5,6.1,6.4,11.9,17.6,20.61,29.7,Autumn
2009-03-26,220.0,6.8,162.0,0.0,14.7,22.3,7.6,8.3,13.0,18.0,21.11,28.3,Autumn
2009-03-27,285.0,6.0,147.0,0.0,13.5,22.3,6.5,7.4,12.5,17.8,19.72,27.0,Autumn
2009-03-28,215.0,6.4,157.0,0.0,14.4,21.6,7.6,8.0,13.0,17.7,16.25,25.7,Autumn
2009-03-29,95.0,6.4,154.0,0.0,15.0,22.2,8.8,9.2,14.0,18.0,18.36,24.6,Autumn
2009-03-30,224.0,8.8,189.0,0.0,14.2,22.3,7.0,7.6,12.7,17.8,19.62,23.4,Autumn
2009-03-31,287.0,7.5,192.0,0.0,15.0,21.5,8.3,8.9,14.1,17.9,11.21,22.3,Autumn
2009-04-01,108.0,10.7,346.0,4.2,16.0,17.9,13.6,12.5,13.6,17.6,5.06,23.1,Autumn
2009-04-02,97.0,10.4,230.0,0.0,13.6,18.6,7.0,6.8,10.3,16.4,17.66,22.7,Autumn
2009-04-03,86.0,8.1,188.0,0.0,12.3,19.8,5.7,5.6,11.4,15.8,16.27,21.9,Autumn
2009-04-04,79.0,8.5,202.0,0.1,13.8,20.1,7.4,6.8,13.1,16.2,10.86,21.4,Autumn
2009-04-05,90.0,8.8,217.0,0.2,14.2,20.7,9.6,8.7,13.6,16.4,11.16,20.8,Autumn
2009-04-06,81.0,8.0,184.0,0.0,14.0,20.7,7.6,7.1,14.0,16.2,12.8,20.4,Autumn
2009-04-07,353.0,10.0,241.0,0.0,16.0,21.0,10.7,10.0,14.8,16.6,9.95,20.0,Autumn
2009-04-08,253.0,13.6,376.0,4.4,14.5,17.8,9.2,8.8,13.7,16.6,10.43,20.1,Autumn
2009-04-09,231.0,25.1,399.0,8.1,10.9,15.8,6.2,5.0,10.4,14.9,13.66,22.8,Autumn
2009-04-10,211.0,9.3,216.0,0.0,10.8,18.1,3.5,2.9,9.8,14.1,15.28,23.3,Autumn
2009-04-11,232.0,10.2,256.0,0.0,13.6,18.3,9.4,8.8,12.6,15.2,9.55,23.0,Autumn
2009-04-12,246.0,8.0,194.0,0.0,15.0,18.1,11.9,10.6,13.4,15.8,6.95,22.6,Autumn
2009-04-13,221.0,7.8,176.0,0.0,14.2,20.1,7.8,7.0,12.9,16.1,10.51,22.3,Autumn
2009-04-14,231.0,8.4,202.0,0.0,13.9,20.5,7.2,6.7,13.7,15.8,10.8,21.9,Autumn
2009-04-15,52.0,11.6,281.0,0.1,14.7,20.2,9.7,8.9,13.9,15.8,11.59,21.6,Autumn
2009-04-16,96.0,9.2,288.0,0.1,16.3,21.0,9.9,8.8,13.5,16.5,12.55,21.2,Autumn
2009-04-17,106.0,10.2,253.0,0.0,14.5,20.5,8.1,7.0,13.3,15.9,9.96,20.7,Autumn
2009-04-18,66.0,12.2,363.0,0.0,16.8,19.8,14.5,11.3,14.1,16.5,8.82,20.4,Autumn
2009-04-19,103.0,10.2,371.0,3.4,16.5,17.7,14.6,13.8,16.3,16.5,2.63,20.3,Autumn
2009-04-20,138.0,16.4,299.0,31.6,16.5,18.0,14.4,13.0,17.4,17.0,2.58,35.0,Autumn
2009-04-21,124.0,13.6,402.0,0.6,14.6,16.6,13.2,11.0,12.0,15.8,7.14,39.7,Autumn
2009-04-22,123.0,8.4,230.0,0.1,14.6,17.2,11.2,9.3,12.1,15.8,10.81,36.6,Autumn
2009-04-23,81.0,14.9,538.0,0.0,15.8,18.1,14.1,12.2,12.0,15.6,8.45,35.6,Autumn
2009-04-24,72.0,16.5,728.0,0.0,17.3,20.1,15.8,14.1,14.1,15.6,7.82,34.7,Autumn
2009-04-25,55.0,17.6,687.0,16.0,17.7,19.9,16.0,15.1,17.3,16.4,4.26,36.7,Autumn
2009-04-26,64.0,13.0,364.0,12.2,17.6,18.9,16.0,15.4,18.8,17.1,4.37,47.2,Autumn
2009-04-27,29.0,10.9,352.0,0.2,18.9,20.3,18.0,16.7,18.8,17.8,5.82,40.2,Autumn
2009-04-28,16.0,11.4,433.0,0.3,19.0,21.0,17.8,16.0,18.2,18.0,7.95,38.5,Autumn
2009-04-29,355.0,12.9,351.0,4.9,17.5,20.7,12.8,12.1,17.0,17.9,10.76,39.6,Autumn
2009-04-30,245.0,13.2,318.0,1.1,14.4,19.0,8.0,6.0,13.2,16.7,11.31,38.8,Autumn
2009-05-01,107.0,9.7,177.0,5.7,12.2,18.1,6.5,5.4,11.2,15.3,12.92,38.5,Autumn
2009-05-02,159.0,12.5,374.0,47.7,10.6,13.5,9.4,7.7,11.7,13.8,1.29,53.2,Autumn
2009-05-03,196.0,8.4,260.0,0.0,11.2,17.4,5.4,3.3,9.8,13.3,13.88,43.9,Autumn
2009-05-04,220.0,11.7,264.0,0.1,10.2,16.8,3.6,2.0,9.9,12.8,13.61,39.7,Autumn
2009-05-05,278.0,15.4,348.0,1.7,12.3,17.5,7.4,3.6,12.3,13.1,10.42,38.8,Autumn
2009-05-06,252.0,17.2,559.0,5.3,13.2,17.1,10.7,8.7,12.1,13.5,10.65,39.9,Autumn
2009-05-07,242.0,17.9,253.0,17.1,10.5,15.7,5.9,3.6,11.3,12.9,9.31,45.9,Autumn
2009-05-08,261.0,17.1,324.0,18.6,10.6,13.9,7.2,4.8,11.8,12.3,3.16,49.8,Autumn
2009-05-09,240.0,16.8,485.0,14.9,10.7,14.2,8.4,6.6,10.7,11.6,9.62,52.3,Autumn
2009-05-10,248.0,14.0,363.0,17.8,10.5,14.8,7.5,5.4,11.2,12.1,7.07,51.9,Autumn
2009-05-11,268.0,15.1,403.0,10.8,9.3,13.2,6.0,4.2,10.1,11.2,5.59,50.5,Autumn
2009-05-12,273.0,14.0,363.0,6.1,9.3,13.7,6.4,3.6,10.2,10.8,7.05,50.0,Autumn
2009-05-13,253.0,16.2,380.0,4.3,10.1,16.5,5.2,2.2,10.7,11.0,9.84,46.4,Autumn
2009-05-14,288.0,11.2,299.0,2.7,10.9,16.5,5.7,3.2,11.2,11.4,10.49,46.6,Autumn
2009-05-15,292.0,15.8,392.0,3.6,12.2,18.7,4.9,2.4,13.1,11.5,8.19,44.4,Autumn
2009-05-16,283.0,10.0,320.0,0.0,14.7,19.8,10.9,7.8,14.6,13.2,9.24,43.8,Autumn
2009-05-17,328.0,14.8,357.0,3.8,14.9,20.9,9.7,7.0,14.2,13.3,9.0,42.2,Autumn
2009-05-18,300.0,12.6,300.0,1.7,13.1,18.1,9.9,8.9,13.0,13.8,10.09,41.6,Autumn
2009-05-19,271.0,15.0,453.0,1.9,12.0,16.3,8.4,4.3,11.3,12.8,9.2,41.7,Autumn
2009-05-20,243.0,18.0,492.0,4.6,9.8,13.6,5.2,2.5,9.4,11.7,8.81,43.9,Autumn
2009-05-21,218.0,11.4,234.0,3.1,6.3,11.5,2.5,0.1,8.0,10.2,8.3,46.4,Autumn
2009-05-22,243.0,10.4,237.0,3.8,6.8,13.7,0.1,-1.4,9.1,9.6,6.5,44.5,Autumn
2009-05-23,200.0,10.0,291.0,0.0,7.9,12.9,3.3,1.1,8.4,9.5,10.25,44.3,Autumn
2009-05-24,184.0,11.4,254.0,0.5,10.0,15.7,2.4,0.6,9.8,9.7,11.36,42.7,Autumn
2009-05-25,125.0,14.4,354.0,30.9,12.1,13.5,11.1,9.7,13.1,11.5,2.24,48.6,Autumn
2009-05-26,106.0,13.2,326.0,0.5,13.1,14.5,11.5,9.1,12.3,12.2,2.71,50.3,Autumn
2009-05-27,212.0,6.9,198.0,0.0,11.7,15.9,8.1,5.3,11.0,11.9,5.38,45.4,Autumn
2009-05-28,108.0,4.1,112.0,0.0,9.9,18.0,4.3,1.4,10.7,11.3,11.53,43.7,Autumn
2009-05-29,286.0,10.7,195.0,0.0,10.9,16.8,5.5,3.3,11.3,11.6,9.47,43.1,Autumn
2009-05-30,44.0,10.6,186.0,4.9,12.0,16.7,9.2,6.7,12.5,12.1,3.97,42.3,Autumn
2009-05-31,139.0,14.7,327.0,1.8,9.7,15.0,4.1,0.9,9.3,11.4,8.74,44.1,Autumn
2009-06-01,204.0,13.2,348.0,0.0,7.2,11.8,3.0,-0.7,7.0,9.2,10.65,42.0,Winter
2009-06-02,196.0,6.6,185.0,0.0,6.6,13.4,2.0,-0.9,7.9,8.8,10.14,41.5,Winter
2009-06-03,160.0,4.8,113.0,0.0,5.2,13.8,-0.6,-3.2,7.2,8.1,10.67,42.2,Winter
2009-06-04,140.0,4.7,110.0,0.0,5.0,13.3,-0.6,-3.3,7.7,7.6,9.55,41.8,Winter
2009-06-05,271.0,10.8,199.0,0.0,6.2,14.0,-1.3,-4.3,8.2,7.6,10.03,41.5,Winter
2009-06-06,264.0,13.5,305.0,1.9,9.6,14.4,5.2,1.9,11.0,9.0,4.97,41.2,Winter
2009-06-07,52.0,7.8,239.0,0.1,8.8,12.1,4.0,0.8,9.6,9.1,3.81,41.3,Winter
2009-06-08,78.0,15.9,620.0,0.7,11.8,13.0,10.1,8.8,11.2,10.1,2.39,41.5,Winter
2009-06-09,78.0,15.1,510.0,67.2,12.7,13.9,11.4,10.1,14.1,11.4,1.7,51.7,Winter
2009-06-10,76.0,9.9,224.0,29.9,13.7,18.0,8.6,6.5,14.5,13.1,8.12,52.2,Winter
2009-06-11,16.0,12.2,232.0,5.8,12.9,17.7,7.3,5.6,13.8,12.3,5.34,48.5,Winter
2009-06-12,64.0,12.5,409.0,23.6,14.1,15.2,12.7,12.4,15.0,13.0,0.8,51.6,Winter
2009-06-13,286.0,12.6,317.0,2.2,13.0,16.6,10.3,8.7,13.0,12.9,8.1,51.6,Winter
2009-06-14,224.0,18.7,634.0,8.9,12.4,14.8,11.2,9.0,11.9,12.0,5.49,52.4,Winter
2009-06-15,263.0,18.2,533.0,0.8,12.7,16.1,9.0,5.8,12.2,11.9,6.42,47.5,Winter
2009-06-16,240.0,16.4,331.0,1.8,10.2,14.4,7.3,4.0,10.6,11.1,6.9,45.9,Winter
2009-06-17,251.0,9.2,262.0,0.0,6.5,10.9,2.5,-0.1,6.9,9.5,9.62,44.4,Winter
2009-06-18,190.0,12.2,182.0,3.3,5.3,10.7,1.3,-2.3,7.7,8.7,1.81,44.9,Winter
2009-06-19,235.0,9.0,174.0,0.0,5.9,14.2,-0.5,-4.1,7.9,7.9,9.61,44.4,Winter
2009-06-20,184.0,10.6,256.0,0.0,8.7,13.4,3.2,-1.0,8.3,8.4,10.33,43.9,Winter
2009-06-21,186.0,7.7,180.0,0.0,5.5,12.0,0.1,-3.5,7.5,7.7,11.1,43.4,Winter
2009-06-22,195.0,8.1,195.0,0.0,5.8,12.8,-1.1,-4.5,7.7,7.3,8.3,42.9,Winter
2009-06-23,232.0,7.4,147.0,0.0,5.2,12.0,0.1,-3.6,7.3,7.2,11.1,42.6,Winter
2009-06-24,244.0,6.6,141.0,0.0,7.2,12.9,2.0,-1.2,8.9,7.7,6.02,42.5,Winter
2009-06-25,294.0,5.9,92.0,0.0,8.5,12.9,5.9,1.5,9.2,9.0,5.12,42.3,Winter
2009-06-26,310.0,9.3,263.0,22.1,12.6,15.2,6.5,4.5,13.7,10.2,2.25,45.7,Winter
2009-06-27,88.0,7.6,132.0,1.0,14.0,15.8,13.1,12.4,15.2,12.2,4.17,50.6,Winter
2009-06-28,288.0,16.4,346.0,31.2,14.5,17.1,12.6,12.3,16.0,12.9,0.66,51.9,Winter
2009-06-29,66.0,12.2,320.0,74.1,11.3,14.2,9.1,8.5,12.6,12.3,1.98,52.6,Winter
2009-06-30,192.0,12.4,334.0,0.0,10.8,13.9,8.7,6.3,10.0,11.2,7.06,51.0,Winter
2009-07-01,234.0,16.4,371.0,0.0,10.3,13.8,7.0,1.8,9.4,10.5,9.36,46.9,Winter
2009-07-02,8.0,11.5,210.0,1.8,9.7,15.1,2.5,-1.3,10.1,9.8,9.36,45.0,Winter
2009-07-03,288.0,9.4,233.0,0.0,11.2,16.2,4.4,0.6,11.3,10.8,10.64,45.3,Winter
2009-07-04,21.0,9.4,152.0,9.7,9.0,15.2,4.0,0.4,11.0,10.2,4.44,48.6,Winter
2009-07-05,259.0,22.1,591.0,3.0,12.0,15.1,9.7,6.4,11.7,10.9,9.48,51.0,Winter
2009-07-06,258.0,20.8,519.0,4.6,10.8,14.8,7.8,3.6,11.0,10.6,8.45,50.8,Winter
2009-07-07,250.0,16.4,279.0,1.6,10.0,14.8,6.0,2.3,10.4,10.1,9.97,48.1,Winter
2009-07-08,237.0,8.5,228.0,2.6,9.9,13.6,4.7,1.2,11.2,10.2,4.14,49.6,Winter
2009-07-09,117.0,5.9,168.0,0.0,7.6,12.2,3.1,-0.8,9.3,9.5,11.05,46.1,Winter
2009-07-10,146.0,8.7,203.0,0.0,8.1,12.0,2.2,-1.5,9.6,9.0,7.77,44.8,Winter
2009-07-11,83.0,22.2,729.0,31.8,10.4,12.2,9.2,8.7,11.0,9.8,1.72,49.1,Winter
2009-07-12,110.0,22.0,615.0,5.4,9.8,11.0,8.9,6.3,8.5,9.4,3.52,52.2,Winter
2009-07-13,228.0,10.4,304.0,0.0,8.4,12.7,2.3,-2.0,7.6,9.0,12.27,48.4,Winter
2009-07-14,286.0,15.5,359.0,5.2,7.9,14.2,0.0,-3.7,9.6,8.6,6.59,47.0,Winter
2009-07-15,264.0,12.2,329.0,1.7,13.5,15.6,12.0,10.4,14.0,11.2,4.79,50.9,Winter
2009-07-16,264.0,12.7,313.0,2.2,12.7,16.0,9.1,6.9,13.4,11.8,5.61,51.3,Winter
2009-07-17,334.0,8.6,197.0,14.0,11.5,14.3,7.8,5.1,13.3,11.5,1.17,49.3,Winter
2009-07-18,218.0,21.9,701.0,28.8,11.3,14.2,9.5,7.9,11.0,11.3,5.37,52.3,Winter
2009-07-19,246.0,19.2,707.0,0.1,11.9,14.7,10.5,8.6,11.2,10.7,8.26,50.3,Winter
2009-07-20,236.0,13.8,345.0,0.0,10.9,14.7,6.8,2.5,10.9,10.8,8.69,47.5,Winter
2009-07-21,279.0,14.6,456.0,0.6,10.4,14.3,5.8,1.3,11.0,10.4,8.86,46.2,Winter
2009-07-22,272.0,17.0,556.0,4.0,13.0,16.5,10.0,8.1,12.7,11.5,10.72,49.2,Winter
2009-07-23,288.0,24.5,489.0,1.0,13.1,17.2,8.7,5.8,12.6,11.6,6.48,46.6,Winter
2009-07-24,292.0,18.8,528.0,1.6,11.1,14.7,4.4,0.8,11.1,12.0,7.32,46.6,Winter
2009-07-25,187.0,7.7,147.0,0.0,6.6,11.7,1.0,-2.6,7.9,10.3,13.12,46.2,Winter
2009-07-26,244.0,8.5,144.0,0.0,5.2,12.5,-0.5,-3.9,7.0,9.0,11.01,45.6,Winter
2009-07-27,60.0,4.6,84.0,0.0,6.0,13.0,0.4,-2.6,7.7,8.9,11.77,45.3,Winter
2009-07-28,6.0,10.8,207.0,0.1,8.0,14.0,0.4,-2.9,9.2,8.8,9.13,44.9,Winter
2009-07-29,244.0,16.1,413.0,0.7,12.0,15.0,8.5,5.3,11.7,10.6,8.37,44.8,Winter
2009-07-30,270.0,15.4,388.0,1.2,10.6,15.1,6.5,3.3,10.7,10.4,9.05,44.8,Winter
2009-07-31,277.0,14.6,416.0,0.0,10.3,15.8,4.4,1.0,10.9,10.3,12.49,44.7,Winter
2009-08-01,285.0,17.6,429.0,6.4,11.7,16.4,9.1,5.7,12.2,10.9,7.18,47.2,Winter
2009-08-02,238.0,13.6,418.0,3.2,10.9,14.9,6.1,2.6,10.6,10.9,12.58,51.3,Winter
2009-08-03,241.0,15.4,372.0,0.0,11.1,14.6,7.0,2.8,9.6,10.7,11.96,49.7,Winter
2009-08-04,292.0,11.8,324.0,0.4,9.7,15.3,2.7,-0.6,9.6,10.5,13.5,46.7,Winter
2009-08-05,217.0,7.7,181.0,0.0,8.6,14.1,3.0,-0.8,9.1,10.6,10.77,45.9,Winter
2009-08-06,189.0,8.6,166.0,0.0,8.1,15.6,1.4,-1.9,9.2,9.7,11.02,45.5,Winter
2009-08-07,122.0,6.3,142.0,0.0,8.7,14.7,2.8,-0.5,9.8,9.8,12.69,45.2,Winter
2009-08-08,75.0,11.4,395.0,0.0,10.6,14.6,4.3,0.3,9.2,10.0,10.78,44.8,Winter
2009-08-09,52.0,15.8,643.0,0.0,12.0,14.1,10.3,8.3,8.9,10.4,9.01,44.5,Winter
2009-08-10,55.0,16.2,685.0,0.0,12.6,14.4,11.2,9.9,10.1,10.8,6.57,44.0,Winter
2009-08-11,49.0,12.5,506.0,0.6,11.6,14.5,9.8,8.8,11.4,11.3,11.89,43.5,Winter
2009-08-12,26.0,13.1,439.0,0.6,12.8,15.7,10.5,9.1,12.3,11.7,6.89,43.3,Winter
2009-08-13,37.0,15.9,445.0,0.0,13.5,15.4,12.4,10.7,12.8,12.2,6.96,43.0,Winter
2009-08-14,75.0,15.7,570.0,35.1,13.8,15.6,12.5,12.0,14.8,12.8,2.01,48.6,Winter
2009-08-15,351.0,16.4,385.0,5.8,14.8,18.0,12.4,11.1,15.1,14.1,7.75,51.9,Winter
2009-08-16,250.0,15.9,477.0,7.6,12.9,15.8,11.8,11.1,13.1,13.5,10.19,50.5,Winter
2009-08-17,215.0,17.3,525.0,2.7,12.9,15.6,11.4,10.2,12.5,12.9,11.66,51.1,Winter
2009-08-18,265.0,11.4,345.0,0.2,12.9,16.6,9.2,5.3,12.4,13.0,12.23,48.6,Winter
2009-08-19,227.0,7.2,203.0,0.0,12.9,16.7,10.0,8.6,12.6,13.4,9.95,47.0,Winter
2009-08-20,115.0,11.4,250.0,1.4,11.4,13.3,9.9,8.5,11.6,13.0,5.25,46.6,Winter
2009-08-21,138.0,7.4,155.0,0.0,12.0,15.8,8.5,4.6,10.6,12.9,16.57,46.5,Winter
2009-08-22,47.0,8.2,242.0,0.0,11.4,15.3,7.5,3.8,11.4,13.1,15.83,45.8,Winter
2009-08-23,296.0,8.5,309.0,1.9,12.6,14.8,10.7,8.4,12.9,13.2,7.84,45.6,Winter
2009-08-24,95.0,11.2,419.0,7.6,12.9,14.0,12.2,11.5,13.6,13.5,4.53,50.9,Winter
2009-08-25,3.0,11.3,345.0,4.7,13.4,15.4,11.5,10.4,13.1,13.4,5.12,51.1,Winter
2009-08-26,358.0,14.6,438.0,8.1,14.8,17.3,12.0,10.3,13.4,13.8,12.89,51.6,Winter
2009-08-27,272.0,21.6,900.0,0.9,14.0,16.7,12.6,10.8,12.4,13.5,15.45,51.1,Winter
2009-08-28,258.0,11.3,369.0,0.0,13.8,18.6,10.2,7.2,12.3,13.7,17.14,48.3,Winter
2009-08-29,270.0,6.5,188.0,0.0,13.4,16.3,10.4,8.5,13.3,13.9,7.76,46.8,Winter
2009-08-30,337.0,19.6,377.0,10.2,15.6,18.9,13.8,12.8,15.9,14.7,7.14,48.5,Winter
2009-08-31,271.0,24.6,787.0,10.6,12.7,15.3,8.1,3.5,11.5,13.6,13.98,52.1,Winter
2009-09-01,271.0,9.9,310.0,0.0,11.0,16.6,5.3,1.4,11.2,12.9,14.72,50.6,Spring
2009-09-02,233.0,11.4,304.0,0.2,11.6,16.5,6.2,1.5,10.8,13.1,16.07,48.7,Spring
2009-09-03,218.0,12.2,267.0,0.0,9.6,14.8,4.3,-0.2,8.6,12.2,14.34,46.9,Spring
2009-09-04,159.0,11.3,338.0,0.0,9.5,11.8,7.2,4.5,7.6,11.8,12.92,46.3,Spring
2009-09-05,192.0,9.0,326.0,0.0,8.5,13.5,3.7,-0.3,6.7,11.4,19.96,45.9,Spring
2009-09-06,80.0,6.2,143.0,0.0,8.5,16.2,1.2,-2.9,9.0,11.7,19.82,45.6,Spring
2009-09-07,274.0,6.5,159.0,0.0,8.7,17.4,1.7,-2.2,8.6,11.8,19.45,45.0,Spring
2009-09-08,73.0,5.4,131.0,0.0,8.7,16.7,1.6,-2.9,9.0,11.9,20.07,44.3,Spring
2009-09-09,64.0,9.5,216.0,0.0,9.9,16.4,2.4,-1.7,9.7,12.0,16.35,43.6,Spring
2009-09-10,4.0,12.9,333.0,0.8,13.3,15.9,11.5,10.5,11.9,12.9,11.24,43.0,Spring
2009-09-11,356.0,14.6,438.0,1.5,14.1,16.1,12.5,11.9,13.9,13.3,5.14,42.5,Spring
2009-09-12,24.0,13.2,408.0,6.7,14.5,15.6,13.6,12.9,14.9,13.7,4.94,43.1,Spring
2009-09-13,63.0,6.8,198.0,0.5,15.2,19.0,10.3,7.4,14.7,14.8,18.8,44.9,Spring
2009-09-14,183.0,6.4,141.0,0.0,12.3,18.2,6.9,3.8,12.3,14.8,20.13,44.7,Spring
2009-09-15,230.0,7.8,164.0,0.0,11.7,18.7,6.3,3.8,11.3,14.6,18.59,44.2,Spring
2009-09-16,54.0,7.1,145.0,0.0,11.6,17.8,5.9,3.0,11.7,14.4,15.39,43.2,Spring
2009-09-17,252.0,8.6,273.0,0.0,12.8,18.8,6.5,3.7,12.5,14.3,14.03,42.7,Spring
2009-09-18,255.0,9.2,243.0,0.0,12.0,16.2,8.5,5.5,11.3,14.2,13.53,42.0,Spring
2009-09-19,245.0,9.3,287.0,0.2,13.2,16.6,8.8,4.9,13.6,13.9,4.61,41.2,Spring
2009-09-20,85.0,10.5,410.0,0.6,12.0,13.4,10.5,9.9,11.7,13.9,7.03,40.7,Spring
2009-09-21,70.0,10.6,408.0,2.9,12.8,14.8,11.4,9.4,12.0,13.6,6.76,40.1,Spring
2009-09-22,240.0,15.6,444.0,2.9,14.2,17.0,12.9,11.4,13.6,14.4,17.32,40.8,Spring
2009-09-23,298.0,17.0,597.0,6.9,15.5,19.0,13.0,12.3,15.4,14.7,6.93,41.7,Spring
2009-09-24,277.0,13.2,452.0,9.2,16.5,19.0,13.6,12.4,16.4,15.5,6.52,50.7,Spring
2009-09-25,299.0,18.0,579.0,7.4,14.2,18.2,11.7,9.7,13.6,15.2,18.09,51.3,Spring
2009-09-26,295.0,14.3,454.0,22.8,12.8,15.7,10.4,7.5,13.1,14.6,9.08,51.6,Spring
2009-09-27,264.0,11.4,307.0,0.0,13.2,17.8,9.8,6.8,12.1,14.6,17.45,51.0,Spring
2009-09-28,194.0,13.6,383.0,8.4,14.4,18.4,9.9,7.2,13.7,15.1,14.4,51.4,Spring
2009-09-29,6.0,17.6,295.0,5.4,12.4,17.8,6.1,3.9,12.6,14.7,11.79,51.1,Spring
2009-09-30,268.0,21.6,690.0,12.8,13.2,16.0,10.8,9.9,12.9,14.4,14.56,51.7,Spring
2009-10-01,249.0,15.6,559.0,3.4,12.5,15.2,11.0,9.5,11.5,13.6,14.36,51.6,Spring
2009-10-02,271.0,17.6,657.0,0.0,14.2,17.0,11.2,9.3,12.7,13.9,16.0,50.8,Spring
2009-10-03,278.0,16.9,791.0,5.8,15.9,17.9,14.3,13.2,16.1,15.0,5.77,51.2,Spring
2009-10-04,323.0,12.5,410.0,9.3,13.7,16.2,9.5,7.9,13.5,14.8,5.41,51.1,Spring
2009-10-05,226.0,14.6,329.0,4.1,8.1,10.6,6.1,4.3,9.3,13.5,14.57,51.6,Spring
2009-10-06,233.0,15.2,381.0,0.4,9.6,13.5,6.4,3.1,9.1,12.7,16.04,51.0,Spring
2009-10-07,223.0,13.2,388.0,0.0,11.5,14.6,8.4,5.9,9.9,12.9,14.84,50.4,Spring
2009-10-08,280.0,10.3,252.0,0.0,11.1,15.6,6.0,2.9,10.1,13.2,13.08,50.3,Spring
2009-10-09,29.0,16.4,459.0,5.9,13.1,17.0,8.1,7.2,12.8,13.6,7.51,50.5,Spring
2009-10-10,106.0,11.4,323.0,2.5,11.7,15.6,8.1,4.9,11.2,13.8,14.66,51.5,Spring
2009-10-11,229.0,8.8,214.0,0.0,10.2,15.9,3.9,0.7,8.9,14.0,23.85,50.3,Spring
2009-10-12,270.0,9.0,239.0,0.0,11.1,17.0,3.9,1.2,9.9,14.1,21.18,50.4,Spring
2009-10-13,225.0,10.4,206.0,0.0,12.2,16.5,7.7,5.2,11.5,14.7,12.88,49.6,Spring
2009-10-14,303.0,10.6,280.0,0.4,13.7,18.8,7.0,4.4,13.1,14.6,8.39,49.2,Spring
2009-10-15,292.0,13.4,294.0,31.0,15.2,18.0,12.9,10.6,15.9,15.4,4.79,51.3,Spring
2009-10-16,289.0,14.4,500.0,0.0,15.3,19.8,11.9,8.4,13.5,15.3,22.97,51.3,Spring
2009-10-17,279.0,15.0,433.0,3.9,14.3,21.1,8.7,5.4,13.7,15.4,13.71,49.3,Spring
2009-10-18,232.0,19.4,614.0,2.6,13.5,16.9,11.0,9.6,12.6,15.1,19.89,50.6,Spring
2009-10-19,220.0,11.4,280.0,6.6,12.7,17.0,9.4,6.4,12.4,15.2,20.15,50.7,Spring
2009-10-20,213.0,16.4,433.0,2.5,12.1,15.7,9.2,6.1,10.9,14.9,20.42,51.4,Spring
2009-10-21,225.0,10.5,291.0,0.0,11.9,16.5,6.7,3.3,9.6,14.6,24.37,49.9,Spring
2009-10-22,251.0,15.1,495.0,0.0,13.4,16.6,8.9,5.7,11.7,14.6,14.06,49.7,Spring
2009-10-23,230.0,13.4,434.0,2.2,12.7,16.0,9.0,5.9,10.8,14.7,23.41,50.1,Spring
2009-10-24,289.0,8.9,221.0,0.0,12.1,17.7,5.6,2.5,9.2,14.8,27.52,49.7,Spring
2009-10-25,276.0,7.4,197.0,0.0,10.4,16.9,3.9,1.3,9.9,14.7,15.63,49.3,Spring
2009-10-26,286.0,13.2,285.0,2.9,12.3,17.3,5.6,3.0,13.2,14.8,9.76,49.1,Spring
2009-10-27,241.0,14.4,403.0,14.9,12.2,14.0,10.9,9.7,12.1,14.5,7.31,51.4,Spring
2009-10-28,228.0,14.9,527.0,0.0,13.8,17.7,11.4,9.6,11.9,14.3,25.78,51.0,Spring
2009-10-29,225.0,21.6,624.0,2.2,12.1,15.0,8.6,4.4,8.9,14.1,27.08,49.3,Spring
2009-10-30,211.0,12.2,274.0,0.0,10.1,16.0,2.4,-1.0,7.7,13.5,19.1,50.2,Spring
2009-10-31,224.0,10.8,287.0,0.0,11.4,17.2,4.6,0.9,9.2,14.0,27.14,49.7,Spring
2009-11-01,236.0,11.2,348.0,0.0,13.1,17.9,8.6,4.7,11.0,14.7,24.59,48.7,Spring
2009-11-02,253.0,14.5,485.0,0.0,12.9,15.7,10.6,9.2,11.8,14.6,16.45,46.2,Spring
2009-11-03,276.0,10.2,346.0,0.0,14.3,18.4,11.4,8.6,13.7,15.1,14.93,45.3,Spring
2009-11-04,268.0,12.6,360.0,0.0,14.4,19.4,9.2,5.8,14.2,15.6,20.33,46.3,Spring
2009-11-05,277.0,15.4,646.0,3.2,16.3,18.4,14.0,13.4,16.9,16.1,6.9,46.7,Spring
2009-11-06,216.0,10.8,340.0,0.2,14.5,19.3,8.5,4.8,12.1,16.2,26.36,46.4,Spring
2009-11-07,233.0,11.4,290.0,0.0,11.7,17.1,4.4,1.3,9.7,15.3,22.43,42.0,Spring
2009-11-08,206.0,12.6,409.0,0.0,14.3,17.5,12.3,10.7,11.8,15.3,16.89,39.6,Spring
2009-11-09,238.0,15.8,463.0,0.2,13.3,16.3,11.0,10.1,12.3,15.1,14.9,37.9,Spring
2009-11-10,276.0,8.5,239.0,1.1,13.8,17.8,10.4,8.5,13.3,15.8,14.99,36.7,Spring
2009-11-11,265.0,17.0,446.0,0.9,13.0,17.2,8.4,4.7,12.7,15.3,14.7,36.0,Spring
2009-11-12,199.0,7.5,236.0,0.0,13.0,17.9,7.8,4.2,10.4,15.6,26.05,34.9,Spring
2009-11-13,255.0,16.1,407.0,0.0,11.9,16.6,6.5,3.6,10.7,15.0,18.49,33.2,Spring
2009-11-14,262.0,13.4,422.0,0.0,14.0,17.9,10.4,7.3,11.7,15.1,22.74,31.6,Spring
2009-11-15,254.0,18.2,633.0,0.7,15.5,19.6,11.3,8.5,14.9,15.5,13.51,30.1,Spring
2009-11-16,267.0,18.4,611.0,2.3,15.5,18.4,12.8,10.5,12.9,15.9,25.79,29.4,Spring
2009-11-17,267.0,12.6,370.0,0.0,15.7,19.2,12.7,10.6,12.4,16.0,21.33,28.0,Spring
2009-11-18,283.0,19.2,569.0,6.0,16.6,21.4,13.5,12.6,15.5,16.6,14.01,28.4,Spring
2009-11-19,230.0,12.2,417.0,0.0,14.2,16.7,12.4,10.0,12.0,15.6,15.81,28.7,Spring
2009-11-20,237.0,12.1,374.0,0.0,14.0,17.5,11.2,9.0,12.8,15.6,14.9,27.2,Spring
2009-11-21,234.0,13.6,522.0,0.0,16.3,19.7,13.7,12.2,14.5,16.0,16.6,25.6,Spring
2009-11-22,258.0,18.6,594.0,3.8,16.6,17.7,15.7,15.6,17.6,16.5,4.02,26.0,Spring
2009-11-23,225.0,9.4,245.0,0.0,16.9,19.5,13.7,12.1,17.1,17.0,11.42,26.6,Spring
2009-11-24,212.0,12.9,447.0,0.0,17.1,20.4,13.2,10.1,16.2,17.2,14.34,25.9,Spring
2009-11-25,243.0,12.1,372.0,0.0,15.4,21.0,10.5,6.7,11.6,16.5,30.78,24.6,Spring
2009-11-26,262.0,18.0,603.0,0.0,15.2,19.5,11.3,8.5,12.7,16.0,24.77,22.6,Spring
2009-11-27,258.0,10.6,374.0,0.0,15.0,20.0,11.5,8.3,12.4,16.4,29.69,20.7,Spring
2009-11-28,276.0,18.0,526.0,2.9,16.5,22.0,11.7,10.0,15.3,16.6,14.13,19.2,Spring
2009-11-29,271.0,14.1,502.0,1.3,18.2,20.9,16.4,15.4,17.9,17.6,15.58,20.1,Spring
2009-11-30,283.0,17.1,379.0,0.0,18.8,21.9,16.0,13.8,18.7,18.1,11.99,19.2,Spring
2009-12-01,268.0,13.4,312.0,0.0,19.8,25.2,13.9,12.3,18.9,18.6,20.68,18.5,Summer
2009-12-02,268.0,10.0,244.0,34.8,19.0,20.8,17.4,15.4,20.1,18.9,6.01,26.3,Summer
2009-12-03,60.0,13.5,380.0,6.9,17.4,21.4,15.8,15.5,18.0,18.9,12.4,42.0,Summer
2009-12-04,59.0,16.2,474.0,99.5,15.2,16.4,13.5,11.1,16.3,17.6,5.99,51.8,Summer
2009-12-05,131.0,7.8,174.0,0.0,15.5,19.3,12.0,8.9,14.6,17.7,16.11,47.5,Summer
2009-12-06,269.0,11.2,365.0,0.0,15.6,21.0,8.0,5.0,14.1,17.6,23.3,43.4,Summer
2009-12-07,231.0,13.0,404.0,0.4,16.4,20.0,11.6,8.1,14.0,17.7,25.47,40.9,Summer
2009-12-08,215.0,9.4,264.0,0.0,15.0,20.9,8.2,4.9,12.9,17.6,30.05,39.2,Summer
2009-12-09,266.0,9.6,253.0,0.0,16.5,24.1,8.6,6.4,13.8,18.2,31.09,36.8,Summer
2009-12-10,274.0,8.4,198.0,0.0,17.5,25.5,9.6,7.1,15.2,19.0,30.82,33.7,Summer
2009-12-11,274.0,10.2,339.0,0.0,19.3,25.5,13.4,10.2,17.6,19.6,29.1,30.5,Summer
2009-12-12,251.0,14.6,386.0,7.4,18.1,21.9,14.5,11.9,18.1,19.5,10.79,30.2,Summer
2009-12-13,268.0,15.1,387.0,0.0,16.2,21.0,10.3,7.0,13.9,18.7,24.57,30.8,Summer
2009-12-14,251.0,13.2,492.0,0.0,17.7,21.9,13.7,11.0,15.5,18.6,24.19,28.8,Summer
2009-12-15,220.0,13.7,425.0,2.8,13.9,17.7,9.9,5.2,11.1,17.3,23.1,27.5,Summer
2009-12-16,233.0,13.6,328.0,0.0,12.8,18.6,5.2,1.7,9.5,16.5,25.08,25.9,Summer
2009-12-17,236.0,10.8,338.0,0.0,15.0,20.0,9.5,5.0,11.7,16.7,26.33,24.0,Summer
2009-12-18,250.0,11.5,327.0,0.0,15.1,20.5,8.0,4.5,12.7,17.1,27.57,21.9,Summer
2009-12-19,255.0,12.4,446.0,0.0,17.2,21.8,11.4,7.2,14.4,17.5,23.74,20.0,Summer
2009-12-20,236.0,15.7,618.0,1.4,17.8,21.3,14.3,11.9,16.0,18.0,24.21,18.8,Summer
2009-12-21,220.0,12.8,405.0,0.0,15.5,18.9,11.4,6.6,10.7,16.9,24.44,17.7,Summer
2009-12-22,53.0,8.2,210.0,0.0,14.6,20.3,7.4,4.3,12.4,17.2,17.84,16.7,Summer
2009-12-23,35.0,9.2,241.0,1.8,17.0,21.3,14.0,11.6,15.1,18.1,21.07,16.3,Summer
2009-12-24,81.0,8.0,212.0,0.0,17.2,23.9,9.3,6.1,12.7,18.4,30.71,15.8,Summer
2009-12-25,75.0,7.4,187.0,0.0,17.6,24.8,9.7,6.6,13.0,18.7,28.04,14.7,Summer
2009-12-26,43.0,10.2,165.0,0.0,17.7,25.0,9.5,5.9,14.1,18.8,24.73,14.1,Summer
2009-12-27,272.0,12.8,384.0,0.0,17.9,23.1,12.9,10.0,15.5,19.0,25.63,13.3,Summer
2009-12-28,263.0,9.2,309.0,0.0,19.2,23.4,15.3,12.6,17.2,19.3,18.44,12.9,Summer
2009-12-29,238.0,13.2,524.0,0.4,18.8,22.9,15.2,12.5,18.1,19.1,13.24,12.6,Summer
2009-12-30,229.0,16.5,624.0,3.4,18.8,21.7,14.8,12.6,16.3,18.9,25.99,13.4,Summer
2009-12-31,230.0,13.2,413.0,0.0,16.3,20.2,13.3,9.2,10.5,17.6,27.25,12.6,Summer
2010-01-01,245.0,11.0,334.0,0.0,16.7,22.1,12.6,9.1,13.2,18.2,30.47,12.1,Summer
2010-01-02,255.0,12.0,290.0,0.0,17.4,24.9,10.0,7.2,13.9,18.9,30.01,11.5,Summer
2010-01-03,286.0,13.0,344.0,0.0,18.4,24.5,11.1,8.0,15.4,19.3,22.66,11.2,Summer
2010-01-04,287.0,15.8,535.0,2.0,18.5,21.0,15.3,13.3,15.9,18.9,15.55,11.2,Summer
2010-01-05,232.0,11.9,338.0,0.0,16.6,21.5,11.4,7.2,11.8,18.1,28.9,11.0,Summer
2010-01-06,46.0,8.9,242.0,0.0,15.5,22.4,7.2,3.5,12.8,18.6,29.66,10.7,Summer
2010-01-07,320.0,8.0,197.0,0.0,17.6,24.2,10.3,7.1,14.7,19.1,16.11,10.4,Summer
2010-01-08,254.0,14.4,330.0,0.0,16.3,22.4,11.1,7.4,13.6,18.7,20.27,10.2,Summer
2010-01-09,220.0,9.1,274.0,0.0,15.3,21.5,7.7,4.6,10.7,18.1,26.46,10.0,Summer
2010-01-10,257.0,10.4,248.0,0.0,15.2,23.0,6.4,3.0,12.1,18.5,26.14,9.8,Summer
2010-01-11,237.0,18.1,451.0,8.9,15.7,19.8,11.8,8.1,12.6,17.9,24.64,10.9,Summer
2010-01-12,231.0,12.1,292.0,1.9,15.5,21.3,10.2,6.8,12.6,17.8,23.47,10.8,Summer
2010-01-13,240.0,14.3,391.0,0.0,16.2,21.0,10.2,6.9,13.3,17.9,23.91,10.6,Summer
2010-01-14,271.0,11.1,253.0,0.0,18.5,23.8,14.2,11.1,15.0,19.1,27.53,10.3,Summer
2010-01-15,246.0,9.8,213.0,0.0,19.4,25.9,14.1,11.3,15.1,20.2,30.9,10.0,Summer
2010-01-16,242.0,8.1,238.0,0.0,20.1,25.0,16.1,14.5,16.7,21.1,23.09,9.6,Summer
2010-01-17,256.0,7.6,211.0,0.0,18.2,21.3,15.5,13.4,16.8,20.4,11.2,9.4,Summer
2010-01-18,262.0,7.4,202.0,0.0,19.3,23.6,16.3,14.2,18.1,20.6,13.88,9.3,Summer
2010-01-19,93.0,8.9,188.0,0.0,20.0,25.1,15.0,12.5,18.0,21.1,18.42,9.2,Summer
2010-01-20,232.0,14.7,410.0,1.5,20.1,22.3,17.4,14.1,19.5,20.7,12.08,9.1,Summer
2010-01-21,12.0,14.8,423.0,11.1,20.5,24.2,17.4,16.0,18.9,20.7,16.79,11.0,Summer
2010-01-22,258.0,16.8,601.0,2.3,18.1,21.8,15.5,13.4,15.6,19.5,22.25,11.4,Summer
2010-01-23,226.0,13.3,527.0,2.1,17.4,20.9,15.4,13.7,17.1,19.0,18.68,11.6,Summer
2010-01-24,232.0,13.2,447.0,0.0,17.4,20.4,13.2,11.1,16.2,19.0,16.46,11.3,Summer
2010-01-25,84.0,6.8,211.0,0.0,19.0,25.0,13.4,9.7,16.0,19.9,26.04,10.8,Summer
2010-01-26,49.0,9.8,309.0,0.0,19.4,23.7,14.2,11.2,17.5,20.5,22.42,10.3,Summer
2010-01-27,84.0,8.3,241.0,0.0,19.7,24.5,13.8,11.1,17.9,21.0,24.66,10.0,Summer
2010-01-28,90.0,9.3,261.0,0.0,20.0,25.1,14.8,11.4,17.7,21.6,28.72,9.6,Summer
2010-01-29,44.0,11.3,306.0,0.0,19.6,24.6,13.8,10.7,17.0,21.5,23.29,9.3,Summer
2010-01-30,161.0,10.3,289.0,0.0,21.1,27.1,16.1,12.2,17.4,21.7,21.82,9.0,Summer
2010-01-31,168.0,9.4,298.0,0.0,20.7,24.3,18.4,16.3,19.0,21.7,17.62,8.9,Summer
2010-02-01,90.0,17.9,681.0,37.8,20.7,23.7,18.1,17.8,21.7,21.2,13.8,13.0,Summer
2010-02-02,88.0,17.7,638.0,4.0,20.5,22.9,19.2,17.6,20.0,21.2,16.18,14.9,Summer
2010-02-03,84.0,13.9,540.0,0.0,20.5,23.6,18.0,15.0,17.0,21.2,29.88,14.0,Summer
2010-02-04,94.0,11.8,371.0,0.2,19.6,23.4,14.8,10.2,16.6,21.2,23.41,13.1,Summer
2010-02-05,90.0,8.2,161.0,0.0,18.6,24.1,12.3,9.0,15.6,21.4,25.62,12.4,Summer
2010-02-06,80.0,9.1,232.0,0.0,19.7,24.5,13.8,10.0,16.5,22.0,28.44,11.7,Summer
2010-02-07,71.0,7.9,167.0,0.0,20.3,24.8,16.2,11.8,16.7,22.7,27.07,11.2,Summer
2010-02-08,89.0,7.2,195.0,0.0,18.8,24.7,12.4,9.2,17.3,22.3,21.25,10.7,Summer
2010-02-09,254.0,9.2,212.0,0.0,19.6,26.2,13.5,10.9,17.2,22.4,21.97,10.3,Summer
2010-02-10,242.0,14.2,386.0,0.0,18.5,23.1,14.6,10.2,16.5,21.4,22.05,10.0,Summer
2010-02-11,271.0,10.2,296.0,0.0,19.5,24.4,15.6,11.9,16.8,21.6,22.65,9.8,Summer
2010-02-12,268.0,12.2,343.0,0.0,19.6,25.7,13.5,10.1,18.2,21.5,19.89,9.5,Summer
2010-02-13,267.0,14.8,570.0,0.0,21.2,25.9,18.2,16.3,19.4,21.8,20.56,9.4,Summer
2010-02-14,256.0,16.4,555.0,0.2,21.0,24.0,19.1,16.8,21.7,21.6,12.77,9.3,Summer
2010-02-15,254.0,15.6,522.0,0.0,21.3,25.0,18.1,16.3,20.7,21.8,17.85,9.3,Summer
2010-02-16,72.0,7.0,123.0,8.2,20.7,25.5,17.5,14.9,21.1,22.2,13.33,9.7,Summer
2010-02-17,44.0,9.2,233.0,0.0,21.8,25.9,18.2,16.8,21.5,22.7,21.27,10.4,Summer
2010-02-18,36.0,10.2,239.0,1.0,21.0,22.1,19.7,18.0,22.8,22.3,7.08,10.3,Summer
2010-02-19,218.0,17.2,492.0,0.0,19.1,21.8,16.0,11.7,15.7,21.2,27.46,10.2,Summer
2010-02-20,230.0,8.6,217.0,0.0,17.9,25.1,11.1,7.9,14.8,20.6,22.01,10.0,Summer
2010-02-21,67.0,7.8,179.0,0.0,17.4,24.3,9.8,6.4,14.6,20.7,23.31,9.6,Summer
2010-02-22,76.0,8.3,228.0,0.0,18.4,25.1,11.2,8.0,15.5,21.2,28.76,9.4,Summer
2010-02-23,42.0,11.6,332.0,0.0,19.7,25.0,13.4,9.7,16.3,21.3,20.6,9.1,Summer
2010-02-24,68.0,9.6,355.0,0.0,21.2,24.7,17.2,13.2,19.8,21.6,14.63,8.9,Summer
2010-02-25,231.0,11.0,271.0,7.8,21.3,25.7,17.6,14.4,20.1,21.9,15.0,9.4,Summer
2010-02-26,235.0,13.6,337.0,0.0,17.8,22.4,12.9,8.9,13.7,20.6,24.81,9.7,Summer
2010-02-27,86.0,10.2,306.0,1.4,17.8,23.2,11.5,8.5,15.8,20.4,24.16,9.5,Summer
2010-02-28,140.0,10.4,227.0,0.0,17.6,23.2,11.4,7.9,13.6,20.4,22.79,9.4,Summer
2010-03-01,107.0,9.6,291.0,0.0,19.4,23.9,14.3,11.0,18.4,21.0,19.74,9.2,Autumn
2010-03-02,62.0,7.6,204.0,1.6,18.5,23.4,13.4,10.8,16.3,20.9,14.37,9.1,Autumn
2010-03-03,189.0,9.6,268.0,0.0,17.8,22.0,13.4,9.7,15.9,20.4,17.13,9.2,Autumn
2010-03-04,231.0,14.0,347.0,0.0,17.6,22.4,12.6,9.2,14.3,19.7,24.18,9.0,Autumn
2010-03-05,252.0,11.2,275.0,0.0,17.7,24.8,11.4,8.0,15.6,19.7,20.16,8.8,Autumn
2010-03-06,86.0,8.2,202.0,0.0,18.7,24.5,12.6,9.5,14.5,20.0,20.75,8.7,Autumn
2010-03-07,109.0,11.2,279.0,0.0,18.5,22.4,13.1,8.9,11.4,19.9,24.28,8.6,Autumn
2010-03-08,90.0,6.3,150.0,0.0,15.9,22.3,8.7,5.4,12.7,19.6,17.81,8.4,Autumn
2010-03-09,61.0,7.5,149.0,0.0,16.6,23.8,9.7,7.1,13.6,19.5,17.76,8.3,Autumn
2010-03-10,283.0,11.0,306.0,0.0,17.1,23.9,10.5,7.7,14.5,19.5,23.9,8.2,Autumn
2010-03-11,277.0,13.6,445.0,0.0,19.2,23.7,15.7,12.3,16.0,19.9,21.02,8.1,Autumn
2010-03-12,236.0,17.5,453.0,1.6,16.9,20.9,14.4,10.1,13.8,18.9,19.07,8.2,Autumn
2010-03-13,226.0,14.2,390.0,0.0,15.8,20.5,9.7,5.2,11.4,17.9,19.11,8.1,Autumn
2010-03-14,259.0,11.1,338.0,0.0,17.4,22.7,14.1,10.0,14.9,18.4,18.61,8.1,Autumn
2010-03-15,214.0,14.4,368.0,0.0,18.1,21.0,15.8,13.8,14.6,18.6,10.45,8.0,Autumn
2010-03-16,218.0,11.7,306.0,0.0,17.0,20.8,14.3,12.9,14.0,18.5,12.66,8.0,Autumn
2010-03-17,238.0,12.6,347.0,0.0,17.1,22.1,13.0,8.2,13.0,18.3,17.03,7.8,Autumn
2010-03-18,209.0,11.0,298.0,0.0,14.1,20.1,7.7,2.5,8.9,17.5,24.45,7.7,Autumn
2010-03-19,245.0,11.2,411.0,0.0,16.5,19.6,10.4,6.2,13.5,17.4,8.0,7.6,Autumn
2010-03-20,247.0,10.6,388.0,0.0,18.3,23.4,13.5,10.0,15.8,18.2,17.95,7.6,Autumn
2010-03-21,239.0,10.3,367.0,0.0,18.5,23.3,14.4,10.2,16.5,18.7,15.22,7.6,Autumn
2010-03-22,286.0,13.6,373.0,0.0,18.2,23.4,13.9,11.4,15.4,18.7,17.6,7.5,Autumn
2010-03-23,278.0,17.6,427.0,0.0,18.2,24.5,13.1,10.0,15.6,18.7,14.0,7.5,Autumn
2010-03-24,289.0,20.2,561.0,1.4,19.6,25.6,16.5,14.6,17.2,19.0,13.04,7.5,Autumn
2010-03-25,277.0,17.0,524.0,3.6,16.9,20.8,14.2,11.3,14.5,17.9,15.58,8.1,Autumn
2010-03-26,210.0,15.4,441.0,0.0,17.9,22.1,15.0,12.0,15.5,17.8,15.0,8.0,Autumn
2010-03-27,212.0,11.9,324.0,0.0,18.6,22.3,16.4,14.0,15.7,18.5,18.2,7.9,Autumn
2010-03-28,78.0,12.2,323.0,0.0,19.7,24.6,15.8,11.6,17.1,19.2,20.36,7.8,Autumn
2010-03-29,58.0,15.7,577.0,0.8,17.6,21.4,15.6,14.0,14.0,18.5,12.56,7.8,Autumn
2010-03-30,84.0,11.4,431.0,0.2,17.9,21.2,16.3,13.2,13.8,18.0,13.24,7.7,Autumn
2010-03-31,65.0,11.8,441.0,0.0,18.3,21.2,16.1,12.8,12.9,18.0,13.55,7.7,Autumn
2010-04-01,79.0,9.2,229.0,0.0,16.6,21.2,11.1,6.7,13.6,18.0,18.07,7.6,Autumn
2010-04-02,78.0,6.8,159.0,0.0,15.6,20.7,9.6,5.7,12.5,17.7,9.16,7.5,Autumn
2010-04-03,70.0,9.0,198.0,0.0,15.6,21.3,9.8,6.4,13.8,17.8,11.02,7.5,Autumn
2010-04-04,12.0,4.6,106.0,8.8,16.5,19.6,12.7,10.5,17.2,18.1,7.34,8.1,Autumn
2010-04-05,71.0,9.0,224.0,4.3,17.6,22.0,14.7,12.5,16.9,18.6,14.7,8.6,Autumn
2010-04-06,257.0,7.7,261.0,0.3,17.0,21.2,12.8,10.7,15.1,18.3,12.25,9.1,Autumn
2010-04-07,127.0,7.8,292.0,0.0,15.7,18.5,12.9,9.6,12.5,17.8,12.89,8.9,Autumn
2010-04-08,86.0,7.6,193.0,0.0,13.4,17.5,7.8,3.8,11.1,16.8,16.41,8.8,Autumn
2010-04-09,64.0,10.0,201.0,0.0,12.3,19.6,6.5,3.0,11.3,16.2,17.09,8.7,Autumn
2010-04-10,86.0,7.9,157.0,0.0,12.7,20.1,6.7,2.9,11.4,15.8,15.2,8.6,Autumn
2010-04-11,72.0,9.8,186.0,0.0,13.4,20.4,7.3,3.5,11.8,15.7,13.12,8.4,Autumn
2010-04-12,67.0,9.2,197.0,0.0,13.8,20.7,6.9,3.6,12.2,15.9,15.44,8.3,Autumn
2010-04-13,20.0,13.0,340.0,0.0,16.2,19.7,10.0,8.4,14.9,16.4,7.88,8.2,Autumn
2010-04-14,254.0,13.2,363.0,1.1,17.6,21.2,12.7,8.1,15.8,17.2,17.01,8.4,Autumn
2010-04-15,249.0,12.6,362.0,0.1,15.1,20.3,10.6,5.9,14.2,16.6,10.11,8.3,Autumn
2010-04-16,230.0,16.1,433.0,0.0,15.4,19.3,8.8,4.2,12.3,16.2,13.45,8.2,Autumn
2010-04-17,228.0,10.7,278.0,0.0,12.4,18.1,5.2,2.3,11.5,15.2,9.23,8.1,Autumn
2010-04-18,216.0,13.4,295.0,0.0,15.7,20.5,11.6,6.9,13.3,16.0,11.61,8.1,Autumn
2010-04-19,236.0,14.0,398.0,0.6,14.9,19.6,11.7,8.2,14.0,15.9,12.05,8.0,Autumn
2010-04-20,211.0,13.9,400.0,0.6,15.7,19.8,11.2,8.4,13.8,16.1,12.78,8.1,Autumn
2010-04-21,241.0,8.8,234.0,0.0,13.5,20.5,6.9,3.5,12.9,15.7,14.48,8.0,Autumn
2010-04-22,232.0,9.6,232.0,0.0,14.6,17.5,12.4,9.4,13.8,15.9,6.97,8.0,Autumn
2010-04-23,255.0,9.7,217.0,1.5,13.9,18.4,9.5,6.0,14.3,15.9,9.9,8.1,Autumn
2010-04-24,271.0,10.0,314.0,0.5,16.1,21.3,11.3,9.3,15.8,16.1,10.79,8.2,Autumn
2010-04-25,96.0,5.8,159.0,0.0,15.5,21.8,10.7,8.2,15.2,16.4,14.21,8.2,Autumn
2010-04-26,33.0,12.4,371.0,0.0,17.6,20.8,11.7,8.9,16.6,16.7,8.47,8.1,Autumn
2010-04-27,27.0,16.8,504.0,6.1,18.5,20.6,15.0,13.2,18.4,17.4,3.85,8.6,Autumn
2010-04-28,256.0,5.4,125.0,0.7,14.3,19.4,9.1,6.4,13.6,16.5,9.75,9.3,Autumn
2010-04-29,95.0,5.6,141.0,0.0,13.7,20.8,8.7,5.0,12.2,16.1,14.33,9.1,Autumn
2010-04-30,287.0,12.5,286.0,0.0,14.0,21.6,6.1,3.1,13.1,15.5,13.96,8.9,Autumn
2010-05-01,235.0,13.2,370.0,5.2,14.8,17.8,11.6,6.7,14.0,15.8,10.07,9.6,Autumn
2010-05-02,139.0,6.8,207.0,0.0,11.6,17.8,5.3,1.7,9.5,14.6,14.07,9.5,Autumn
2010-05-03,226.0,10.6,233.0,0.0,10.3,16.7,3.6,0.8,10.5,13.7,6.64,9.4,Autumn
2010-05-04,250.0,13.8,317.0,0.0,13.7,18.6,9.8,4.4,11.7,14.3,13.37,9.3,Autumn
2010-05-05,65.0,8.4,279.0,0.0,12.2,17.9,6.4,2.7,10.6,13.8,10.84,9.2,Autumn
2010-05-06,75.0,10.6,252.0,0.0,12.4,17.4,5.5,1.3,10.1,13.6,6.33,9.0,Autumn
2010-05-07,9.0,9.0,265.0,0.0,15.2,17.1,14.2,11.9,10.6,14.2,5.25,8.9,Autumn
2010-05-08,21.0,12.6,438.0,0.0,15.4,16.6,14.4,12.7,12.0,14.3,3.89,8.8,Autumn
2010-05-09,81.0,13.7,496.0,0.6,15.8,17.0,14.5,13.0,14.4,14.9,3.32,8.8,Autumn
2010-05-10,87.0,15.3,628.0,0.0,17.2,19.9,15.1,12.2,13.3,15.2,13.53,8.8,Autumn
2010-05-11,78.0,16.9,670.0,0.2,16.6,18.7,15.2,13.8,15.7,15.5,4.38,8.8,Autumn
2010-05-12,45.0,19.6,707.0,27.4,17.3,18.3,16.3,15.9,18.5,16.3,2.1,11.2,Autumn
2010-05-13,269.0,7.2,182.0,0.0,16.4,21.4,11.5,8.8,15.9,16.4,10.93,13.4,Autumn
2010-05-14,347.0,11.3,332.0,0.0,15.8,20.6,9.7,6.5,14.1,15.8,11.07,12.9,Autumn
2010-05-15,310.0,18.0,329.0,4.2,15.8,19.3,13.3,9.3,14.3,15.7,8.55,13.2,Autumn
2010-05-16,304.0,12.3,330.0,0.0,13.9,19.1,9.2,5.6,12.6,15.1,10.14,13.3,Autumn
2010-05-17,278.0,5.4,180.0,0.0,12.1,18.7,7.1,3.4,12.0,14.4,8.93,13.0,Autumn
2010-05-18,345.0,6.3,121.0,1.6,11.1,17.6,6.6,1.5,11.4,14.1,9.93,13.1,Autumn
2010-05-19,170.0,4.6,123.0,0.0,10.9,18.1,4.9,0.7,11.4,13.6,9.24,13.0,Autumn
2010-05-20,140.0,12.8,295.0,22.0,11.8,15.1,6.6,2.0,13.2,13.4,1.9,14.5,Autumn
2010-05-21,187.0,18.5,480.0,100.0,12.4,14.2,11.0,10.1,13.1,12.9,2.46,20.4,Autumn
2010-05-22,193.0,7.4,244.0,0.0,12.6,17.7,5.7,-0.4,11.6,13.0,12.11,19.3,Autumn
2010-05-23,51.0,11.9,217.0,2.4,11.0,16.5,4.8,-0.6,12.5,12.5,1.74,19.4,Autumn
2010-05-24,348.0,15.9,363.0,36.6,15.2,17.3,11.5,9.0,15.8,14.3,2.62,27.2,Autumn
2010-05-25,287.0,18.8,532.0,2.1,12.7,16.3,10.0,7.2,12.2,13.4,8.95,24.2,Autumn
2010-05-26,261.0,18.8,680.0,13.6,13.6,17.1,11.8,12.6,13.4,13.4,8.55,29.0,Autumn
2010-05-27,274.0,12.8,251.0,13.0,13.6,16.8,12.1,10.6,14.1,13.7,4.75,30.0,Autumn
2010-05-28,273.0,9.6,301.0,22.6,13.4,18.3,8.9,3.6,13.7,14.1,8.24,35.6,Autumn
2010-05-29,266.0,16.3,500.0,1.5,11.7,15.2,8.2,3.7,11.2,13.1,10.29,28.1,Autumn
2010-05-30,250.0,9.0,231.0,0.1,11.4,16.3,6.1,1.1,11.0,12.8,10.98,28.0,Autumn
2010-05-31,75.0,11.3,322.0,2.5,11.2,14.5,6.0,1.5,11.9,12.5,2.75,28.1,Autumn
2010-06-01,69.0,14.4,320.0,36.9,15.1,18.6,12.7,8.5,15.9,13.7,4.58,43.1,Winter
2010-06-02,297.0,8.8,294.0,0.8,14.4,18.2,11.4,8.0,15.0,14.0,7.69,31.8,Winter
2010-06-03,220.0,7.4,179.0,0.8,12.3,16.8,8.4,5.3,12.8,13.7,7.66,32.3,Winter
2010-06-04,181.0,5.6,137.0,0.0,9.7,14.9,5.7,1.8,10.3,12.8,11.56,31.9,Winter
2010-06-05,45.0,15.2,566.0,1.8,14.1,16.2,7.3,6.3,13.0,12.9,4.31,31.8,Winter
2010-06-06,14.0,18.3,603.0,14.8,16.9,18.4,14.5,13.2,16.9,14.3,2.24,40.2,Winter
2010-06-07,296.0,17.5,520.0,13.7,14.3,17.4,9.0,6.8,13.6,14.4,7.33,40.5,Winter
2010-06-08,274.0,11.4,288.0,3.0,10.4,14.8,6.9,3.3,10.5,13.2,6.91,37.5,Winter
2010-06-09,234.0,11.6,245.0,0.1,8.1,13.4,4.4,-0.2,7.8,11.9,10.54,34.2,Winter
2010-06-10,350.0,15.1,371.0,1.0,11.4,15.0,6.5,4.4,10.7,11.9,7.42,33.6,Winter
2010-06-11,242.0,17.3,561.0,9.9,13.4,15.4,11.9,9.6,13.0,12.8,5.58,39.5,Winter
2010-06-12,293.0,15.3,541.0,19.1,13.3,17.1,11.4,9.1,12.5,12.7,8.01,40.3,Winter
2010-06-13,255.0,21.1,480.0,10.6,10.9,13.9,8.8,6.5,10.9,12.4,7.93,43.3,Winter
2010-06-14,252.0,16.9,575.0,4.5,11.4,14.8,8.4,6.2,10.7,11.5,7.98,36.5,Winter
2010-06-15,233.0,15.5,369.0,2.5,10.0,13.3,2.3,1.0,9.6,11.5,7.18,36.4,Winter
2010-06-16,183.0,5.7,135.0,0.0,6.6,14.7,0.4,-0.4,8.4,10.5,9.59,35.0,Winter
2010-06-17,85.0,5.0,120.0,0.0,7.1,14.9,1.9,0.1,9.1,10.2,10.05,34.7,Winter
2010-06-18,31.0,10.8,272.0,2.2,11.5,15.4,4.7,5.4,12.1,10.8,4.16,35.0,Winter
2010-06-19,40.0,16.1,571.0,0.8,14.8,15.8,13.8,11.6,13.6,12.0,2.19,35.6,Winter
2010-06-20,282.0,16.8,514.0,7.7,14.7,17.1,12.2,11.7,15.0,13.1,5.79,39.7,Winter
2010-06-21,271.0,14.4,451.0,1.1,12.9,16.5,8.5,6.6,12.0,12.7,7.87,36.6,Winter
2010-06-22,226.0,11.0,258.0,0.0,9.9,14.0,6.5,5.1,9.9,11.8,8.0,35.8,Winter
2010-06-23,284.0,5.8,159.0,0.0,8.8,14.6,5.0,3.7,10.0,11.4,8.71,35.3,Winter
2010-06-24,122.0,9.8,152.0,1.2,8.3,13.6,3.9,3.2,9.8,10.8,7.41,35.3,Winter
2010-06-25,27.0,7.8,194.0,26.4,10.7,13.8,5.3,2.9,12.4,11.2,4.3,45.4,Winter
2010-06-26,244.0,7.6,206.0,1.7,9.5,13.0,6.1,5.8,11.1,11.1,4.27,40.0,Winter
2010-06-27,266.0,15.4,333.0,1.7,9.8,15.4,5.8,4.3,10.4,10.8,8.97,38.0,Winter
2010-06-28,312.0,9.5,216.0,1.5,10.2,15.1,4.7,4.3,11.3,10.6,4.55,36.9,Winter
2010-06-29,244.0,14.4,444.0,2.6,11.6,15.3,8.4,5.5,11.3,11.3,10.34,37.6,Winter
2010-06-30,271.0,13.0,368.0,6.0,10.8,14.6,7.3,4.0,11.0,11.0,8.24,39.3,Winter
2010-07-01,241.0,8.0,221.0,0.7,9.6,14.3,5.8,3.4,10.4,10.7,8.66,36.9,Winter
2010-07-02,237.0,10.0,252.0,0.0,9.7,15.6,4.4,2.0,10.2,10.5,9.59,36.5,Winter
2010-07-03,222.0,5.2,132.0,0.0,7.9,15.3,1.7,0.6,9.3,10.1,8.68,36.3,Winter
2010-07-04,79.0,22.8,559.0,27.8,10.1,12.5,5.2,2.9,11.5,10.4,1.54,42.5,Winter
2010-07-05,90.0,27.7,622.0,55.3,12.2,13.2,11.3,12.0,12.9,11.6,1.76,53.4,Winter
2010-07-06,189.0,12.6,463.0,4.2,12.8,16.1,11.0,10.7,10.9,11.4,7.23,45.9,Winter
2010-07-07,230.0,16.2,501.0,1.4,12.4,15.0,10.6,8.6,11.1,11.5,9.75,39.3,Winter
2010-07-08,226.0,17.4,494.0,0.0,11.4,14.1,8.0,5.5,9.7,10.9,8.49,37.8,Winter
2010-07-09,186.0,8.1,234.0,0.0,8.0,12.6,3.0,0.6,8.0,10.2,11.16,37.1,Winter
2010-07-10,159.0,6.0,156.0,0.0,5.9,12.1,0.6,-1.5,6.8,9.2,11.86,36.7,Winter
2010-07-11,111.0,5.9,146.0,0.0,5.2,11.0,-0.7,-1.7,7.3,8.4,7.65,36.4,Winter
2010-07-12,125.0,6.2,175.0,0.0,8.9,13.1,5.6,1.9,8.6,8.8,10.9,36.2,Winter
2010-07-13,196.0,8.0,287.0,0.0,9.4,14.0,6.7,2.8,8.2,9.1,11.28,35.9,Winter
2010-07-14,180.0,8.0,227.0,0.0,7.6,13.4,2.0,0.1,7.7,8.9,11.95,35.7,Winter
2010-07-15,277.0,5.9,122.0,0.0,6.4,13.7,0.1,-1.2,8.2,8.5,9.67,35.3,Winter
2010-07-16,54.0,15.6,308.0,14.3,9.7,13.6,5.3,6.6,11.3,9.4,1.94,39.7,Winter
2010-07-17,272.0,13.2,302.0,1.7,10.2,15.8,5.6,4.5,10.8,9.9,9.1,41.2,Winter
2010-07-18,226.0,10.7,237.0,0.0,10.2,16.0,4.8,2.5,10.5,9.7,11.33,38.5,Winter
2010-07-19,227.0,8.3,158.0,0.1,8.0,13.2,3.1,1.3,10.0,9.6,6.2,37.7,Winter
2010-07-20,244.0,6.2,179.0,0.1,9.8,14.4,5.9,4.7,10.1,10.0,9.76,37.5,Winter
2010-07-21,13.0,15.3,390.0,14.6,12.5,14.5,7.3,6.6,13.7,10.8,1.36,42.3,Winter
2010-07-22,38.0,12.3,335.0,36.3,13.7,16.4,11.3,9.6,14.3,12.4,6.95,51.7,Winter
2010-07-23,182.0,6.9,185.0,15.9,10.6,14.2,7.1,11.9,11.9,11.6,4.14,49.3,Winter
2010-07-24,224.0,8.5,302.0,0.0,11.6,16.5,8.1,5.0,11.3,11.4,12.5,44.3,Winter
2010-07-25,231.0,9.8,237.0,0.0,9.4,14.9,5.2,3.2,10.1,10.8,10.23,39.2,Winter
2010-07-26,213.0,11.8,244.0,3.2,8.8,14.9,4.9,3.7,10.1,10.5,8.91,38.7,Winter
2010-07-27,290.0,18.4,517.0,6.6,10.1,14.0,6.1,5.7,10.6,10.3,8.23,43.1,Winter
2010-07-28,222.0,12.6,337.0,1.4,10.4,14.2,7.4,4.8,10.2,10.5,11.97,42.5,Winter
2010-07-29,217.0,11.4,217.0,0.4,8.5,14.0,4.2,3.3,9.7,10.2,12.26,39.0,Winter
2010-07-30,81.0,5.4,133.0,0.0,7.8,14.0,4.1,2.6,9.2,10.0,12.09,38.5,Winter
2010-07-31,358.0,10.4,219.0,0.0,9.5,14.9,3.4,2.2,10.2,9.9,8.08,38.1,Winter
2010-08-01,28.0,16.4,483.0,4.6,13.5,14.8,11.5,9.6,12.9,10.9,2.3,38.1,Winter
2010-08-02,340.0,9.6,252.0,11.5,14.0,16.6,12.1,9.7,14.3,12.3,5.49,45.8,Winter
2010-08-03,2.0,12.1,254.0,5.7,14.3,16.6,11.9,11.0,15.4,12.7,2.74,49.3,Winter
2010-08-04,276.0,18.9,467.0,22.6,14.1,15.8,10.8,11.4,14.8,13.4,1.49,49.4,Winter
2010-08-05,251.0,13.1,321.0,3.6,11.9,16.0,8.2,4.1,12.3,12.7,10.51,46.3,Winter
2010-08-06,36.0,6.2,190.0,0.0,10.6,15.5,5.1,4.5,11.3,12.0,9.22,40.2,Winter
2010-08-07,343.0,14.2,328.0,15.4,12.3,14.8,9.7,9.7,13.1,12.3,2.27,45.1,Winter
2010-08-08,287.0,18.8,428.0,5.5,10.6,14.2,7.6,6.2,11.3,12.0,9.73,48.7,Winter
2010-08-09,279.0,15.6,491.0,4.7,10.2,13.8,6.5,7.9,10.1,11.1,11.92,45.3,Winter
2010-08-10,143.0,7.3,211.0,0.0,7.4,13.4,1.5,3.8,7.4,10.5,14.92,40.2,Winter
2010-08-11,281.0,6.0,120.0,0.0,6.6,14.4,0.9,0.0,8.1,9.9,10.19,39.5,Winter
2010-08-12,28.0,13.8,321.0,0.0,8.8,14.1,1.6,0.4,9.2,9.7,8.19,39.2,Winter
2010-08-13,10.0,22.7,743.0,5.3,14.8,15.7,13.4,9.6,14.1,11.6,2.0,38.9,Winter
2010-08-14,319.0,19.4,250.0,24.1,14.1,16.0,12.4,13.8,15.3,13.3,1.92,50.5,Winter
2010-08-15,250.0,15.4,482.0,0.0,13.1,15.1,12.1,8.8,13.0,12.8,7.89,44.3,Winter
2010-08-16,248.0,9.7,300.0,0.0,12.8,16.0,11.8,10.3,12.4,12.7,7.94,41.7,Winter
2010-08-17,247.0,15.2,632.0,3.1,14.6,18.2,11.3,10.4,13.8,13.1,9.9,41.3,Winter
2010-08-18,279.0,26.2,647.0,11.9,10.4,13.7,7.6,6.7,10.5,12.1,10.71,50.8,Winter
2010-08-19,226.0,17.5,488.0,2.0,11.3,14.2,8.2,4.1,10.5,11.5,11.11,46.2,Winter
2010-08-20,284.0,11.6,323.0,8.1,10.8,14.4,6.1,4.1,12.3,11.4,2.65,46.1,Winter
2010-08-21,288.0,16.5,563.0,4.7,13.6,16.6,10.4,6.7,13.2,12.5,7.94,46.5,Winter
2010-08-22,242.0,14.1,429.0,0.2,11.3,14.7,7.3,5.8,11.0,12.1,13.6,42.7,Winter
2010-08-23,238.0,12.4,307.0,0.0,10.1,15.2,6.1,2.0,10.5,11.5,12.33,40.9,Winter
2010-08-24,234.0,10.0,217.0,0.4,8.1,14.2,4.7,1.5,9.2,11.2,5.26,40.5,Winter
2010-08-25,35.0,15.1,411.0,17.4,10.2,13.9,4.1,0.3,11.6,10.9,3.9,44.5,Winter
2010-08-26,273.0,9.5,323.0,0.0,13.0,15.3,10.7,8.0,13.4,12.5,6.86,49.2,Winter
2010-08-27,284.0,6.0,136.0,8.4,12.0,14.8,8.6,5.4,12.9,12.9,5.95,50.4,Winter
2010-08-28,292.0,13.8,400.0,0.0,12.3,17.6,6.6,3.5,12.3,12.7,12.88,43.3,Winter
2010-08-29,287.0,15.6,451.0,2.9,11.2,15.1,9.2,7.1,11.3,12.4,10.31,42.0,Winter
2010-08-30,289.0,15.8,432.0,2.7,10.7,14.7,7.9,5.1,10.5,11.5,12.06,48.0,Winter
2010-08-31,225.0,13.9,355.0,1.4,11.5,15.3,8.5,5.8,11.0,11.8,14.48,42.6,Winter
2010-09-01,201.0,6.2,155.0,0.0,11.0,16.1,4.9,0.5,9.9,12.6,15.62,42.3,Spring
2010-09-02,261.0,17.4,369.0,3.6,9.6,13.6,3.6,0.4,10.9,11.3,5.3,42.1,Spring
2010-09-03,236.0,22.8,602.0,1.6,10.7,13.4,8.6,5.6,9.8,11.3,10.23,44.0,Spring
2010-09-04,224.0,21.4,471.0,0.0,10.4,14.0,8.0,3.3,8.9,10.6,13.53,42.8,Spring
2010-09-05,281.0,12.5,320.0,0.0,10.2,15.6,4.4,0.4,9.8,11.3,14.15,41.7,Spring
2010-09-06,293.0,16.4,563.0,0.0,14.2,17.3,10.3,7.6,12.9,12.4,7.07,41.2,Spring
2010-09-07,276.0,12.4,285.0,17.0,14.0,15.7,12.4,11.5,15.0,14.1,2.62,49.8,Spring
2010-09-08,127.0,5.9,166.0,2.8,13.7,17.1,11.4,10.6,13.1,14.5,12.88,45.3,Spring
2010-09-09,276.0,12.4,285.0,16.6,13.8,17.0,12.3,11.4,14.5,14.6,4.9,48.1,Spring
2010-09-10,247.0,11.0,330.0,0.0,12.1,16.4,6.5,3.6,11.4,13.8,15.39,45.5,Spring
2010-09-11,334.0,13.8,375.0,10.2,12.2,16.5,6.4,4.1,13.4,12.9,3.11,45.2,Spring
2010-09-12,288.0,27.6,935.0,9.1,15.4,18.1,12.8,11.7,14.9,14.9,12.18,49.8,Spring
2010-09-13,229.0,14.0,388.0,1.3,12.6,16.0,9.4,6.6,11.6,14.1,15.53,44.6,Spring
2010-09-14,299.0,18.1,444.0,6.0,12.4,17.3,8.2,5.5,11.7,13.7,12.56,51.4,Spring
2010-09-15,215.0,19.3,554.0,1.7,11.1,14.9,5.9,2.2,9.9,13.1,17.3,49.0,Spring
2010-09-16,63.0,11.3,239.0,20.6,11.6,17.1,5.6,3.2,12.3,12.8,2.85,17.5,Spring
2010-09-17,286.0,14.0,573.0,8.5,12.5,17.9,8.4,4.4,11.0,13.1,13.58,40.6,Spring
2010-09-18,270.0,13.9,707.0,2.0,12.6,16.0,8.6,7.2,11.1,12.2,15.72,44.6,Spring
2010-09-19,284.0,13.9,797.0,4.6,13.1,15.9,10.2,8.4,11.7,13.1,14.53,51.9,Spring
2010-09-20,291.0,14.0,707.0,1.8,12.3,15.7,9.3,7.9,10.8,12.3,18.06,52.3,Spring
2010-09-21,273.0,13.8,643.0,1.7,12.5,15.4,10.0,8.7,11.4,12.6,14.83,51.5,Spring
2010-09-22,249.0,18.0,697.0,12.6,10.4,12.8,6.7,6.5,9.4,11.5,13.82,40.1,Spring
2010-09-23,216.0,14.0,564.0,4.4,11.8,14.7,9.3,6.5,10.6,11.5,18.61,50.7,Spring
2010-09-24,277.0,13.9,560.0,1.1,12.1,16.4,7.3,1.7,11.6,12.2,15.73,50.5,Spring
2010-09-25,281.0,15.4,663.0,1.1,13.7,17.1,11.2,10.2,12.9,13.4,14.7,52.0,Spring
2010-09-26,258.0,13.8,442.0,0.0,13.9,18.1,11.0,8.0,13.2,14.0,16.85,37.3,Spring
2010-09-27,272.0,8.3,299.0,0.0,14.7,18.9,10.1,7.1,13.4,14.9,17.79,37.3,Spring
2010-09-28,46.0,7.5,160.0,0.0,14.0,20.3,9.7,7.0,12.9,15.4,18.51,51.0,Spring
2010-09-29,242.0,9.6,310.0,0.0,14.2,19.4,8.4,4.7,13.6,15.6,21.39,38.3,Spring
2010-09-30,352.0,13.2,467.0,0.0,16.1,17.5,14.7,13.5,16.2,15.6,3.98,44.9,Spring
2010-10-01,220.0,10.3,330.0,9.9,12.5,17.7,6.5,1.9,11.8,14.9,10.54,44.3,Spring
2010-10-02,202.0,10.8,298.0,0.0,10.9,15.8,5.7,0.9,9.3,13.3,19.95,50.4,Spring
2010-10-03,221.0,9.6,243.0,0.0,11.8,17.1,6.9,1.6,10.2,13.5,18.88,48.6,Spring
2010-10-04,103.0,6.5,162.0,0.0,10.9,16.8,5.2,0.3,10.0,14.2,21.46,49.8,Spring
2010-10-05,54.0,7.2,191.0,0.0,11.2,17.5,4.7,-0.2,10.4,14.3,23.62,41.6,Spring
2010-10-06,222.0,7.0,125.0,0.0,12.5,17.0,7.4,3.4,11.1,14.8,10.96,43.2,Spring
2010-10-07,247.0,11.0,330.0,0.0,11.5,17.0,6.7,3.5,11.0,14.2,16.35,45.5,Spring
2010-10-08,3.0,10.1,275.0,0.0,12.4,18.8,5.5,2.2,11.2,14.4,15.12,43.7,Spring
2010-10-09,284.0,14.0,509.0,1.5,13.6,16.6,9.1,5.4,11.5,14.8,21.42,44.8,Spring
2010-10-10,276.0,12.8,337.0,0.0,10.8,16.1,4.3,-0.1,9.1,13.8,18.6,50.4,Spring
2010-10-11,262.0,13.6,480.0,5.4,9.3,12.6,7.4,3.7,8.4,13.0,16.81,51.4,Spring
2010-10-12,176.0,13.4,437.0,0.8,10.4,15.3,6.0,2.2,6.9,12.7,24.11,50.2,Spring
2010-10-13,178.0,12.4,376.0,18.7,13.1,16.3,9.7,8.5,11.8,13.2,7.45,51.3,Spring
2010-10-14,172.0,7.6,211.0,2.0,14.6,18.4,11.8,9.1,13.7,15.7,22.51,50.6,Spring
2010-10-15,234.0,11.8,383.0,0.0,14.2,18.2,10.7,8.7,13.4,15.9,17.04,37.3,Spring
2010-10-16,278.0,8.3,284.0,0.0,14.0,19.3,10.6,7.4,12.1,16.5,23.4,49.4,Spring
2010-10-17,280.0,13.8,440.0,1.9,14.2,17.9,9.8,5.2,13.8,15.7,7.81,47.4,Spring
2010-10-18,233.0,13.8,543.0,1.0,12.5,15.7,7.9,3.0,10.6,15.3,23.65,50.5,Spring
2010-10-19,282.0,11.4,343.0,0.0,11.3,17.2,4.9,-0.5,10.0,14.8,22.1,49.8,Spring
2010-10-20,230.0,13.8,543.0,2.7,12.0,14.5,9.9,7.3,10.0,14.8,21.89,49.8,Spring
2010-10-21,268.0,13.8,615.0,1.4,12.1,15.8,9.3,7.8,10.3,14.2,22.17,51.1,Spring
2010-10-22,229.0,13.6,436.0,0.0,13.1,16.6,9.9,6.0,9.6,14.6,22.5,39.5,Spring
2010-10-23,219.0,8.0,213.0,0.0,13.3,19.6,6.5,1.2,10.9,15.7,27.22,41.6,Spring
2010-10-24,7.0,8.0,195.0,0.0,12.8,19.5,5.2,0.2,11.5,16.3,26.0,41.6,Spring
2010-10-25,70.0,6.6,149.0,0.0,14.7,20.1,8.9,5.9,12.5,17.0,19.98,28.2,Spring
2010-10-26,66.0,6.5,190.0,0.0,14.2,20.8,7.3,2.9,12.0,17.6,27.75,44.6,Spring
2010-10-27,100.0,8.3,233.0,0.0,13.6,18.4,8.1,3.5,12.8,16.9,16.7,28.4,Spring
2010-10-28,76.0,8.8,246.0,0.0,13.9,18.8,9.3,5.4,12.4,17.2,22.34,48.3,Spring
2010-10-29,102.0,9.2,269.0,0.0,14.1,19.5,8.7,4.8,12.3,17.9,27.06,45.1,Spring
2010-10-30,49.0,13.0,399.0,3.1,13.6,17.1,9.3,5.2,12.8,16.5,10.19,50.7,Spring
2010-10-31,81.0,12.0,346.0,0.0,12.3,17.2,6.5,2.0,8.8,16.9,27.7,29.9,Spring
2010-11-01,73.0,9.2,245.0,0.0,12.7,17.3,6.3,1.8,9.8,16.7,25.86,41.6,Spring
2010-11-02,48.0,9.0,271.0,0.2,12.8,16.8,9.5,6.9,11.0,16.8,18.7,50.1,Spring
2010-11-03,82.0,9.5,237.0,0.0,12.1,18.0,5.8,1.5,10.8,17.0,25.74,41.6,Spring
2010-11-04,13.0,11.5,288.0,3.3,12.9,18.6,4.9,0.9,12.4,16.3,16.11,50.0,Spring
2010-11-05,241.0,13.8,449.0,1.1,14.9,17.1,10.9,7.3,13.5,17.1,20.63,28.2,Spring
2010-11-06,214.0,10.8,301.0,0.6,12.8,18.2,8.2,2.7,9.8,16.5,25.08,38.9,Spring
2010-11-07,82.0,7.8,243.0,0.0,12.5,17.3,6.6,2.2,10.1,16.7,22.19,49.4,Spring
2010-11-08,283.0,8.8,255.0,0.0,12.1,19.7,3.7,0.2,10.5,16.4,22.66,48.0,Spring
2010-11-09,87.0,9.0,237.0,0.0,12.2,18.5,5.7,2.0,11.5,16.5,19.26,39.8,Spring
2010-11-10,211.0,10.2,199.0,0.0,13.7,20.0,8.5,4.0,11.8,16.8,16.29,41.1,Spring
2010-11-11,251.0,10.5,288.0,1.1,12.9,17.4,6.6,2.4,13.2,16.4,13.81,43.3,Spring
2010-11-12,252.0,10.9,325.0,0.0,15.9,20.7,10.8,6.2,13.8,17.7,21.22,28.2,Spring
2010-11-13,247.0,11.7,317.0,0.0,14.6,20.8,7.8,3.7,12.6,17.5,24.05,48.3,Spring
2010-11-14,258.0,13.8,556.0,0.0,16.6,21.0,12.8,10.8,14.7,18.5,24.69,33.6,Spring
2010-11-15,255.0,13.6,435.0,0.3,15.7,19.8,9.0,4.7,14.8,17.5,12.67,27.5,Spring
2010-11-16,41.0,8.6,220.0,0.0,15.0,21.7,8.0,4.5,14.2,18.0,20.58,43.2,Spring
2010-11-17,279.0,8.8,164.0,0.1,17.3,24.5,10.3,8.6,14.6,19.8,29.19,18.8,Spring
2010-11-18,7.0,7.9,208.0,0.0,16.1,20.2,11.4,10.2,14.8,18.7,12.28,36.9,Spring
2010-11-19,65.0,10.0,323.0,1.2,17.3,19.2,15.2,14.1,18.2,18.6,8.3,33.4,Spring
2010-11-20,50.0,5.2,146.0,0.3,18.7,20.9,17.1,17.0,19.3,19.3,8.71,33.6,Spring
2010-11-21,220.0,13.8,464.0,13.2,16.4,18.0,14.4,13.1,14.0,19.2,23.68,50.7,Spring
2010-11-22,234.0,13.6,389.0,0.0,15.2,19.3,9.3,6.6,11.1,18.6,29.06,21.5,Spring
2010-11-23,111.0,9.7,248.0,3.3,12.8,16.0,8.8,6.5,12.5,17.1,10.95,50.7,Spring
2010-11-24,212.0,7.3,183.0,0.0,13.5,19.2,6.8,5.1,11.5,17.2,15.38,28.4,Spring
2010-11-25,226.0,13.2,393.0,0.0,14.0,19.5,7.2,5.7,11.9,17.7,26.75,49.2,Spring
2010-11-26,204.0,12.4,334.0,0.0,17.7,23.6,13.3,12.3,14.5,19.2,23.77,33.6,Spring
2010-11-27,200.0,7.8,208.0,0.0,17.0,23.7,11.1,9.8,14.9,19.5,20.68,18.7,Spring
2010-11-28,278.0,6.8,190.0,0.0,17.6,25.7,10.6,9.1,15.9,20.4,25.75,34.5,Spring
2010-11-29,82.0,7.8,181.0,0.0,19.0,23.6,14.4,13.4,16.9,21.2,19.59,23.7,Spring
2010-11-30,80.0,7.3,141.0,0.0,18.4,22.8,14.0,10.8,16.8,20.5,13.65,33.6,Spring
2010-12-01,118.0,7.6,212.0,0.0,17.6,23.1,12.0,9.2,15.5,20.7,23.86,33.6,Summer
2010-12-02,52.0,7.3,254.0,0.0,17.0,19.4,15.2,12.9,14.7,20.0,12.28,19.7,Summer
2010-12-03,58.0,7.1,220.0,0.0,17.4,21.4,14.2,11.4,14.7,20.2,18.02,38.5,Summer
2010-12-04,64.0,8.0,219.0,0.0,16.7,21.5,13.2,10.8,15.1,20.0,16.05,37.9,Summer
2010-12-05,240.0,10.4,227.0,0.0,17.5,22.5,13.7,8.6,14.1,19.9,18.09,37.5,Summer
2010-12-06,262.0,14.0,415.0,0.5,17.1,22.0,10.9,7.2,14.7,19.1,17.69,38.5,Summer
2010-12-07,240.0,13.0,435.0,4.9,17.9,20.8,14.3,11.2,16.0,19.3,17.63,21.0,Summer
2010-12-08,254.0,11.8,312.0,0.1,16.8,22.1,11.9,7.7,12.7,19.1,26.39,19.2,Summer
2010-12-09,260.0,8.0,221.0,0.2,15.7,21.0,10.7,7.1,13.7,18.7,15.97,37.3,Summer
2010-12-10,252.0,11.0,300.0,0.0,15.5,22.3,7.6,4.2,11.9,19.3,30.56,22.2,Summer
2010-12-11,287.0,14.0,598.0,0.0,17.3,22.7,11.4,8.1,14.0,19.5,30.43,16.2,Summer
2010-12-12,273.0,8.8,288.0,0.0,20.0,25.8,16.1,12.9,18.9,20.8,19.1,18.4,Summer
2010-12-13,74.0,8.8,280.0,0.1,18.9,25.0,11.7,8.6,17.6,21.8,27.8,46.7,Summer
2010-12-14,52.0,5.2,159.0,9.7,20.7,22.4,19.1,18.7,22.4,22.0,9.92,46.3,Summer
2010-12-15,66.0,7.3,206.0,0.0,21.1,25.3,18.6,18.7,19.4,22.6,19.4,46.9,Summer
2010-12-16,76.0,12.7,494.0,21.5,18.5,20.3,17.8,18.3,20.1,20.8,2.51,18.2,Summer
2010-12-17,354.0,10.4,368.0,18.9,19.8,22.2,18.8,18.3,21.1,20.6,5.52,47.3,Summer
2010-12-18,6.0,10.2,309.0,32.1,19.7,21.6,18.7,17.1,21.5,20.7,6.84,46.2,Summer
2010-12-19,344.0,13.4,313.0,39.6,20.0,21.5,18.8,18.4,21.5,20.6,3.58,25.3,Summer
2010-12-20,357.0,9.6,284.0,5.0,20.5,23.6,17.8,17.7,21.9,21.4,16.35,50.7,Summer
2010-12-21,357.0,13.1,401.0,0.0,23.1,27.7,20.3,19.3,21.7,23.0,23.98,16.6,Summer
2010-12-22,252.0,12.7,350.0,0.0,22.7,28.4,18.7,16.7,21.3,23.3,24.1,51.4,Summer
2010-12-23,249.0,8.4,221.0,0.0,21.0,25.3,16.6,16.1,15.9,23.5,29.89,22.5,Summer
2010-12-24,264.0,13.7,313.0,0.6,19.0,24.3,15.9,15.5,17.8,22.5,16.42,35.4,Summer
2010-12-25,203.0,12.2,310.0,0.0,16.7,19.9,13.0,12.3,12.7,20.7,19.0,33.8,Summer
2010-12-26,255.0,8.2,205.0,0.0,17.4,23.7,10.8,8.6,13.9,21.2,28.9,34.8,Summer
2010-12-27,211.0,12.7,355.0,0.0,19.3,24.6,12.9,12.4,18.5,21.7,19.09,10.6,Summer
2010-12-28,340.0,13.9,524.0,9.8,20.3,24.7,14.7,14.1,19.3,21.3,6.36,47.6,Summer
2010-12-29,70.0,7.3,224.0,0.0,17.3,21.6,13.0,13.0,13.8,21.0,25.54,20.1,Summer
2010-12-30,112.0,10.7,381.0,0.0,19.0,21.4,14.9,14.5,19.0,21.0,10.4,21.9,Summer
2010-12-31,232.0,10.4,213.0,0.0,19.6,23.4,15.9,14.6,18.4,21.4,15.57,43.5,Summer
2011-01-01,230.0,13.0,426.0,0.0,18.3,22.1,14.6,13.0,14.6,20.5,25.67,20.1,Summer
2011-01-02,19.0,8.4,199.0,0.0,18.6,24.1,11.4,10.2,16.2,21.3,25.62,34.5,Summer
2011-01-03,226.0,8.0,167.0,0.0,19.3,25.5,11.6,11.0,16.7,22.0,24.9,26.8,Summer
2011-01-04,58.0,7.6,187.0,0.0,19.1,24.8,13.8,13.3,17.4,22.1,23.7,26.1,Summer
2011-01-05,46.0,12.8,439.0,0.0,20.0,24.0,15.7,15.1,17.7,22.6,28.56,26.9,Summer
2011-01-06,36.0,11.6,390.0,1.5,20.9,23.6,19.0,18.4,21.0,22.3,16.1,33.0,Summer
2011-01-07,344.0,6.7,179.0,0.4,22.0,27.9,16.7,16.0,21.8,22.8,16.37,45.0,Summer
2011-01-08,60.0,9.4,309.0,0.0,20.7,25.5,17.1,16.8,16.9,23.3,30.4,47.9,Summer
2011-01-09,84.0,11.0,395.0,0.0,18.6,21.1,15.6,14.4,15.0,22.3,23.57,32.5,Summer
2011-01-10,67.0,8.4,231.0,0.0,18.7,22.8,14.7,14.3,14.0,22.7,30.85,13.9,Summer
2011-01-11,53.0,8.7,210.0,0.0,17.4,22.7,12.6,12.5,14.6,22.1,21.34,18.7,Summer
2011-01-12,269.0,13.0,328.0,0.0,18.6,24.5,12.2,11.8,15.1,22.0,25.89,37.5,Summer
2011-01-13,87.0,7.8,230.0,0.0,18.8,23.1,14.6,14.0,15.3,22.1,19.89,14.9,Summer
2011-01-14,76.0,8.8,228.0,0.1,18.2,23.9,11.9,12.3,16.1,22.3,25.14,50.5,Summer
2011-01-15,58.0,8.8,223.0,0.0,18.3,24.4,12.2,11.7,15.1,22.5,28.49,19.6,Summer
2011-01-16,73.0,8.3,188.0,0.0,18.4,25.3,11.2,10.6,15.5,22.8,28.41,19.6,Summer
2011-01-17,54.0,8.2,231.0,3.2,19.2,23.2,13.4,12.7,20.2,22.1,10.21,26.3,Summer
2011-01-18,3.0,13.9,537.0,6.7,22.5,23.9,21.7,21.6,24.9,22.6,6.0,44.6,Summer
2011-01-19,236.0,13.1,431.0,2.0,20.4,23.4,14.8,13.7,17.8,22.0,22.99,10.3,Summer
2011-01-20,77.0,11.4,320.0,0.0,18.8,24.8,12.3,12.6,15.1,22.0,28.85,19.6,Summer
2011-01-21,100.0,13.6,410.0,11.1,18.0,20.7,16.2,16.6,16.9,21.1,9.31,16.8,Summer
2011-01-22,82.0,13.0,308.0,19.4,17.1,19.0,15.5,16.8,18.0,20.1,4.59,51.7,Summer
2011-01-23,24.0,13.9,618.0,73.6,20.0,23.0,16.1,16.3,21.6,19.6,4.44,35.0,Summer
2011-01-24,283.0,13.9,633.0,2.3,18.1,21.2,14.3,14.2,16.9,19.9,23.72,43.2,Summer
2011-01-25,220.0,6.6,184.0,0.0,18.1,22.3,13.5,14.1,16.3,19.9,11.99,31.1,Summer
2011-01-26,74.0,7.6,192.0,0.0,19.5,25.2,14.6,15.5,17.3,21.5,26.9,31.0,Summer
2011-01-27,234.0,8.2,195.0,0.0,19.7,26.7,13.2,14.1,16.7,22.4,29.93,16.4,Summer
2011-01-28,96.0,11.4,323.0,100.4,18.0,20.6,14.6,15.7,19.2,20.9,3.07,42.1,Summer
2011-01-29,230.0,13.8,588.0,40.0,18.7,21.3,13.3,13.1,16.2,20.1,22.94,51.5,Summer
2011-01-30,248.0,12.8,327.0,0.0,17.3,21.8,12.5,12.7,13.4,19.8,23.81,37.2,Summer
2011-01-31,271.0,14.1,620.0,0.0,18.7,22.2,14.6,14.3,16.3,19.8,19.72,23.7,Summer
2011-02-01,255.0,13.1,454.0,1.4,20.2,23.4,16.8,16.1,18.1,21.1,27.28,48.0,Summer
2011-02-02,264.0,13.8,460.0,0.0,20.1,24.6,15.8,15.9,18.9,21.0,20.4,51.6,Summer
2011-02-03,249.0,9.2,374.0,1.9,21.3,24.7,18.9,18.0,22.3,21.6,10.59,22.2,Summer
2011-02-04,260.0,13.7,450.0,0.6,21.3,23.9,19.8,19.8,22.5,21.9,12.08,32.1,Summer
2011-02-05,262.0,10.0,381.0,0.1,22.1,26.1,19.7,19.4,22.2,22.6,23.32,46.4,Summer
2011-02-06,245.0,9.2,274.0,0.0,22.0,25.6,19.4,19.1,20.5,22.4,14.85,21.9,Summer
2011-02-07,260.0,7.7,187.0,0.0,22.1,26.9,18.4,19.1,20.4,22.8,17.13,43.1,Summer
2011-02-08,288.0,8.7,198.0,0.0,21.0,25.9,15.8,16.7,20.0,22.8,17.88,21.1,Summer
2011-02-09,192.0,7.4,206.0,6.8,18.3,21.5,15.6,16.2,16.4,21.7,11.58,40.5,Summer
2011-02-10,235.0,10.4,289.0,0.0,18.2,22.2,14.9,14.6,14.2,21.2,24.46,42.2,Summer
2011-02-11,66.0,8.1,202.0,0.0,18.9,24.6,11.3,13.1,16.5,21.7,26.47,49.3,Summer
2011-02-12,85.0,12.5,445.0,1.2,20.8,22.6,19.6,19.5,21.0,22.2,10.75,31.0,Summer
2011-02-13,54.0,8.5,263.0,0.0,21.5,25.5,18.7,19.4,21.5,22.8,15.46,51.9,Summer
2011-02-14,229.0,11.2,253.0,0.0,21.0,26.3,16.1,17.3,19.7,22.5,20.43,48.7,Summer
2011-02-15,221.0,10.3,228.0,1.0,20.4,25.1,15.4,15.4,18.1,22.2,17.65,15.0,Summer
2011-02-16,68.0,12.1,397.0,5.0,20.0,23.0,18.7,17.8,18.9,22.1,12.77,28.7,Summer
2011-02-17,57.0,10.6,419.0,0.0,19.4,21.9,14.6,15.4,15.8,21.7,22.38,43.2,Summer
2011-02-18,87.0,8.4,217.0,0.0,18.4,23.4,13.3,15.0,14.8,21.6,26.96,43.5,Summer
2011-02-19,195.0,6.8,170.0,0.0,18.3,25.5,11.2,12.8,14.5,21.0,23.3,37.9,Summer
2011-02-20,226.0,7.0,188.0,0.0,19.3,24.6,13.7,15.4,17.2,21.3,19.14,23.7,Summer
2011-02-21,79.0,10.5,291.0,1.3,20.5,24.4,18.1,18.4,20.4,21.8,15.86,33.0,Summer
2011-02-22,4.0,8.3,215.0,9.5,20.4,24.0,17.0,18.1,20.9,21.9,12.96,26.5,Summer
2011-02-23,222.0,9.5,240.0,0.0,19.4,23.9,16.4,15.7,17.5,21.6,16.68,17.4,Summer
2011-02-24,232.0,13.0,354.0,0.0,18.2,22.3,15.5,14.8,14.0,20.5,24.62,20.1,Summer
2011-02-25,224.0,13.5,352.0,0.0,18.5,23.0,14.0,13.9,14.8,19.9,22.03,48.6,Summer
2011-02-26,261.0,13.7,384.0,0.0,18.8,23.2,15.9,14.9,15.9,20.0,24.04,32.5,Summer
2011-02-27,223.0,12.4,343.0,0.0,17.8,22.4,12.4,13.0,13.6,19.6,26.02,20.1,Summer
2011-02-28,273.0,8.7,233.0,0.0,18.0,25.2,10.3,12.5,15.8,19.8,22.37,18.5,Summer
2011-03-01,30.0,10.1,270.0,0.0,18.8,24.5,13.2,14.4,16.1,20.3,20.37,23.7,Autumn
2011-03-02,285.0,10.8,283.0,0.5,20.2,24.4,17.3,16.3,18.8,20.5,9.3,17.4,Autumn
2011-03-03,180.0,7.8,200.0,0.3,19.8,22.6,17.0,17.7,19.0,21.0,11.71,18.5,Autumn
2011-03-04,303.0,12.2,309.0,8.6,21.8,26.2,19.6,18.6,20.9,21.4,14.04,29.3,Autumn
2011-03-05,7.0,10.2,256.0,45.5,20.3,22.7,17.8,18.4,21.7,21.3,4.76,52.2,Autumn
2011-03-06,232.0,13.8,392.0,5.7,15.8,19.0,12.1,10.7,13.6,19.6,16.75,44.6,Autumn
2011-03-07,169.0,10.0,285.0,0.0,14.4,20.2,9.7,10.0,10.1,18.5,26.82,50.5,Autumn
2011-03-08,72.0,6.6,219.0,0.0,15.0,20.7,9.1,11.4,10.9,18.8,25.82,44.9,Autumn
2011-03-09,73.0,7.1,208.0,0.0,15.3,20.6,9.2,11.3,13.0,18.8,20.07,28.2,Autumn
2011-03-10,81.0,6.7,154.0,0.0,14.9,21.6,8.3,10.9,12.7,18.6,16.83,37.3,Autumn
2011-03-11,230.0,9.0,220.0,0.0,14.5,22.1,7.5,10.6,12.4,17.9,17.04,37.3,Autumn
2011-03-12,198.0,6.5,162.0,0.0,16.0,22.7,8.9,11.0,14.2,18.2,15.43,49.0,Autumn
2011-03-13,91.0,8.2,195.0,0.0,16.7,23.2,10.7,12.6,15.9,18.6,14.48,51.7,Autumn
2011-03-14,48.0,8.0,188.0,0.0,17.2,23.7,11.4,13.2,15.2,18.9,20.39,18.7,Autumn
2011-03-15,24.0,7.9,165.0,0.0,16.8,23.8,10.2,11.9,14.5,19.0,24.54,33.6,Autumn
2011-03-16,29.0,8.7,183.0,10.4,17.7,23.7,13.2,14.5,16.9,19.4,17.23,37.4,Autumn
2011-03-17,82.0,8.0,175.0,0.0,17.9,24.3,12.8,14.8,17.2,19.6,13.37,48.2,Autumn
2011-03-18,279.0,8.8,235.0,5.7,17.7,24.2,13.9,15.9,17.8,19.6,10.47,11.2,Autumn
2011-03-19,186.0,8.5,200.0,5.7,17.3,22.6,12.8,13.6,14.8,19.4,18.11,51.7,Autumn
2011-03-20,52.0,7.6,228.0,0.0,16.5,22.7,9.8,11.4,15.7,18.9,16.51,38.6,Autumn
2011-03-21,96.0,13.8,496.0,49.5,18.9,19.9,17.5,18.0,20.0,19.6,1.9,44.1,Autumn
2011-03-22,188.0,13.4,357.0,23.7,19.5,23.1,17.4,17.2,19.4,19.5,11.16,51.5,Autumn
2011-03-23,73.0,13.5,348.0,0.0,18.7,23.1,14.9,15.8,17.8,19.6,12.04,18.5,Autumn
2011-03-24,83.0,14.1,673.0,0.9,19.1,21.5,17.2,16.5,15.7,19.3,15.61,40.3,Autumn
2011-03-25,82.0,13.6,589.0,11.3,18.4,19.7,17.4,16.9,18.0,19.0,4.53,36.1,Autumn
2011-03-26,57.0,11.9,373.0,30.4,20.0,21.1,18.0,18.6,22.2,19.8,4.1,52.4,Autumn
2011-03-27,270.0,9.9,300.0,1.0,20.6,22.5,18.7,18.2,21.9,20.5,5.65,48.2,Autumn
2011-03-28,202.0,12.2,348.0,0.2,17.5,20.7,14.7,14.1,13.9,19.6,16.23,37.9,Autumn
2011-03-29,246.0,9.6,257.0,0.0,16.5,21.3,11.8,12.9,14.1,18.9,14.67,22.4,Autumn
2011-03-30,46.0,6.0,150.0,0.0,15.5,21.6,10.7,13.0,12.7,18.6,18.96,36.3,Autumn
2011-03-31,272.0,9.4,222.0,0.0,14.5,21.5,8.2,10.2,13.4,18.0,16.61,37.3,Autumn
2011-04-01,238.0,9.9,236.0,0.6,17.2,21.4,14.1,15.5,15.2,18.6,13.78,27.5,Autumn
2011-04-02,216.0,6.6,155.0,0.0,15.4,21.0,10.2,12.2,13.5,18.5,15.44,33.7,Autumn
2011-04-03,14.0,9.8,229.0,0.0,15.7,22.1,9.0,11.7,14.9,18.1,13.7,27.5,Autumn
2011-04-04,357.0,9.2,266.0,0.0,18.1,23.2,13.8,15.0,16.1,18.7,13.07,44.7,Autumn
2011-04-05,289.0,13.8,588.0,4.8,13.7,17.5,11.3,10.5,11.9,17.3,15.07,49.6,Autumn
2011-04-06,247.0,13.6,358.0,0.0,14.0,19.3,8.4,10.8,11.4,16.5,15.73,44.0,Autumn
2011-04-07,264.0,13.8,536.0,3.3,15.2,18.9,11.0,11.2,13.0,16.4,13.56,24.6,Autumn
2011-04-08,229.0,11.8,296.0,0.7,14.7,18.9,9.4,11.8,12.8,16.5,17.3,37.3,Autumn
2011-04-09,218.0,6.4,156.0,0.0,14.5,22.0,8.0,10.7,13.4,16.7,16.01,37.3,Autumn
2011-04-10,58.0,6.1,147.0,0.0,14.8,19.8,9.5,10.6,13.9,17.0,9.63,41.8,Autumn
2011-04-11,21.0,4.5,94.0,0.0,14.7,21.8,9.6,10.9,13.7,17.0,10.11,47.8,Autumn
2011-04-12,216.0,5.9,130.0,0.0,13.8,21.0,7.4,9.2,12.7,16.9,17.75,42.5,Autumn
2011-04-13,138.0,5.1,125.0,0.0,14.8,21.2,10.6,11.4,14.0,17.1,9.69,47.4,Autumn
2011-04-14,43.0,6.4,141.0,0.0,15.5,23.2,10.9,12.8,13.0,17.3,16.22,37.3,Autumn
2011-04-15,4.0,8.9,226.0,0.0,16.2,22.4,9.8,11.2,14.8,17.3,12.29,36.9,Autumn
2011-04-16,23.0,13.4,367.0,13.2,18.2,20.2,15.5,16.2,18.4,18.0,3.13,44.8,Autumn
2011-04-17,257.0,11.9,330.0,2.2,16.2,20.9,13.6,13.4,15.8,17.8,10.93,25.6,Autumn
2011-04-18,259.0,13.6,536.0,5.6,12.3,16.1,6.7,9.2,10.5,15.8,10.16,51.5,Autumn
2011-04-19,255.0,10.7,279.0,0.0,11.8,17.3,3.6,6.5,9.9,14.8,17.18,52.0,Autumn
2011-04-20,232.0,11.2,298.0,0.0,14.8,18.8,10.0,11.1,12.9,15.6,10.23,49.2,Autumn
2011-04-21,65.0,6.2,142.0,0.1,13.8,20.9,7.7,9.9,12.7,15.8,15.3,49.9,Autumn
2011-04-22,57.0,10.2,249.0,1.5,15.3,19.3,10.7,11.8,14.6,16.3,8.47,50.6,Autumn
2011-04-23,58.0,7.5,256.0,0.0,16.3,20.8,11.2,12.5,14.6,16.6,12.35,36.9,Autumn
2011-04-24,21.0,8.6,265.0,0.2,17.2,20.1,12.4,13.2,17.0,17.0,7.09,26.1,Autumn
2011-04-25,60.0,13.4,319.0,24.9,17.4,18.8,16.0,16.6,17.8,17.5,2.47,51.9,Autumn
2011-04-26,124.0,13.0,327.0,24.6,16.9,18.2,15.8,16.5,17.6,17.5,3.41,51.9,Autumn
2011-04-27,286.0,7.8,224.0,6.7,14.7,18.2,9.3,11.0,14.9,17.4,7.98,24.1,Autumn
2011-04-28,117.0,12.7,429.0,7.2,14.9,16.8,9.1,10.9,14.1,16.4,4.13,50.4,Autumn
2011-04-29,103.0,12.5,450.0,0.0,15.2,17.7,13.6,12.3,11.6,16.0,9.07,20.3,Autumn
2011-04-30,98.0,13.4,453.0,0.0,15.2,17.3,13.4,13.2,13.0,15.8,8.3,49.4,Autumn
2011-05-01,82.0,13.9,793.0,7.2,16.9,18.2,14.8,15.5,15.3,16.2,3.27,27.0,Autumn
2011-05-02,67.0,13.8,572.0,25.7,16.3,18.0,14.4,14.2,17.3,16.4,2.24,40.5,Autumn
2011-05-03,8.0,10.4,213.0,11.0,16.5,19.1,13.3,13.5,17.4,16.8,4.61,26.4,Autumn
2011-05-04,44.0,5.0,131.0,0.0,15.5,19.7,10.8,12.0,15.8,16.6,6.77,13.8,Autumn
2011-05-05,90.0,5.3,157.0,0.0,14.2,19.7,8.6,10.7,14.8,16.2,9.38,41.8,Autumn
2011-05-06,356.0,12.8,311.0,5.3,17.5,20.3,15.8,15.1,18.1,17.0,5.17,24.8,Autumn
2011-05-07,16.0,13.8,365.0,23.7,15.6,18.9,10.7,12.2,14.2,16.8,12.16,51.6,Autumn
2011-05-08,339.0,12.8,254.0,0.6,15.1,19.9,9.8,11.4,13.5,16.4,12.07,43.3,Autumn
2011-05-09,308.0,7.5,173.0,0.0,13.5,20.6,7.5,9.6,13.6,16.0,12.55,46.4,Autumn
2011-05-10,51.0,9.3,257.0,0.0,14.6,18.8,9.9,11.4,14.9,16.1,7.21,51.6,Autumn
2011-05-11,57.0,14.0,562.0,38.6,18.4,20.2,15.6,14.2,19.0,17.1,0.91,21.9,Autumn
2011-05-12,22.0,7.6,173.0,0.0,16.7,22.6,11.4,12.0,16.4,17.3,11.27,36.6,Autumn
2011-05-13,276.0,10.3,311.0,0.0,16.2,21.6,13.6,12.8,15.4,17.0,8.58,13.9,Autumn
2011-05-14,292.0,10.8,328.0,0.0,14.4,19.2,9.7,10.5,13.6,16.2,9.79,41.8,Autumn
2011-05-15,275.0,14.0,478.0,0.6,14.1,19.6,10.6,10.6,13.4,15.4,8.11,51.6,Autumn
2011-05-16,183.0,13.9,775.0,2.8,14.6,17.2,10.9,10.6,13.1,14.8,7.83,50.4,Autumn
2011-05-17,268.0,14.0,743.0,1.6,15.1,17.0,13.1,13.0,13.8,15.0,6.94,50.7,Autumn
2011-05-18,277.0,12.8,365.0,3.2,11.2,14.0,4.5,5.9,10.0,14.2,10.26,50.9,Autumn
2011-05-19,227.0,12.0,258.0,0.0,10.2,15.3,3.5,5.4,10.3,13.0,7.18,51.6,Autumn
2011-05-20,228.0,9.0,205.0,0.0,12.4,16.2,7.9,8.4,12.3,13.6,8.25,49.8,Autumn
2011-05-21,248.0,9.8,266.0,0.0,12.9,17.2,9.3,8.6,12.1,13.8,8.77,49.8,Autumn
2011-05-22,205.0,6.8,160.0,0.0,11.5,18.0,6.7,8.0,11.6,13.6,10.38,49.5,Autumn
2011-05-23,87.0,3.9,111.0,0.0,10.7,19.1,4.9,6.5,11.2,13.3,11.35,43.2,Autumn
2011-05-24,7.0,7.4,163.0,0.0,12.4,18.4,5.4,6.3,12.6,13.3,10.88,44.6,Autumn
2011-05-25,4.0,13.9,518.0,4.1,17.3,18.4,15.7,13.5,16.2,14.8,2.68,51.2,Autumn
2011-05-26,95.0,17.1,510.0,61.3,17.7,19.1,15.6,14.7,18.4,16.4,0.98,37.7,Autumn
2011-05-27,256.0,11.9,348.0,0.7,14.4,18.4,10.6,8.9,14.5,15.8,9.46,43.6,Autumn
2011-05-28,240.0,13.5,345.0,0.5,13.2,16.9,10.3,8.9,11.8,14.4,7.88,50.6,Autumn
2011-05-29,203.0,10.8,181.0,0.0,10.0,14.9,5.4,5.3,10.6,13.4,9.12,50.6,Autumn
2011-05-30,260.0,9.0,195.0,0.0,10.0,14.2,4.5,5.0,10.1,12.8,5.94,47.5,Autumn
2011-05-31,226.0,11.4,264.0,0.2,10.8,15.4,8.0,6.9,11.3,12.8,8.31,46.6,Autumn
2011-06-01,219.0,8.0,201.0,0.0,10.4,16.7,4.9,4.8,10.9,12.2,6.28,47.5,Winter
2011-06-02,88.0,13.7,479.0,0.7,13.1,15.9,7.8,7.1,11.8,12.4,5.53,47.4,Winter
2011-06-03,53.0,13.9,758.0,0.7,14.5,16.2,12.5,12.0,13.0,13.1,2.1,48.5,Winter
2011-06-04,55.0,13.7,624.0,21.0,15.5,16.9,14.0,13.3,15.5,14.1,1.12,49.7,Winter
2011-06-05,10.0,7.5,181.0,4.2,16.4,20.4,13.0,11.4,16.0,15.0,9.41,49.1,Winter
2011-06-06,279.0,5.7,201.0,0.0,14.4,17.3,12.0,11.7,14.8,15.2,7.26,50.3,Winter
2011-06-07,303.0,10.6,271.0,0.0,12.9,17.8,9.2,10.0,13.3,14.3,6.83,47.5,Winter
2011-06-08,280.0,10.6,239.0,0.2,12.0,16.0,8.6,7.6,12.7,13.6,6.21,48.6,Winter
2011-06-09,347.0,4.5,114.0,0.0,10.8,15.1,6.6,7.5,11.6,13.1,4.65,40.9,Winter
2011-06-10,334.0,13.8,363.0,13.4,14.5,17.5,12.3,12.6,14.8,13.9,1.28,21.7,Winter
2011-06-11,279.0,8.0,312.0,1.0,13.5,15.5,12.2,11.6,13.9,14.0,2.86,49.5,Winter
2011-06-12,243.0,10.0,343.0,2.2,13.4,16.7,9.5,9.7,13.4,13.9,7.06,50.7,Winter
2011-06-13,222.0,10.1,207.0,0.0,11.4,15.4,8.4,8.7,11.0,13.2,6.28,47.5,Winter
2011-06-14,217.0,7.3,183.0,0.0,11.9,15.3,10.2,10.3,11.6,13.3,5.28,47.7,Winter
2011-06-15,215.0,12.2,295.0,0.0,12.3,15.3,9.9,10.2,11.1,13.2,6.72,50.6,Winter
2011-06-16,224.0,8.6,225.0,0.0,12.2,16.1,8.8,8.9,11.5,12.8,7.53,51.6,Winter
2011-06-17,76.0,13.9,661.0,10.8,14.2,15.2,11.9,10.9,13.1,12.9,1.37,50.0,Winter
2011-06-18,52.0,13.6,380.0,12.4,16.3,20.3,12.2,10.7,15.4,14.8,9.33,51.3,Winter
2011-06-19,284.0,14.0,427.0,4.5,13.5,16.4,10.7,9.8,13.2,13.8,5.39,50.3,Winter
2011-06-20,274.0,13.8,428.0,7.9,11.9,15.0,6.5,7.2,12.9,12.9,4.32,51.7,Winter
2011-06-21,231.0,12.4,294.0,1.4,12.7,16.6,7.8,8.4,12.4,13.5,9.55,50.9,Winter
2011-06-22,311.0,5.4,140.0,0.0,10.8,14.4,6.9,7.8,11.3,12.8,5.88,47.5,Winter
2011-06-23,261.0,13.6,311.0,5.4,12.3,16.9,6.8,7.7,12.6,12.7,5.39,51.8,Winter
2011-06-24,311.0,13.0,261.0,5.4,10.1,14.1,6.1,6.2,11.2,11.5,5.07,49.8,Winter
2011-06-25,229.0,13.6,492.0,14.0,11.0,14.3,7.2,8.2,10.8,11.7,7.43,51.6,Winter
2011-06-26,233.0,12.2,307.0,5.2,9.2,12.5,6.4,6.1,9.5,10.6,5.47,52.0,Winter
2011-06-27,253.0,10.7,233.0,1.0,8.8,15.0,2.3,4.0,9.9,10.0,9.75,51.9,Winter
2011-06-28,247.0,11.2,293.0,3.3,10.4,15.4,7.6,7.6,11.4,10.8,6.25,50.8,Winter
2011-06-29,171.0,10.7,310.0,5.1,9.4,12.0,6.2,6.7,9.5,10.5,7.48,50.5,Winter
2011-06-30,113.0,10.0,196.0,0.0,7.8,13.1,3.4,4.3,7.5,9.6,10.03,52.3,Winter
2011-07-01,175.0,5.4,130.0,0.0,7.0,14.7,2.4,3.5,8.3,9.0,10.48,50.9,Winter
2011-07-02,69.0,13.4,324.0,0.0,8.9,14.0,2.0,3.6,9.7,8.8,4.45,47.0,Winter
2011-07-03,82.0,13.6,496.0,3.0,11.8,14.4,10.2,8.9,11.6,10.7,6.68,50.2,Winter
2011-07-04,195.0,10.4,356.0,0.0,10.9,12.5,9.3,9.4,10.5,11.0,3.59,50.1,Winter
2011-07-05,237.0,13.6,510.0,0.0,11.9,13.9,10.7,9.3,10.6,11.0,6.55,47.9,Winter
2011-07-06,271.0,14.0,723.0,2.9,12.4,15.9,10.5,9.4,11.2,11.3,6.67,43.9,Winter
2011-07-07,286.0,13.2,433.0,2.7,11.7,16.0,8.3,7.8,11.3,11.1,6.28,49.1,Winter
2011-07-08,228.0,16.4,706.0,13.0,10.8,12.5,7.7,8.8,10.1,10.7,8.15,50.4,Winter
2011-07-09,281.0,14.0,768.0,0.0,13.3,15.7,11.0,9.3,11.3,11.1,8.67,41.6,Winter
2011-07-10,286.0,14.0,607.0,10.8,12.2,15.8,10.0,9.6,11.7,11.5,6.13,52.4,Winter
2011-07-11,283.0,13.8,467.0,3.1,12.2,15.8,9.5,8.5,11.3,11.2,8.66,49.4,Winter
2011-07-12,267.0,18.4,774.0,6.7,11.2,14.0,8.4,8.3,10.3,10.8,8.51,51.3,Winter
2011-07-13,282.0,16.2,674.0,0.1,13.5,16.5,10.6,10.1,12.4,11.9,8.83,50.6,Winter
2011-07-14,285.0,13.8,591.0,25.8,11.5,13.6,8.0,9.1,11.7,11.8,1.73,51.3,Winter
2011-07-15,247.0,13.6,532.0,5.9,8.6,11.8,6.4,7.4,8.8,10.0,8.9,50.5,Winter
2011-07-16,231.0,13.4,321.0,2.8,9.7,13.7,6.5,6.2,10.3,9.9,9.19,48.3,Winter
2011-07-17,195.0,7.0,157.0,0.2,9.4,16.1,4.5,6.2,10.0,10.1,10.58,52.3,Winter
2011-07-18,56.0,5.8,134.0,0.0,7.8,14.8,2.1,4.4,9.5,9.5,11.67,52.3,Winter
2011-07-19,78.0,9.4,324.0,0.0,12.0,15.2,5.8,7.3,11.2,10.5,9.74,43.9,Winter
2011-07-20,57.0,13.7,484.0,0.2,12.5,14.8,11.4,9.8,10.7,11.2,6.66,51.9,Winter
2011-07-21,45.0,13.4,535.0,23.7,13.1,14.0,12.4,12.0,13.9,12.2,1.44,51.5,Winter
2011-07-22,82.0,13.6,511.0,28.3,13.3,14.0,12.5,12.8,14.3,12.8,2.16,52.2,Winter
2011-07-23,74.0,12.2,319.0,13.6,13.4,16.0,10.3,12.1,14.2,13.5,5.42,51.8,Winter
2011-07-24,217.0,14.8,407.0,3.1,11.2,13.7,7.2,8.7,11.2,12.8,5.79,51.6,Winter
2011-07-25,270.0,16.9,534.0,7.2,6.4,8.8,2.9,6.4,7.6,9.9,7.95,50.5,Winter
2011-07-26,246.0,11.9,284.0,0.0,5.8,12.2,0.2,4.9,7.2,8.9,9.93,52.3,Winter
2011-07-27,278.0,14.0,381.0,0.0,8.9,14.9,1.7,4.9,9.4,9.2,10.67,51.9,Winter
2011-07-28,222.0,9.5,244.0,5.0,11.3,14.9,6.5,8.1,11.4,11.0,9.69,52.1,Winter
2011-07-29,259.0,12.4,297.0,0.0,9.8,13.8,6.5,7.5,10.0,10.6,8.12,50.7,Winter
2011-07-30,276.0,13.7,344.0,0.8,10.2,14.3,6.9,8.0,10.6,10.7,8.76,43.4,Winter
2011-07-31,228.0,6.5,178.0,0.0,8.5,13.4,3.0,5.8,8.6,10.2,9.26,46.9,Winter
2011-08-01,183.0,7.4,133.0,0.6,8.8,13.4,5.3,7.4,9.7,10.5,7.29,47.0,Winter
2011-08-02,177.0,7.2,160.0,0.0,9.3,13.1,6.3,7.7,9.2,10.8,11.16,46.9,Winter
2011-08-03,177.0,7.3,214.0,0.0,8.7,13.0,3.3,5.5,8.8,10.3,8.17,49.8,Winter
2011-08-04,216.0,12.1,329.0,0.0,9.9,14.8,7.2,5.8,8.4,10.1,13.8,50.1,Winter
2011-08-05,236.0,11.3,322.0,1.6,11.5,14.1,7.9,7.7,11.4,10.7,4.21,46.9,Winter
2011-08-06,272.0,13.8,443.0,0.0,10.5,14.7,4.1,5.3,10.9,10.5,7.33,47.9,Winter
2011-08-07,270.0,14.0,707.0,3.0,12.8,16.0,9.6,9.2,11.7,11.7,6.85,40.6,Winter
2011-08-08,219.0,12.2,318.0,0.0,9.9,13.3,4.6,6.4,9.1,10.6,7.42,47.0,Winter
2011-08-09,60.0,7.4,167.0,0.0,10.6,13.5,7.2,9.1,9.3,11.2,6.07,52.2,Winter
2011-08-10,46.0,10.0,320.0,0.0,11.5,14.2,4.8,6.7,10.9,11.1,6.06,47.9,Winter
2011-08-11,354.0,9.0,217.0,12.1,14.1,18.3,11.2,11.0,14.0,12.9,9.05,50.9,Winter
2011-08-12,290.0,9.3,217.0,1.5,11.4,16.8,6.5,8.8,11.8,12.6,9.05,46.6,Winter
2011-08-13,216.0,7.0,156.0,0.0,10.2,14.0,5.2,8.1,11.2,11.9,7.24,47.5,Winter
2011-08-14,235.0,13.6,603.0,1.6,10.4,12.4,8.2,8.5,9.1,11.4,12.44,43.9,Winter
2011-08-15,268.0,13.7,571.0,9.9,5.8,9.6,1.7,5.0,7.2,9.2,9.52,52.0,Winter
2011-08-16,212.0,8.4,206.0,0.9,3.5,8.1,0.6,3.8,6.9,7.9,6.2,50.6,Winter
2011-08-17,198.0,8.6,246.0,0.0,4.8,11.9,-1.0,3.0,6.5,7.8,11.89,52.4,Winter
2011-08-18,187.0,9.4,293.0,0.0,7.5,12.7,3.0,3.7,7.0,8.3,14.44,52.1,Winter
2011-08-19,189.0,7.8,280.0,0.0,7.0,12.9,1.8,4.2,6.6,8.7,15.53,52.5,Winter
2011-08-20,254.0,8.5,213.0,0.0,6.8,13.7,1.5,3.7,7.3,8.7,14.5,52.5,Winter
2011-08-21,196.0,9.2,225.0,0.0,6.3,13.8,-0.5,2.9,7.5,8.5,13.01,52.5,Winter
2011-08-22,58.0,9.0,161.0,0.0,7.8,15.7,0.9,3.6,8.6,9.2,15.53,50.8,Winter
2011-08-23,255.0,8.0,213.0,0.0,9.9,15.5,3.8,6.3,10.1,10.2,10.73,52.3,Winter
2011-08-24,253.0,9.2,217.0,0.0,10.6,14.9,6.6,8.3,10.4,10.9,8.33,43.4,Winter
2011-08-25,226.0,6.1,174.0,0.0,10.7,14.6,5.6,7.2,10.7,11.5,7.81,51.5,Winter
2011-08-26,255.0,6.2,137.0,0.0,9.0,17.4,2.6,4.9,9.4,11.1,15.5,49.5,Winter
2011-08-27,258.0,9.4,210.0,0.0,9.9,16.9,3.1,5.2,9.6,11.1,15.78,49.5,Winter
2011-08-28,72.0,5.8,125.0,0.0,10.5,17.5,4.1,6.5,10.7,11.6,12.37,43.9,Winter
2011-08-29,19.0,11.0,262.0,0.3,11.4,15.0,6.5,8.1,11.8,11.8,7.28,51.7,Winter
2011-08-30,283.0,7.8,204.0,6.5,15.4,20.7,12.7,12.9,15.8,13.7,8.77,50.7,Winter
2011-08-31,241.0,12.4,369.0,0.0,12.5,15.5,9.1,10.6,12.2,13.9,13.23,43.3,Winter
2011-09-01,274.0,14.0,402.0,0.4,10.9,15.1,6.4,9.1,10.3,12.7,11.24,50.6,Spring
2011-09-02,217.0,10.8,221.0,1.8,8.3,14.1,4.0,6.4,8.9,11.8,14.19,51.3,Spring
2011-09-03,231.0,13.2,304.0,0.0,8.6,13.7,3.0,5.8,8.8,11.0,12.53,52.3,Spring
2011-09-04,225.0,9.6,249.0,0.0,10.1,14.8,5.1,7.4,9.7,11.4,10.05,52.2,Spring
2011-09-05,89.0,7.1,179.0,0.0,9.6,16.6,3.8,6.4,9.8,11.5,17.38,49.5,Spring
2011-09-06,96.0,5.7,135.0,0.0,9.5,16.1,3.4,5.9,10.1,11.3,9.4,51.6,Spring
2011-09-07,54.0,4.8,130.0,0.0,10.4,16.2,4.5,7.1,10.4,11.8,10.06,51.3,Spring
2011-09-08,74.0,7.3,165.0,0.0,10.3,16.7,4.4,7.2,9.1,12.3,18.8,51.0,Spring
2011-09-09,86.0,6.2,137.0,0.0,8.8,16.4,2.4,5.8,8.5,11.8,15.99,49.5,Spring
2011-09-10,30.0,10.4,256.0,0.0,10.5,16.4,2.8,6.2,9.7,11.9,19.43,50.5,Spring
2011-09-11,293.0,13.9,578.0,19.5,13.2,16.4,9.4,11.2,12.3,12.9,7.58,50.9,Spring
2011-09-12,269.0,13.9,667.0,12.8,11.9,15.9,9.2,10.1,11.2,12.5,16.35,51.6,Spring
2011-09-13,249.0,13.9,697.0,14.7,10.8,14.0,8.4,9.5,9.8,11.7,15.63,50.1,Spring
2011-09-14,246.0,14.0,661.0,2.8,12.3,14.8,10.1,9.9,10.9,11.8,18.73,52.3,Spring
2011-09-15,194.0,14.1,685.0,0.8,12.8,16.1,9.6,10.7,11.6,12.5,12.73,43.3,Spring
2011-09-16,276.0,13.9,584.0,1.7,10.8,14.5,7.8,9.5,9.9,12.0,14.16,52.0,Spring
2011-09-17,267.0,13.8,423.0,10.7,10.5,14.7,7.5,8.6,11.0,11.8,11.28,51.4,Spring
2011-09-18,250.0,13.5,390.0,1.1,10.9,15.2,7.8,8.9,11.1,12.0,12.92,52.0,Spring
2011-09-19,201.0,13.4,251.0,8.8,10.5,16.2,5.6,8.5,11.2,12.1,9.31,50.2,Spring
2011-09-20,220.0,13.7,542.0,1.2,10.5,13.8,6.1,8.6,8.2,11.9,21.95,51.2,Spring
2011-09-21,258.0,12.1,344.0,0.0,9.8,14.4,3.8,6.9,9.1,11.4,11.31,52.3,Spring
2011-09-22,85.0,6.6,157.0,0.0,11.4,15.0,8.3,10.1,11.1,12.6,10.05,43.2,Spring
2011-09-23,54.0,8.4,229.0,0.0,12.3,15.8,6.4,10.6,10.6,13.7,21.37,49.5,Spring
2011-09-24,269.0,9.3,254.0,0.0,11.7,18.4,5.6,9.8,10.9,13.7,22.08,49.5,Spring
2011-09-25,231.0,11.4,340.0,1.6,10.3,13.2,7.3,10.1,11.0,13.1,5.85,51.6,Spring
2011-09-26,233.0,13.8,352.0,0.2,9.5,14.4,4.7,8.6,8.5,12.3,17.91,51.2,Spring
2011-09-27,75.0,7.4,158.0,0.0,8.8,15.0,1.3,7.1,8.7,12.2,16.2,51.1,Spring
2011-09-28,96.0,6.8,176.0,0.0,9.6,15.7,2.5,7.5,8.6,12.6,18.71,50.5,Spring
2011-09-29,90.0,10.6,301.0,0.0,12.4,16.2,9.0,10.8,10.5,13.6,20.46,51.7,Spring
2011-09-30,86.0,13.9,556.0,0.0,13.6,16.8,11.2,11.5,11.2,14.3,23.75,46.9,Spring
2011-10-01,78.0,13.4,528.0,0.5,13.7,15.2,12.2,12.8,13.2,14.1,5.91,49.1,Spring
2011-10-02,331.0,13.2,509.0,9.4,14.6,15.7,13.8,14.1,15.2,14.4,2.97,51.5,Spring
2011-10-03,8.0,14.0,609.0,15.7,16.3,17.7,14.6,14.7,16.3,15.0,4.92,50.4,Spring
2011-10-04,21.0,10.4,264.0,0.0,15.1,19.8,10.6,12.6,13.1,15.4,18.73,28.2,Spring
2011-10-05,26.0,11.3,341.0,2.6,13.0,18.2,7.3,11.9,12.7,14.9,13.95,50.8,Spring
2011-10-06,90.0,9.7,325.0,0.0,14.4,17.2,11.2,13.9,13.0,15.6,19.37,28.2,Spring
2011-10-07,223.0,12.4,332.0,0.0,12.9,17.6,7.8,12.7,11.0,15.5,22.51,51.8,Spring
2011-10-08,246.0,12.9,298.0,0.0,11.6,16.2,7.6,11.8,10.6,14.8,14.41,43.7,Spring
2011-10-09,52.0,8.8,255.0,0.0,11.5,16.0,6.6,11.6,11.0,14.5,14.05,43.7,Spring
2011-10-10,55.0,16.8,521.0,20.4,14.3,16.2,12.0,12.7,13.7,14.7,5.94,51.8,Spring
2011-10-11,74.0,7.4,218.0,1.5,15.9,19.4,11.8,14.0,16.4,15.7,11.39,49.9,Spring
2011-10-12,9.0,12.8,361.0,13.5,15.5,16.3,14.3,15.5,16.4,16.0,3.88,48.1,Spring
2011-10-13,243.0,13.0,328.0,10.9,14.3,17.4,9.3,13.6,14.3,16.1,13.01,51.4,Spring
2011-10-14,250.0,13.8,350.0,1.5,12.3,17.0,8.8,12.6,11.4,15.2,18.65,50.1,Spring
2011-10-15,292.0,13.0,318.0,0.0,12.1,17.6,7.3,11.8,11.3,14.9,17.39,52.3,Spring
2011-10-16,233.0,11.7,286.0,0.8,12.4,17.4,7.4,12.6,10.8,15.2,22.63,51.8,Spring
2011-10-17,7.0,12.2,311.0,6.4,13.8,19.2,6.8,12.8,13.8,15.3,12.73,46.6,Spring
2011-10-18,268.0,13.9,571.0,7.5,12.1,15.7,8.1,12.4,11.4,15.3,15.71,51.4,Spring
2011-10-19,312.0,12.7,406.0,16.8,10.4,14.7,7.5,11.4,10.9,14.2,14.06,52.3,Spring
2011-10-20,220.0,13.9,429.0,0.1,12.6,16.5,9.1,11.9,10.7,14.6,27.37,50.2,Spring
2011-10-21,260.0,14.0,710.0,0.0,15.0,19.5,10.6,13.0,13.2,15.2,26.85,19.2,Spring
2011-10-22,271.0,13.5,557.0,0.0,15.0,17.7,13.4,14.2,13.6,15.7,17.48,37.3,Spring
2011-10-23,231.0,10.0,262.0,0.0,14.2,17.1,8.6,14.0,13.3,15.9,10.96,44.1,Spring
2011-10-24,267.0,9.2,210.0,0.0,12.2,17.3,7.6,13.2,10.9,15.7,17.93,49.7,Spring
2011-10-25,318.0,6.9,165.0,0.0,13.5,19.9,8.5,13.9,11.5,16.5,24.8,49.2,Spring
2011-10-26,250.0,8.4,231.0,0.0,13.2,19.1,6.6,13.0,12.5,16.2,17.49,37.3,Spring
2011-10-27,49.0,7.6,222.0,0.0,15.8,20.4,11.0,14.8,14.4,17.1,20.01,51.0,Spring
2011-10-28,65.0,9.9,374.0,0.0,15.9,19.0,14.0,15.6,14.3,17.4,19.28,35.9,Spring
2011-10-29,55.0,9.1,312.0,4.6,15.8,18.6,13.7,16.4,15.4,17.6,12.91,51.2,Spring
2011-10-30,69.0,9.5,316.0,0.0,15.4,19.5,10.3,14.4,14.8,17.6,20.06,51.0,Spring
2011-10-31,78.0,12.1,446.0,0.0,16.2,18.6,13.9,15.4,15.5,17.7,14.69,27.5,Spring
2011-11-01,41.0,13.6,547.0,17.0,16.6,17.8,15.5,16.5,17.1,17.5,6.18,50.4,Spring
2011-11-02,272.0,14.1,563.0,0.7,16.6,19.5,13.7,15.6,15.0,17.6,18.57,35.9,Spring
2011-11-03,263.0,12.4,440.0,6.3,15.4,19.4,12.3,14.9,13.8,17.4,23.93,50.4,Spring
2011-11-04,258.0,11.5,433.0,0.9,14.4,18.0,10.9,14.8,11.6,17.5,22.64,50.4,Spring
2011-11-05,229.0,13.8,451.0,1.0,12.5,15.8,9.6,14.0,10.7,16.7,21.65,48.7,Spring
2011-11-06,260.0,14.0,504.0,1.8,12.3,16.9,7.2,12.9,11.5,16.0,17.23,50.9,Spring
2011-11-07,232.0,11.4,316.0,0.0,13.8,16.9,10.8,13.8,12.5,16.2,13.87,43.3,Spring
2011-11-08,210.0,12.0,367.0,0.0,14.5,18.2,10.6,14.2,13.4,16.3,16.09,37.3,Spring
2011-11-09,260.0,13.4,483.0,0.2,16.5,19.1,14.2,14.9,16.5,16.9,11.75,44.7,Spring
2011-11-10,267.0,14.0,618.0,2.0,16.2,19.5,12.6,14.1,14.3,17.1,23.45,38.5,Spring
2011-11-11,251.0,10.2,300.0,0.0,13.8,20.1,8.9,11.5,10.4,16.7,27.74,48.3,Spring
2011-11-12,276.0,7.4,158.0,0.2,13.9,19.9,7.9,12.4,12.7,17.0,14.1,43.3,Spring
2011-11-13,234.0,13.0,330.0,0.0,14.7,19.0,11.8,14.7,12.2,17.2,20.57,28.2,Spring
2011-11-14,234.0,13.4,393.0,0.0,14.1,18.4,10.2,13.4,11.1,16.5,19.65,50.1,Spring
2011-11-15,245.0,11.7,305.0,0.0,14.8,19.3,8.6,11.6,12.1,17.0,24.92,49.2,Spring
2011-11-16,235.0,13.8,446.0,4.4,14.7,18.9,10.6,13.4,12.7,17.4,26.47,51.7,Spring
2011-11-17,267.0,12.0,405.0,0.0,13.4,17.7,8.7,11.3,11.6,16.4,13.48,43.3,Spring
2011-11-18,234.0,13.8,542.0,0.4,14.4,17.3,11.6,12.8,11.2,16.3,23.18,31.7,Spring
2011-11-19,234.0,13.9,475.0,0.0,13.7,17.3,10.6,11.8,9.9,15.9,23.21,50.4,Spring
2011-11-20,234.0,16.0,537.0,0.0,14.5,18.2,11.0,12.3,11.3,16.2,24.75,50.4,Spring
2011-11-21,264.0,14.1,651.0,0.6,16.3,20.8,12.1,13.0,14.3,16.7,22.39,38.5,Spring
2011-11-22,261.0,11.6,382.0,0.0,16.1,20.5,10.7,13.0,12.7,17.4,25.1,37.2,Spring
2011-11-23,278.0,14.2,523.0,0.0,15.7,22.6,6.9,10.7,13.8,17.3,24.5,38.5,Spring
2011-11-24,290.0,14.2,653.0,6.4,15.9,18.7,12.8,13.4,13.6,17.3,17.91,52.5,Spring
2011-11-25,240.0,13.8,631.0,0.0,14.3,17.1,12.4,13.0,12.6,16.3,14.63,44.0,Spring
2011-11-26,263.0,13.7,628.0,0.0,14.9,18.3,13.3,13.3,12.8,16.3,15.93,28.8,Spring
2011-11-27,268.0,9.4,272.0,0.0,15.6,20.4,10.7,12.4,12.5,17.1,24.95,37.2,Spring
2011-11-28,286.0,14.0,460.0,0.0,16.7,22.8,10.8,13.0,14.8,17.8,21.68,18.7,Spring
2011-11-29,268.0,12.2,396.0,0.0,17.1,20.0,14.0,16.1,15.3,18.3,17.29,38.6,Spring
2011-11-30,81.0,12.9,537.0,4.0,15.4,17.6,13.9,15.1,13.5,17.5,15.62,44.6,Spring
2011-12-01,94.0,13.9,617.0,0.0,16.0,19.1,14.4,14.5,12.0,17.1,21.17,30.5,Summer
2011-12-02,79.0,9.4,368.0,5.6,17.2,21.0,15.1,16.4,17.0,18.3,18.89,51.6,Summer
2011-12-03,38.0,11.7,405.0,0.0,18.0,20.6,15.3,16.2,17.4,19.0,17.25,31.7,Summer
2011-12-04,48.0,10.9,354.0,24.6,17.4,18.4,16.2,17.2,17.8,18.6,3.06,51.0,Summer
2011-12-05,90.0,7.4,186.0,0.0,18.4,22.2,15.4,16.2,17.9,19.2,16.69,17.4,Summer
2011-12-06,278.0,12.3,325.0,0.0,18.2,22.3,13.8,16.6,16.6,19.8,19.4,23.7,Summer
2011-12-07,271.0,14.0,530.0,0.0,16.5,19.4,13.9,15.5,13.7,18.7,18.65,35.9,Summer
2011-12-08,239.0,9.9,282.0,0.0,16.6,21.2,12.9,13.6,14.1,18.3,15.7,37.9,Summer
2011-12-09,51.0,10.1,275.0,0.0,16.3,21.3,10.1,12.5,14.6,18.7,21.25,51.2,Summer
2011-12-10,65.0,13.8,626.0,0.0,17.1,19.4,16.0,16.0,14.0,18.4,13.66,27.5,Summer
2011-12-11,72.0,13.8,616.0,0.8,16.8,18.8,15.7,15.5,14.1,17.8,10.02,37.7,Summer
2011-12-12,46.0,12.2,494.0,5.8,16.3,17.1,15.4,16.5,17.0,17.8,4.48,50.1,Summer
2011-12-13,41.0,11.0,427.0,6.0,17.5,18.6,16.6,17.4,18.7,18.2,5.17,19.4,Summer
2011-12-14,38.0,13.9,530.0,14.8,17.8,19.2,16.8,17.6,18.3,18.3,6.45,49.1,Summer
2011-12-15,43.0,13.6,523.0,41.4,17.5,19.0,16.2,17.0,18.5,18.3,7.1,48.0,Summer
2011-12-16,280.0,11.6,372.0,2.0,17.4,21.0,14.0,15.2,15.8,18.6,17.0,49.4,Summer
2011-12-17,261.0,14.0,467.0,1.9,17.2,20.7,14.8,16.4,16.5,19.0,20.5,51.7,Summer
2011-12-18,126.0,9.2,227.0,6.4,14.4,16.4,13.2,16.5,15.0,18.5,5.62,51.6,Summer
2011-12-19,108.0,9.0,247.0,1.1,14.9,18.2,11.5,15.6,13.8,18.3,19.25,51.0,Summer
2011-12-20,56.0,10.2,252.0,0.0,14.5,19.2,8.5,13.1,13.3,18.4,26.35,48.0,Summer
2011-12-21,68.0,9.1,234.0,0.0,15.4,20.0,9.2,13.4,13.2,18.9,27.13,40.0,Summer
2011-12-22,44.0,7.6,179.0,0.0,16.1,21.3,10.1,14.1,14.0,19.6,21.82,29.6,Summer
2011-12-23,78.0,8.9,219.0,8.7,14.8,18.8,10.2,15.1,13.8,19.3,17.62,38.3,Summer
2011-12-24,83.0,8.4,210.0,3.1,15.1,20.4,9.3,13.8,12.9,19.4,31.79,48.0,Summer
2011-12-25,70.0,7.3,181.0,0.0,16.0,21.5,10.1,15.0,13.4,19.9,25.61,37.2,Summer
2011-12-26,72.0,9.9,275.0,0.0,16.1,20.4,10.9,14.9,13.9,19.9,20.53,28.2,Summer
2011-12-27,46.0,12.0,487.0,0.0,17.5,19.7,15.3,16.2,15.0,19.4,14.31,35.0,Summer
2011-12-28,47.0,14.0,607.0,0.0,18.4,20.9,16.1,17.6,16.1,19.5,19.19,28.4,Summer
2011-12-29,54.0,13.8,643.0,19.9,18.5,20.0,17.5,18.3,18.7,19.3,5.28,51.7,Summer
2011-12-30,53.0,13.4,523.0,36.4,19.3,20.8,18.3,18.8,20.8,19.5,5.53,48.3,Summer
2011-12-31,6.0,13.9,474.0,14.2,20.4,22.8,18.8,19.3,21.2,20.1,13.73,44.4,Summer
2012-01-01,318.0,14.1,524.0,2.7,18.9,21.9,16.1,18.7,19.0,20.4,15.73,33.5,Summer
2012-01-02,225.0,14.0,519.0,0.0,17.2,20.0,12.1,15.9,14.4,19.6,22.16,37.9,Summer
2012-01-03,36.0,8.3,228.0,1.1,16.4,20.6,10.8,15.5,15.5,19.1,10.78,36.6,Summer
2012-01-04,351.0,8.2,234.0,5.1,18.8,22.2,17.2,18.3,17.7,19.7,12.03,28.7,Summer
2012-01-05,270.0,7.0,198.0,1.5,18.2,21.1,16.1,18.8,18.4,20.2,12.98,39.1,Summer
2012-01-06,68.0,9.1,260.0,0.0,18.9,22.9,15.9,18.8,16.6,20.7,25.98,26.8,Summer
2012-01-07,166.0,13.4,375.0,27.6,17.3,19.4,14.9,18.6,17.2,20.3,9.41,50.2,Summer
2012-01-08,186.0,13.2,400.0,10.6,16.9,19.6,15.0,18.1,17.2,19.7,17.58,51.7,Summer
2012-01-09,29.0,13.7,395.0,1.2,18.1,21.1,15.9,18.5,17.8,20.1,18.32,51.8,Summer
2012-01-10,277.0,11.4,392.0,0.8,17.7,21.7,13.7,17.7,16.8,20.2,17.69,28.4,Summer
2012-01-11,343.0,8.2,239.0,0.0,17.5,23.5,10.7,16.0,16.4,19.9,20.16,51.1,Summer
2012-01-12,335.0,12.2,329.0,0.7,19.2,22.6,15.1,17.8,18.2,20.5,11.86,18.5,Summer
2012-01-13,279.0,14.3,744.0,7.3,18.4,21.9,15.6,17.7,15.2,20.1,24.81,20.7,Summer
2012-01-14,275.0,13.9,423.0,0.0,17.3,21.9,13.2,16.6,14.7,19.7,22.0,18.5,Summer
2012-01-15,263.0,12.1,352.0,0.0,17.2,22.4,12.6,16.5,16.0,19.7,20.69,48.4,Summer
2012-01-16,219.0,11.4,299.0,0.0,17.0,21.7,11.8,16.4,13.3,19.9,24.82,37.2,Summer
2012-01-17,52.0,12.7,262.0,0.6,16.4,21.9,11.4,15.5,14.2,19.0,6.96,42.3,Summer
2012-01-18,28.0,7.0,215.0,0.0,17.8,22.8,13.1,10.4,14.6,21.5,19.99,49.3,Summer
2012-01-19,264.0,9.0,201.0,0.0,17.0,23.8,10.3,7.2,14.8,21.4,19.74,37.3,Summer
2012-01-20,243.0,10.4,364.0,0.0,17.9,22.6,11.1,8.4,16.4,21.1,18.92,35.3,Summer
2012-01-21,267.0,10.2,262.0,0.0,18.0,23.0,12.7,9.7,16.6,21.2,20.12,33.3,Summer
2012-01-22,249.0,13.1,310.0,3.4,17.2,21.5,14.7,12.2,16.9,20.7,15.72,33.1,Summer
2012-01-23,233.0,14.8,335.0,0.0,15.9,20.1,11.6,6.7,10.7,19.9,26.66,32.7,Summer
2012-01-24,219.0,10.2,264.0,0.0,15.5,22.6,7.4,3.7,11.0,20.5,28.85,30.1,Summer
2012-01-25,266.0,11.3,275.0,0.0,17.4,24.0,11.8,7.9,14.3,21.3,27.7,27.2,Summer
2012-01-26,230.0,10.5,228.0,0.0,16.1,22.7,8.8,6.1,13.8,20.9,22.66,24.8,Summer
2012-01-27,274.0,16.1,370.0,8.5,15.9,20.2,11.9,7.4,14.9,19.4,10.69,26.6,Summer
2012-01-28,216.0,11.2,325.0,0.0,15.2,19.7,9.4,5.2,12.0,18.5,18.22,29.0,Summer
2012-01-29,230.0,14.7,435.0,0.0,17.3,20.2,14.9,13.4,14.3,18.8,14.16,27.1,Summer
2012-01-30,50.0,9.7,295.0,0.0,18.2,23.0,10.9,8.7,16.6,20.8,25.47,25.2,Summer
2012-01-31,55.0,9.2,229.0,1.5,18.6,24.8,13.3,10.5,17.7,21.1,16.51,23.5,Summer
2012-02-01,250.0,12.4,361.0,0.0,18.7,23.4,14.6,12.3,17.3,20.7,19.83,22.8,Summer
2012-02-02,10.0,11.0,279.0,0.3,19.7,23.1,16.6,15.4,19.1,21.3,17.21,21.8,Summer
2012-02-03,94.0,11.0,419.0,0.1,18.2,20.3,16.7,16.4,16.3,20.5,9.78,21.0,Summer
2012-02-04,70.0,13.0,519.0,0.0,18.3,20.7,16.5,14.1,14.3,20.2,17.37,20.0,Summer
2012-02-05,89.0,14.4,567.0,0.0,18.0,20.9,16.6,14.5,13.8,19.9,17.07,18.8,Summer
2012-02-06,79.0,12.1,428.0,0.1,17.7,20.0,14.9,13.3,14.8,19.5,12.05,18.1,Summer
2012-02-07,63.0,10.4,297.0,0.0,17.8,21.9,13.3,9.5,15.2,20.8,28.64,17.4,Summer
2012-02-08,135.0,7.8,189.0,0.0,17.2,23.6,10.5,7.0,14.6,21.4,29.74,16.5,Summer
2012-02-09,80.0,6.4,144.0,0.0,18.3,25.0,11.8,8.8,15.6,21.3,16.55,15.7,Summer
2012-02-10,230.0,10.1,211.0,0.0,18.5,25.6,12.2,9.1,16.2,21.4,21.28,15.2,Summer
2012-02-11,210.0,8.4,273.0,0.2,18.2,24.1,12.2,9.4,17.3,21.1,17.54,14.7,Summer
2012-02-12,27.0,9.8,239.0,2.1,16.7,21.0,11.4,9.3,17.2,20.2,9.15,14.7,Summer
2012-02-13,54.0,7.6,168.0,12.3,19.4,23.6,15.4,12.3,19.3,21.1,15.06,18.7,Summer
2012-02-14,257.0,13.4,267.0,5.5,18.3,24.6,12.8,10.7,18.3,21.0,17.95,19.2,Summer
2012-02-15,320.0,5.9,174.0,6.1,18.7,22.5,14.9,12.6,18.9,21.0,11.0,22.1,Summer
2012-02-16,45.0,8.2,205.0,0.0,18.1,23.0,13.6,10.7,17.9,20.8,19.04,23.2,Summer
2012-02-17,54.0,7.0,150.0,0.2,17.9,23.5,13.2,12.0,17.8,20.9,15.98,22.9,Summer
2012-02-18,252.0,7.6,175.0,0.0,18.5,25.5,11.8,10.6,15.8,21.2,25.95,22.0,Summer
2012-02-19,81.0,5.0,136.0,0.2,17.9,23.4,12.6,10.9,16.7,20.9,13.08,20.9,Summer
2012-02-20,28.0,11.6,234.0,0.0,18.0,23.8,12.1,10.2,17.1,20.5,16.96,20.3,Summer
2012-02-21,10.0,9.7,230.0,0.0,18.8,24.8,12.6,11.8,17.5,20.7,17.06,19.1,Summer
2012-02-22,16.0,13.9,441.0,0.1,20.9,22.6,17.3,14.8,21.3,20.7,6.01,19.1,Summer
2012-02-23,337.0,14.4,361.0,24.4,20.6,22.7,17.3,17.0,21.9,20.9,4.94,23.5,Summer
2012-02-24,257.0,14.2,414.0,0.0,18.6,22.6,15.6,13.5,17.1,20.5,22.33,29.0,Summer
2012-02-25,238.0,15.8,425.0,4.1,17.2,20.8,14.0,10.9,14.4,19.5,16.56,29.9,Summer
2012-02-26,249.0,11.6,304.0,0.0,17.0,21.7,11.9,9.8,13.9,19.2,19.58,28.7,Summer
2012-02-27,61.0,9.8,245.0,0.6,16.8,22.0,12.1,10.3,14.4,19.9,24.01,27.3,Summer
2012-02-28,248.0,10.4,204.0,0.0,15.8,21.5,9.8,7.6,14.0,19.6,17.04,25.8,Summer
2012-02-29,247.0,13.8,375.0,0.0,16.8,21.0,10.9,9.5,16.0,19.1,11.87,24.4,Summer
2012-03-01,223.0,19.2,605.0,8.4,17.3,19.9,14.5,11.7,14.3,19.0,22.0,28.8,Autumn
2012-03-02,356.0,14.6,318.0,0.0,17.2,20.7,14.0,11.8,13.8,18.3,10.03,28.4,Autumn
2012-03-03,251.0,23.4,806.0,5.3,16.2,18.6,12.9,8.1,13.5,18.1,19.05,29.5,Autumn
2012-03-04,188.0,11.4,232.0,0.0,14.3,20.8,6.6,3.6,10.5,17.7,25.65,28.7,Autumn
2012-03-05,96.0,10.2,269.0,0.0,14.7,19.7,8.6,4.9,12.1,18.1,26.22,27.1,Autumn
2012-03-06,87.0,10.8,273.0,0.2,15.6,20.2,9.3,5.8,13.9,18.3,14.55,25.6,Autumn
2012-03-07,123.0,10.7,256.0,19.1,17.2,20.4,14.9,12.4,16.4,18.5,7.2,28.1,Autumn
2012-03-08,86.0,11.4,303.0,7.9,17.2,20.0,15.7,15.0,17.2,18.8,7.95,41.8,Autumn
2012-03-09,137.0,9.9,299.0,0.0,17.0,20.6,13.5,11.6,13.6,18.9,20.89,37.6,Autumn
2012-03-10,87.0,10.1,331.0,1.0,17.0,18.4,15.1,15.0,17.1,19.0,6.41,36.5,Autumn
2012-03-11,353.0,8.8,294.0,30.8,19.0,21.0,17.0,17.0,20.9,19.5,4.81,41.0,Autumn
2012-03-12,253.0,17.6,423.0,11.1,16.5,18.7,14.6,15.0,16.2,18.7,11.87,48.3,Autumn
2012-03-13,184.0,11.6,338.0,0.0,18.4,22.7,16.1,13.2,15.1,18.9,21.35,40.6,Autumn
2012-03-14,65.0,11.4,375.0,0.1,16.7,20.1,11.8,9.0,15.1,19.1,18.97,39.3,Autumn
2012-03-15,94.0,6.4,137.0,0.0,15.6,22.1,9.7,7.0,12.9,18.8,18.51,38.6,Autumn
2012-03-16,64.0,7.3,196.0,0.0,15.7,21.0,10.9,8.6,13.6,19.0,22.93,37.5,Autumn
2012-03-17,58.0,13.2,550.0,1.7,18.4,21.3,16.9,15.7,16.9,19.3,17.12,36.9,Autumn
2012-03-18,112.0,12.8,483.0,2.6,18.2,20.6,16.2,13.2,18.2,19.1,6.18,36.0,Autumn
2012-03-19,140.0,19.4,529.0,83.1,15.8,17.9,13.8,13.9,16.9,18.0,3.42,50.9,Autumn
2012-03-20,121.0,13.0,326.0,42.5,17.0,19.4,14.1,14.1,18.2,17.4,3.4,52.9,Autumn
2012-03-21,46.0,11.4,392.0,38.0,17.7,21.1,16.0,16.2,19.1,18.4,5.08,50.6,Autumn
2012-03-22,347.0,14.8,405.0,0.0,18.5,23.3,12.8,9.9,18.4,18.5,18.21,47.7,Autumn
2012-03-23,263.0,8.2,254.0,0.2,19.2,24.3,15.7,13.7,18.7,19.6,19.3,42.4,Autumn
2012-03-24,4.0,11.8,281.0,5.7,18.5,21.9,16.5,14.4,19.3,19.8,9.51,42.1,Autumn
2012-03-25,247.0,16.4,429.0,1.6,17.8,20.7,13.5,10.6,16.0,19.5,21.12,45.5,Autumn
2012-03-26,236.0,12.9,319.0,0.0,14.6,19.5,9.7,6.2,11.7,18.2,18.84,42.3,Autumn
2012-03-27,90.0,7.7,218.0,0.0,14.2,20.5,8.3,5.0,12.7,17.6,19.9,41.2,Autumn
2012-03-28,185.0,9.2,219.0,0.0,14.3,21.6,8.2,5.4,13.0,17.7,18.19,40.7,Autumn
2012-03-29,117.0,8.7,242.0,0.0,15.7,20.6,9.9,7.2,14.0,17.9,18.8,40.3,Autumn
2012-03-30,76.0,9.8,283.0,0.0,16.3,20.6,10.4,7.4,14.5,17.7,16.17,39.7,Autumn
2012-03-31,90.0,13.0,441.0,1.5,17.9,20.8,16.2,13.0,15.8,18.4,16.31,39.2,Autumn
2012-04-01,70.0,15.1,524.0,1.5,18.1,21.0,16.6,14.0,17.2,18.5,14.91,38.4,Autumn
2012-04-02,65.0,16.4,547.0,16.8,17.7,19.8,15.8,15.6,18.3,18.4,4.25,45.4,Autumn
2012-04-03,119.0,15.8,457.0,1.6,18.0,19.8,16.0,15.5,16.5,18.1,3.37,44.7,Autumn
2012-04-04,102.0,11.8,392.0,0.0,19.8,22.4,18.0,15.6,16.5,18.3,8.49,44.1,Autumn
2012-04-05,91.0,12.0,428.0,0.3,19.1,21.7,16.6,12.2,16.9,18.7,13.22,43.3,Autumn
2012-04-06,85.0,8.6,269.0,0.0,17.0,20.3,13.2,8.6,13.8,18.2,18.71,42.8,Autumn
2012-04-07,112.0,8.2,209.0,0.1,16.0,19.7,11.9,8.7,13.8,18.0,13.01,42.5,Autumn
2012-04-08,222.0,11.8,316.0,0.0,16.4,21.4,13.0,8.2,13.7,18.1,18.48,42.2,Autumn
2012-04-09,228.0,9.7,239.0,0.0,15.0,20.8,9.8,6.2,13.8,17.6,17.12,41.4,Autumn
2012-04-10,244.0,7.2,196.0,0.1,14.6,22.6,7.9,5.1,13.9,17.3,17.43,40.5,Autumn
2012-04-11,3.0,14.2,282.0,9.1,16.6,19.9,11.8,10.8,16.9,17.7,6.6,40.8,Autumn
2012-04-12,255.0,15.8,445.0,0.8,16.5,19.9,14.2,10.7,15.7,17.9,11.43,43.9,Autumn
2012-04-13,237.0,13.6,443.0,1.0,16.1,19.4,12.9,9.2,14.8,17.4,13.37,43.2,Autumn
2012-04-14,222.0,12.4,244.0,1.1,15.6,20.5,10.2,6.7,14.6,17.5,13.72,42.9,Autumn
2012-04-15,101.0,7.3,163.0,0.1,14.5,17.8,9.4,6.8,15.2,16.9,6.33,42.3,Autumn
2012-04-16,227.0,8.4,155.0,0.0,14.9,21.2,9.5,6.7,14.7,17.0,12.72,41.9,Autumn
2012-04-17,191.0,7.5,201.0,0.0,14.3,18.5,9.9,6.4,13.9,17.1,9.14,41.8,Autumn
2012-04-18,93.0,6.7,170.0,0.0,13.3,19.8,7.7,4.7,12.9,16.5,15.28,41.5,Autumn
2012-04-19,112.0,9.8,207.0,0.0,13.2,18.2,7.3,4.0,11.0,16.2,17.5,41.0,Autumn
2012-04-20,83.0,7.0,150.0,0.0,13.0,18.5,7.8,6.7,11.9,15.9,12.77,40.3,Autumn
2012-04-21,90.0,5.8,117.0,0.0,13.2,17.6,8.0,4.2,12.8,16.1,6.61,39.5,Autumn
2012-04-22,89.0,6.8,189.0,0.0,12.7,18.3,7.2,3.7,12.8,15.4,8.29,38.8,Autumn
2012-04-23,44.0,9.8,244.0,0.0,12.8,19.4,7.1,3.1,11.7,15.1,15.64,37.8,Autumn
2012-04-24,88.0,7.4,163.0,0.1,12.1,20.3,6.4,3.5,11.2,14.9,14.76,36.6,Autumn
2012-04-25,101.0,8.8,209.0,0.9,13.0,19.4,6.7,4.0,13.4,15.1,11.35,35.7,Autumn
2012-04-26,46.0,9.4,287.0,0.0,15.9,19.7,9.9,7.8,16.0,15.8,9.32,35.2,Autumn
2012-04-27,20.0,14.4,463.0,2.8,18.4,22.1,15.2,13.6,17.9,17.2,12.46,35.0,Autumn
2012-04-28,254.0,14.9,392.0,0.5,15.3,17.9,13.3,11.7,13.5,16.4,8.82,34.8,Autumn
2012-04-29,274.0,9.4,203.0,0.7,13.8,17.9,10.2,7.4,13.5,16.2,6.62,34.7,Autumn
2012-04-30,220.0,9.3,261.0,1.7,13.6,16.8,10.3,8.9,12.7,15.7,6.25,34.7,Autumn
2012-05-01,240.0,12.3,278.0,0.0,12.7,17.4,7.5,3.6,11.5,15.1,11.15,34.5,Autumn
2012-05-02,184.0,12.0,316.0,0.0,10.5,15.4,3.6,0.2,7.9,14.1,15.45,34.2,Autumn
2012-05-03,184.0,8.4,189.0,0.0,8.0,15.5,1.2,-2.1,8.2,13.0,15.1,33.8,Autumn
2012-05-04,86.0,6.3,150.0,0.1,9.4,16.7,3.6,0.4,9.8,12.9,14.73,33.4,Autumn
2012-05-05,87.0,6.8,148.0,0.1,10.2,17.2,4.6,1.3,10.7,12.9,14.09,32.8,Autumn
2012-05-06,84.0,11.4,365.0,1.2,13.2,17.0,6.1,2.5,12.6,13.5,9.66,32.4,Autumn
2012-05-07,77.0,11.7,459.0,0.7,15.3,17.7,13.0,10.6,13.3,14.4,7.72,32.1,Autumn
2012-05-08,18.0,17.8,496.0,42.9,16.8,18.4,15.4,12.8,16.4,15.2,2.07,39.0,Autumn
2012-05-09,21.0,12.8,218.0,20.6,16.3,21.0,11.0,9.4,17.1,16.3,8.54,52.6,Autumn
2012-05-10,243.0,12.1,204.0,0.4,14.6,19.2,10.3,8.7,15.2,16.1,5.92,49.0,Autumn
2012-05-11,267.0,16.1,458.0,0.0,14.4,17.5,11.6,9.5,12.8,15.3,11.06,47.0,Autumn
2012-05-12,262.0,14.2,384.0,0.6,13.8,17.3,10.5,6.9,12.6,14.8,11.4,46.1,Autumn
2012-05-13,289.0,15.0,368.0,0.0,15.3,20.0,11.8,8.3,15.1,14.9,7.45,45.7,Autumn
2012-05-14,277.0,17.8,428.0,6.8,15.8,19.1,12.2,11.3,15.3,15.3,5.8,46.2,Autumn
2012-05-15,286.0,19.6,651.0,10.4,12.6,16.4,10.2,9.3,12.4,14.4,8.44,51.8,Autumn
2012-05-16,229.0,18.6,577.0,19.2,11.7,15.1,9.0,6.8,11.4,13.4,6.96,52.0,Autumn
2012-05-17,238.0,15.6,459.0,0.5,12.4,16.8,6.7,3.4,11.2,12.7,9.92,52.1,Autumn
2012-05-18,245.0,17.6,524.0,0.4,13.5,16.9,11.0,8.8,11.9,13.2,8.8,49.7,Autumn
2012-05-19,226.0,19.8,366.0,1.4,11.4,15.0,8.3,4.7,11.2,13.1,8.94,48.2,Autumn
2012-05-20,238.0,11.9,263.0,0.5,10.5,16.2,6.0,3.9,10.5,12.7,8.29,47.7,Autumn
2012-05-21,260.0,5.4,146.0,0.6,10.3,17.9,4.0,1.2,11.3,12.4,9.01,46.8,Autumn
2012-05-22,137.0,6.4,147.0,7.0,10.5,16.0,3.5,0.4,10.8,12.9,12.58,51.0,Autumn
2012-05-23,196.0,5.3,142.0,0.0,8.5,16.5,1.8,-0.5,9.9,11.8,10.27,48.0,Autumn
2012-05-24,236.0,8.4,198.0,0.0,9.3,17.0,4.1,1.0,10.1,11.8,8.88,46.9,Autumn
2012-05-25,252.0,12.2,279.0,0.2,9.8,16.8,2.3,-0.3,11.4,11.4,8.07,46.3,Autumn
2012-05-26,86.0,4.5,132.0,0.0,11.1,16.9,5.6,4.0,12.6,12.1,6.47,46.0,Autumn
2012-05-27,350.0,11.4,346.0,1.4,14.8,17.0,9.4,6.9,14.7,13.0,3.2,46.0,Autumn
2012-05-28,329.0,8.7,259.0,7.6,14.9,16.6,12.5,10.9,15.6,14.1,3.75,50.0,Autumn
2012-05-29,165.0,10.7,268.0,0.1,11.5,15.3,6.9,2.5,10.3,13.4,8.94,49.4,Autumn
2012-05-30,224.0,9.2,195.0,0.1,8.6,13.7,0.9,-1.8,9.6,11.8,7.24,47.6,Autumn
2012-05-31,231.0,13.9,308.0,0.4,12.6,16.4,9.9,6.6,12.2,12.4,7.27,47.0,Autumn
2012-06-01,169.0,7.0,180.0,0.0,9.9,15.4,3.5,0.3,8.9,11.9,11.82,46.4,Winter
2012-06-02,29.0,4.2,130.0,0.0,8.7,15.9,2.0,-0.5,10.1,11.2,9.29,46.1,Winter
2012-06-03,265.0,9.2,243.0,0.0,11.4,16.4,8.4,4.9,11.5,12.2,7.59,46.0,Winter
2012-06-04,33.0,3.9,130.0,0.0,10.6,18.1,5.6,2.9,11.7,12.0,7.52,45.9,Winter
2012-06-05,8.0,18.9,420.0,2.6,13.8,16.6,7.4,5.9,14.3,12.5,2.21,46.0,Winter
2012-06-06,288.0,13.6,336.0,3.4,15.8,19.6,13.0,10.6,15.6,13.7,6.12,47.3,Winter
2012-06-07,237.0,14.3,399.0,4.7,11.7,15.0,6.6,3.1,11.5,12.9,9.85,51.1,Winter
2012-06-08,257.0,10.4,260.0,2.2,10.1,14.8,6.6,3.6,11.3,12.0,6.15,51.1,Winter
2012-06-09,258.0,16.6,423.0,7.0,12.1,15.8,8.5,4.2,12.4,11.8,7.9,51.3,Winter
2012-06-10,219.0,11.0,305.0,1.5,11.9,15.1,9.3,5.4,11.8,12.1,6.71,51.4,Winter
2012-06-11,255.0,16.2,425.0,0.1,11.6,15.4,7.7,3.9,12.1,11.9,8.79,50.7,Winter
2012-06-12,247.0,8.0,200.0,0.0,11.2,14.7,7.7,4.5,10.5,11.9,5.44,50.3,Winter
2012-06-13,95.0,6.4,151.0,0.0,7.7,12.3,2.1,-0.9,8.1,10.7,10.88,50.2,Winter
2012-06-14,105.0,5.0,122.0,0.0,6.6,14.5,0.9,-1.3,8.5,9.7,10.11,49.8,Winter
2012-06-15,290.0,4.3,107.0,0.0,7.2,13.1,3.3,0.7,9.3,9.8,4.28,48.1,Winter
2012-06-16,204.0,10.3,259.0,0.0,7.5,12.9,1.8,-2.2,8.2,9.4,9.95,47.2,Winter
2012-06-17,83.0,5.5,132.0,0.0,5.3,12.5,-0.7,-3.9,6.9,8.6,8.1,47.1,Winter
2012-06-18,4.0,15.9,346.0,6.3,11.2,14.8,1.7,-0.7,12.2,9.8,2.02,48.9,Winter
2012-06-19,287.0,12.5,333.0,0.6,12.0,17.0,8.4,6.1,12.5,10.9,6.73,51.0,Winter
2012-06-20,308.0,12.0,281.0,3.9,12.4,16.9,9.0,4.3,12.8,11.3,6.24,51.1,Winter
2012-06-21,270.0,9.7,238.0,3.1,10.6,15.4,5.7,2.7,11.8,11.2,5.33,51.3,Winter
2012-06-22,267.0,10.9,243.0,0.0,11.1,15.8,8.0,3.8,11.5,11.0,8.78,51.2,Winter
2012-06-23,277.0,9.5,196.0,0.0,10.8,16.7,4.9,1.9,11.8,11.0,6.63,49.8,Winter
2012-06-24,263.0,15.2,393.0,7.3,12.3,15.6,6.8,3.5,12.4,12.0,7.8,50.2,Winter
2012-06-25,259.0,16.7,439.0,2.3,10.5,15.1,6.2,2.6,10.5,11.0,9.05,50.9,Winter
2012-06-26,256.0,25.4,577.0,9.9,10.4,15.0,7.3,3.4,10.8,10.7,5.73,50.8,Winter
2012-06-27,247.0,20.3,688.0,6.9,10.5,13.0,8.1,6.2,9.7,9.7,8.61,50.9,Winter
2012-06-28,246.0,18.0,557.0,3.4,11.9,14.6,10.2,8.4,11.1,10.3,7.26,51.3,Winter
2012-06-29,250.0,13.6,354.0,1.4,10.7,14.1,5.2,1.9,10.3,10.6,7.8,51.0,Winter
2012-06-30,192.0,6.2,162.0,0.0,6.0,11.3,1.6,-1.8,7.7,9.2,7.49,51.0,Winter
2012-07-01,79.0,10.6,346.0,0.1,9.5,12.6,4.5,2.8,10.3,9.7,4.15,50.5,Winter
2012-07-02,44.0,15.0,599.0,0.7,11.3,13.6,9.6,7.9,10.8,10.3,6.83,49.7,Winter
2012-07-03,79.0,18.1,494.0,33.1,11.4,15.1,7.1,5.2,12.5,11.3,5.62,50.7,Winter
2012-07-04,266.0,15.4,296.0,0.7,10.6,16.0,6.6,4.1,11.6,11.2,10.76,50.9,Winter
2012-07-05,184.0,6.8,152.0,0.1,9.0,12.2,4.3,2.1,11.2,10.7,3.36,50.9,Winter
2012-07-06,82.0,5.8,117.0,0.1,7.9,14.7,3.5,2.0,9.7,10.4,9.2,50.8,Winter
2012-07-07,228.0,7.1,201.0,0.1,8.0,14.3,1.9,-1.0,8.8,9.6,9.83,50.1,Winter
2012-07-08,213.0,6.8,136.0,0.0,5.7,13.4,0.3,-3.2,7.8,8.6,10.51,49.6,Winter
2012-07-09,73.0,4.6,108.0,0.0,5.6,13.7,0.2,-3.1,8.2,8.0,10.39,49.2,Winter
2012-07-10,111.0,5.2,113.0,0.0,5.6,14.1,0.3,-2.7,8.1,7.8,8.82,48.8,Winter
2012-07-11,66.0,5.6,107.0,0.0,6.7,13.6,0.0,-3.4,8.8,7.8,8.61,48.9,Winter
2012-07-12,353.0,4.5,93.0,0.0,9.3,15.1,7.1,4.3,9.8,9.5,6.52,50.0,Winter
2012-07-13,53.0,6.2,114.0,0.0,9.0,14.9,4.9,1.4,10.0,9.8,8.4,49.8,Winter
2012-07-14,2.0,9.2,249.0,0.0,11.0,15.3,5.8,3.8,11.4,10.0,4.29,48.2,Winter
2012-07-15,347.0,14.0,432.0,3.4,14.9,16.3,14.0,13.1,14.8,11.7,2.13,48.9,Winter
2012-07-16,324.0,19.2,604.0,14.7,14.1,16.2,11.9,10.4,14.5,12.8,2.63,51.3,Winter
2012-07-17,270.0,17.8,448.0,2.8,12.1,15.8,8.0,3.7,10.5,11.5,10.92,51.6,Winter
2012-07-18,179.0,6.8,168.0,0.1,7.9,15.0,2.3,-0.5,9.3,10.2,10.5,51.7,Winter
2012-07-19,92.0,11.1,251.0,0.2,8.5,14.1,1.6,-1.2,9.8,9.7,7.84,51.2,Winter
2012-07-20,70.0,11.9,426.0,0.0,13.3,16.0,11.8,9.0,12.0,11.1,7.83,50.1,Winter
2012-07-21,66.0,12.8,504.0,0.0,13.7,15.5,12.4,11.2,12.4,11.8,4.65,51.1,Winter
2012-07-22,46.0,15.4,575.0,52.0,14.0,15.3,12.9,12.8,15.5,12.8,1.41,50.4,Winter
2012-07-23,53.0,14.8,306.0,12.1,14.9,17.7,12.6,12.2,16.1,14.3,5.04,50.7,Winter
2012-07-24,187.0,6.0,161.0,1.4,13.7,16.3,11.9,11.6,15.3,14.0,3.13,50.8,Winter
2012-07-25,86.0,12.0,228.0,10.0,13.7,15.9,11.9,11.8,15.0,14.3,4.72,50.8,Winter
2012-07-26,119.0,9.9,226.0,1.2,11.4,14.3,5.5,2.4,11.4,13.4,9.27,50.9,Winter
2012-07-27,121.0,5.7,177.0,0.0,9.0,13.0,4.6,1.6,9.8,12.0,12.29,51.0,Winter
2012-07-28,65.0,13.4,478.0,1.5,10.9,14.5,4.4,1.2,10.6,11.5,8.68,51.0,Winter
2012-07-29,85.0,20.9,726.0,15.7,12.4,14.5,10.1,8.7,12.3,11.7,4.03,51.0,Winter
2012-07-30,280.0,20.2,488.0,19.6,12.2,15.7,7.8,5.9,12.6,12.2,6.56,50.8,Winter
2012-07-31,81.0,9.6,181.0,3.1,8.2,12.6,4.1,1.3,9.9,10.7,3.9,51.3,Winter
2012-08-01,52.0,10.9,291.0,30.9,10.3,14.2,3.2,1.0,12.3,10.9,4.82,51.2,Winter
2012-08-02,72.0,7.2,246.0,20.1,12.0,14.2,9.5,6.1,13.4,12.3,5.31,50.9,Winter
2012-08-03,32.0,8.2,158.0,1.7,9.6,14.0,4.9,2.4,11.6,11.4,4.76,51.2,Winter
2012-08-04,72.0,7.4,191.0,1.6,11.6,15.0,8.6,6.8,12.9,11.9,5.26,51.3,Winter
2012-08-05,14.0,5.5,176.0,12.2,11.7,14.8,9.3,8.3,13.2,12.3,5.55,51.1,Winter
2012-08-06,250.0,12.1,267.0,0.4,10.8,15.4,7.2,3.5,11.7,12.0,11.09,51.2,Winter
2012-08-07,260.0,11.6,255.0,7.3,9.8,15.6,4.6,2.2,11.3,11.3,6.49,51.3,Winter
2012-08-08,258.0,13.7,349.0,10.9,8.8,11.8,6.4,3.6,10.4,10.8,6.16,51.1,Winter
2012-08-09,230.0,11.6,347.0,5.4,10.3,14.2,7.8,4.7,10.7,10.9,11.18,51.2,Winter
2012-08-10,240.0,4.2,118.0,0.2,9.6,15.9,4.8,1.5,10.3,10.8,8.52,51.4,Winter
2012-08-11,67.0,16.6,504.0,12.2,11.5,15.3,3.9,1.1,13.0,10.9,5.04,51.4,Winter
2012-08-12,20.0,20.6,274.0,21.8,13.5,17.6,11.1,9.4,14.1,12.8,7.82,51.1,Winter
2012-08-13,269.0,14.5,393.0,7.1,12.5,16.3,10.1,8.1,12.8,12.7,11.27,51.1,Winter
2012-08-14,269.0,13.8,331.0,1.7,11.3,15.6,5.5,3.2,11.6,12.4,12.99,51.2,Winter
2012-08-15,20.0,13.0,230.0,8.0,8.8,15.0,3.4,1.5,10.6,11.2,5.8,51.2,Winter
2012-08-16,230.0,14.0,386.0,4.9,10.0,14.9,5.8,2.8,10.7,11.1,11.29,51.3,Winter
2012-08-17,282.0,9.2,221.0,0.2,9.8,16.6,4.8,1.9,10.5,11.1,13.84,51.4,Winter
2012-08-18,254.0,9.8,307.0,6.7,12.1,17.8,7.6,4.7,12.7,11.9,12.81,51.5,Winter
2012-08-19,332.0,13.2,249.0,23.2,12.1,18.3,6.6,4.7,12.9,12.2,9.41,51.6,Winter
2012-08-20,268.0,21.6,705.0,0.9,13.5,16.5,11.7,9.8,13.3,12.8,11.22,51.5,Winter
2012-08-21,222.0,17.4,495.0,0.4,12.5,15.7,10.0,6.6,12.2,12.4,12.27,51.5,Winter
2012-08-22,234.0,10.4,289.0,0.2,11.3,16.1,5.3,2.5,11.5,12.3,11.96,51.5,Winter
2012-08-23,60.0,5.4,116.0,2.2,9.0,15.6,3.2,0.7,10.6,11.6,10.51,51.4,Winter
2012-08-24,70.0,7.4,159.0,0.0,9.5,15.6,4.5,1.9,10.4,11.9,16.81,51.5,Winter
2012-08-25,20.0,9.5,167.0,0.1,9.3,15.1,3.9,1.3,10.1,11.4,9.52,51.1,Winter
2012-08-26,14.0,10.4,264.0,0.0,11.1,16.2,5.0,1.9,10.7,11.6,11.71,50.5,Winter
2012-08-27,346.0,11.4,306.0,1.2,13.5,18.1,9.3,7.4,13.1,12.5,8.45,50.0,Winter
2012-08-28,241.0,11.0,212.0,0.1,9.9,15.6,4.7,2.6,9.9,12.1,12.97,49.5,Winter
2012-08-29,76.0,13.4,379.0,0.0,10.9,15.7,4.5,2.8,10.5,11.6,12.56,49.1,Winter
2012-08-30,122.0,13.3,446.0,5.2,11.8,12.7,10.5,9.5,11.5,11.9,3.53,49.8,Winter
2012-08-31,120.0,7.8,210.0,0.0,11.2,15.4,6.5,4.0,10.3,12.1,14.84,50.8,Winter
2012-09-01,56.0,12.0,371.0,0.0,10.6,14.3,5.0,2.2,9.3,11.6,8.58,49.9,Spring
2012-09-02,358.0,16.4,559.0,0.0,14.0,16.2,12.1,10.6,11.3,12.2,10.54,49.2,Spring
2012-09-03,41.0,17.3,650.0,55.1,12.9,15.3,10.1,8.1,13.4,13.1,7.33,50.5,Spring
2012-09-04,269.0,19.8,711.0,7.6,11.5,14.9,9.6,7.5,11.1,12.0,12.2,51.4,Spring
2012-09-05,237.0,19.1,645.0,0.3,12.7,16.0,9.7,6.9,10.7,11.7,13.34,51.3,Spring
2012-09-06,273.0,14.6,513.0,0.0,12.9,16.8,7.7,4.1,12.0,12.2,15.28,51.3,Spring
2012-09-07,277.0,16.1,597.0,0.0,13.9,17.2,11.0,8.2,11.7,12.7,10.87,50.7,Spring
2012-09-08,274.0,15.1,521.0,5.2,13.3,19.0,10.3,5.2,12.6,12.8,9.74,50.2,Spring
2012-09-09,291.0,19.5,706.0,2.2,13.3,17.2,10.2,7.8,12.6,13.0,15.99,50.9,Spring
2012-09-10,264.0,19.7,772.0,0.7,13.0,16.0,10.9,8.0,11.3,12.7,16.77,50.9,Spring
2012-09-11,283.0,23.7,786.0,2.0,11.9,15.8,6.0,4.2,10.8,12.5,14.74,50.4,Spring
2012-09-12,186.0,11.2,328.0,2.7,7.6,12.8,1.4,-1.2,7.1,11.2,16.92,51.0,Spring
2012-09-13,223.0,8.0,222.0,0.0,6.9,14.3,-0.5,-2.9,7.0,10.8,18.88,50.5,Spring
2012-09-14,21.0,9.3,260.0,0.1,8.3,15.9,1.5,-0.9,7.9,11.2,21.17,49.7,Spring
2012-09-15,9.0,21.1,573.0,7.3,12.8,16.3,6.6,5.5,11.7,11.8,6.33,49.5,Spring
2012-09-16,33.0,8.8,233.0,9.6,12.3,16.6,9.9,7.6,12.9,13.0,12.6,51.5,Spring
2012-09-17,284.0,20.6,570.0,1.6,12.7,16.3,9.9,8.0,12.8,13.2,14.92,51.5,Spring
2012-09-18,246.0,11.9,315.0,0.6,11.4,15.9,4.9,1.7,10.5,12.9,16.16,51.4,Spring
2012-09-19,218.0,9.0,211.0,0.0,8.6,13.6,2.7,-0.1,9.6,12.0,8.02,50.9,Spring
2012-09-20,87.0,9.0,184.0,0.0,10.8,16.6,4.7,1.8,10.2,12.3,18.3,50.1,Spring
2012-09-21,86.0,12.4,475.0,0.6,12.1,15.1,10.4,7.4,11.0,13.2,16.62,49.6,Spring
2012-09-22,63.0,13.4,470.0,0.0,11.7,15.2,9.8,6.2,10.1,12.8,16.35,49.3,Spring
2012-09-23,85.0,11.5,427.0,0.5,12.2,15.2,9.8,6.4,11.6,13.2,15.69,48.9,Spring
2012-09-24,67.0,14.0,494.0,0.1,12.5,15.3,10.4,7.8,11.4,13.2,12.33,48.6,Spring
2012-09-25,50.0,12.8,487.0,0.2,13.2,15.7,11.0,8.4,11.3,13.2,14.54,49.5,Spring
2012-09-26,46.0,13.6,430.0,0.1,13.7,15.7,11.8,9.5,13.3,13.6,11.17,50.2,Spring
2012-09-27,120.0,13.6,429.0,1.5,13.7,15.1,11.8,11.1,13.5,13.8,4.73,50.1,Spring
2012-09-28,158.0,13.6,355.0,17.0,13.4,15.2,11.6,11.1,14.7,13.7,5.14,51.6,Spring
2012-09-29,102.0,8.2,249.0,0.1,15.5,19.4,11.4,8.4,15.0,15.2,19.09,52.0,Spring
2012-09-30,268.0,11.3,344.0,0.0,13.9,19.6,8.4,6.0,12.9,15.5,21.6,50.7,Spring
2012-10-01,261.0,18.6,558.0,2.2,12.8,16.7,10.4,7.2,12.3,14.9,13.94,49.6,Spring
2012-10-02,252.0,18.0,610.0,0.5,12.2,15.8,10.1,6.9,10.9,13.8,18.92,49.3,Spring
2012-10-03,269.0,18.3,550.0,0.1,12.6,15.6,10.2,8.2,11.8,13.7,13.49,48.8,Spring
2012-10-04,256.0,20.5,657.0,0.4,13.0,17.0,9.8,7.5,11.4,13.7,16.83,48.6,Spring
2012-10-05,276.0,16.8,559.0,0.0,13.1,17.4,8.5,4.0,12.3,13.7,16.51,48.3,Spring
2012-10-06,262.0,23.8,962.0,5.9,14.5,17.6,10.4,7.3,13.5,14.6,17.62,48.2,Spring
2012-10-07,226.0,15.2,395.0,0.0,11.5,15.6,8.3,4.5,9.4,13.3,13.07,49.8,Spring
2012-10-08,325.0,14.3,422.0,4.4,15.3,20.9,8.7,7.9,14.4,14.2,10.96,50.0,Spring
2012-10-09,294.0,11.0,255.0,0.0,14.0,19.2,8.3,5.0,13.2,15.2,15.35,49.1,Spring
2012-10-10,2.0,6.0,160.0,0.1,11.7,17.8,6.0,3.9,11.8,14.6,13.38,48.9,Spring
2012-10-11,246.0,13.4,353.0,0.1,12.6,17.9,7.0,3.8,11.4,14.7,23.06,49.7,Spring
2012-10-12,30.0,9.2,242.0,0.0,12.3,18.5,4.7,1.5,12.2,15.0,24.44,49.6,Spring
2012-10-13,288.0,27.6,935.0,8.8,15.3,19.0,12.1,10.2,14.3,15.5,13.77,48.9,Spring
2012-10-14,254.0,21.2,769.0,3.2,12.1,15.4,8.4,6.2,10.6,13.9,20.12,49.5,Spring
2012-10-15,256.0,18.3,575.0,1.8,11.8,15.6,8.1,5.1,10.8,13.4,18.31,50.1,Spring
2012-10-16,253.0,17.8,548.0,0.0,12.7,16.3,10.4,8.2,11.1,13.6,19.89,50.1,Spring
2012-10-17,252.0,17.2,656.0,0.2,14.4,18.2,11.7,9.5,13.0,14.3,19.68,49.8,Spring
2012-10-18,266.0,23.8,804.0,0.7,14.0,17.2,11.9,10.3,12.4,14.6,18.32,49.4,Spring
2012-10-19,228.0,22.2,696.0,1.5,12.1,15.0,9.5,5.8,9.7,13.6,20.63,49.0,Spring
2012-10-20,272.0,13.2,389.0,0.0,11.4,16.8,4.8,1.4,9.4,13.6,25.48,46.1,Spring
2012-10-21,280.0,16.6,549.0,5.8,14.3,17.7,8.8,5.4,14.4,14.0,3.54,45.3,Spring
2012-10-22,288.0,18.0,589.0,0.4,15.1,18.2,11.4,9.6,14.1,15.2,14.43,45.0,Spring
2012-10-23,207.0,11.2,220.0,0.0,11.4,13.7,7.6,3.5,11.3,14.5,6.6,45.0,Spring
2012-10-24,44.0,8.3,242.0,0.0,10.7,16.4,4.3,1.3,8.9,14.4,27.4,44.6,Spring
2012-10-25,232.0,10.3,251.0,0.0,10.1,16.3,3.4,1.4,9.9,14.2,16.05,43.9,Spring
2012-10-26,245.0,10.9,271.0,0.0,13.2,19.1,7.8,4.5,11.9,14.8,20.68,43.3,Spring
2012-10-27,231.0,9.2,249.0,0.0,13.8,21.0,5.9,3.3,13.1,15.8,22.37,41.9,Spring
2012-10-28,24.0,10.2,229.0,4.0,14.4,20.2,8.3,4.6,13.5,16.6,18.07,40.3,Spring
2012-10-29,127.0,10.8,265.0,8.7,13.6,16.5,10.3,9.2,14.1,16.0,8.5,42.1,Spring
2012-10-30,80.0,8.4,252.0,0.5,15.2,19.7,11.4,10.0,13.5,16.8,24.47,44.5,Spring
2012-10-31,233.0,11.2,324.0,0.0,13.9,18.7,9.9,8.1,13.2,16.8,22.0,44.3,Spring
2012-11-01,263.0,8.8,301.0,0.0,14.8,19.1,10.4,6.7,13.5,16.7,18.67,42.7,Spring
2012-11-02,339.0,9.2,159.0,0.0,14.1,18.4,9.2,7.0,13.2,16.8,11.62,41.8,Spring
2012-11-03,250.0,14.1,386.0,2.4,14.8,18.5,10.6,7.9,13.4,16.5,10.68,41.9,Spring
2012-11-04,216.0,14.6,434.0,0.0,12.0,15.3,9.3,5.8,8.9,14.8,18.78,41.0,Spring
2012-11-05,250.0,14.7,326.0,0.0,12.5,17.3,8.2,4.4,10.5,14.9,20.7,39.3,Spring
2012-11-06,66.0,10.4,282.0,0.0,12.9,17.5,7.5,4.4,11.0,15.6,22.01,37.4,Spring
2012-11-07,93.0,8.4,257.0,0.9,12.0,15.9,7.2,5.1,11.2,16.0,15.78,35.4,Spring
2012-11-08,103.0,8.3,213.0,0.0,11.7,17.2,6.4,3.9,10.8,16.4,27.02,33.4,Spring
2012-11-09,257.0,11.1,239.0,0.0,11.8,18.2,5.5,2.8,10.9,16.0,16.13,31.3,Spring
2012-11-10,260.0,11.1,301.0,0.0,12.2,18.9,5.2,1.9,11.3,15.9,24.93,29.2,Spring
2012-11-11,280.0,13.2,320.0,0.1,12.4,17.4,6.4,3.3,12.4,15.5,8.75,27.5,Spring
2012-11-12,265.0,9.9,162.0,8.4,12.8,16.0,10.0,9.0,13.5,16.0,10.83,29.0,Spring
2012-11-13,223.0,8.2,189.0,9.5,12.0,17.2,8.1,5.2,12.4,16.0,13.41,36.3,Spring
2012-11-14,271.0,17.5,507.0,0.4,12.2,16.7,7.5,4.1,11.4,14.9,14.23,40.1,Spring
2012-11-15,275.0,16.6,414.0,5.8,14.1,19.3,10.6,7.9,13.7,15.5,17.33,39.3,Spring
2012-11-16,254.0,14.0,463.0,0.4,14.0,17.4,11.1,9.0,12.5,15.6,18.62,40.8,Spring
2012-11-17,299.0,17.1,447.0,7.3,14.4,18.1,10.9,8.7,15.2,15.7,6.13,42.0,Spring
2012-11-18,248.0,22.8,688.0,1.3,14.1,17.2,9.5,7.8,12.1,15.5,23.83,45.5,Spring
2012-11-19,267.0,8.5,196.0,0.0,12.9,18.7,6.0,3.4,10.6,15.4,18.39,43.6,Spring
2012-11-20,136.0,7.1,177.0,0.0,13.4,18.2,8.4,7.0,11.8,16.4,21.89,42.8,Spring
2012-11-21,43.0,6.7,217.0,0.0,14.2,16.5,11.9,11.3,13.8,16.9,12.87,42.8,Spring
2012-11-22,99.0,13.2,383.0,0.2,16.0,19.6,13.5,10.9,15.2,17.7,20.59,41.6,Spring
2012-11-23,73.0,6.7,194.0,0.0,15.0,19.4,10.3,8.3,13.7,17.8,14.72,39.4,Spring
2012-11-24,229.0,11.3,324.0,0.0,14.6,19.5,9.0,5.6,12.7,17.4,22.57,37.2,Spring
2012-11-25,217.0,11.0,320.0,0.0,15.4,19.9,11.8,7.9,13.3,17.5,23.14,34.2,Spring
2012-11-26,34.0,14.9,529.0,0.8,16.3,19.4,13.6,12.7,14.7,17.3,17.95,31.3,Spring
2012-11-27,258.0,15.1,501.0,0.4,16.1,19.7,12.4,10.5,14.0,17.8,27.97,28.9,Spring
2012-11-28,279.0,14.5,514.0,0.0,16.0,19.8,12.5,10.6,15.3,17.4,15.74,26.8,Spring
2012-11-29,253.0,12.0,348.0,12.4,15.4,17.2,12.7,11.1,16.5,17.3,5.34,30.8,Spring
2012-11-30,238.0,20.4,531.0,0.0,14.3,17.6,11.6,9.0,11.5,16.5,22.03,35.5,Spring
2012-12-01,259.0,11.3,346.0,0.0,14.2,19.1,8.5,5.7,11.9,16.5,26.69,32.9,Summer
2012-12-02,259.0,19.6,775.0,0.1,16.7,20.0,12.8,11.9,15.7,17.0,18.12,30.2,Summer
2012-12-03,270.0,17.4,595.0,3.1,17.4,20.3,12.8,10.2,17.1,18.1,20.91,28.9,Summer
2012-12-04,23.0,6.4,181.0,0.0,15.2,20.7,8.3,6.1,15.4,17.9,14.69,28.0,Summer
2012-12-05,291.0,14.8,408.0,6.0,18.9,23.2,16.2,13.9,19.9,18.6,8.25,28.8,Summer
2012-12-06,278.0,16.3,472.0,2.5,19.0,25.1,15.8,14.2,19.1,19.1,14.22,30.0,Summer
2012-12-07,276.0,20.2,658.0,12.8,14.3,18.2,9.3,6.2,13.2,17.3,19.83,37.7,Summer
2012-12-08,288.0,17.6,446.0,1.0,15.2,19.6,9.6,7.0,12.9,17.2,28.26,41.5,Summer
2012-12-09,194.0,11.3,222.0,0.0,14.1,20.6,6.4,3.9,12.4,17.5,21.22,40.1,Summer
2012-12-10,266.0,9.5,203.0,0.0,14.6,21.1,6.8,4.2,12.9,17.9,22.87,38.3,Summer
2012-12-11,273.0,11.0,236.0,0.0,15.4,22.5,8.9,6.4,14.0,18.5,24.11,35.7,Summer
2012-12-12,53.0,9.2,247.0,0.1,17.2,21.6,14.4,12.7,15.7,19.5,24.96,33.0,Summer
2012-12-13,89.0,8.4,285.0,0.0,17.0,21.3,12.2,10.5,14.9,20.1,30.63,29.9,Summer
2012-12-14,55.0,7.7,219.0,0.0,15.9,20.9,11.5,7.6,14.5,19.8,21.59,27.3,Summer
2012-12-15,105.0,8.8,181.0,0.0,16.2,22.8,8.7,5.8,14.0,19.9,28.85,24.9,Summer
2012-12-16,298.0,11.2,310.0,0.0,16.8,21.7,11.1,9.1,16.5,20.0,17.88,22.7,Summer
2012-12-17,18.0,12.1,370.0,0.5,18.9,22.4,17.1,16.8,19.3,20.1,13.41,21.7,Summer
2012-12-18,356.0,11.4,280.0,20.6,19.3,20.9,18.1,17.6,20.8,20.3,10.23,26.0,Summer
2012-12-19,242.0,8.5,280.0,0.0,20.0,24.7,16.0,14.3,20.4,21.0,22.74,32.5,Summer
2012-12-20,91.0,11.3,297.0,0.0,17.5,20.5,13.9,11.8,18.2,20.4,9.52,30.9,Summer
2012-12-21,49.0,9.6,302.0,0.9,20.1,24.0,16.1,13.9,19.4,20.9,25.19,29.4,Summer
2012-12-22,82.0,9.2,219.0,0.0,18.7,23.4,12.8,10.9,17.6,21.0,24.96,27.1,Summer
2012-12-23,142.0,11.5,272.0,2.7,19.8,21.3,18.4,17.0,19.3,20.8,6.28,25.4,Summer
2012-12-24,78.0,17.1,558.0,24.3,19.3,20.3,19.0,18.9,21.8,20.5,4.03,42.0,Summer
2012-12-25,74.0,14.8,595.0,7.2,19.4,20.6,18.8,19.0,21.9,20.4,5.09,49.3,Summer
2012-12-26,282.0,12.2,453.0,9.7,19.9,23.7,18.7,18.3,21.6,20.5,11.87,50.9,Summer
2012-12-27,253.0,10.0,395.0,0.1,19.3,22.6,17.9,17.4,20.6,20.6,13.45,46.6,Summer
2012-12-28,18.0,8.4,198.0,0.8,20.0,24.7,16.6,15.1,20.3,21.1,15.78,45.0,Summer
2012-12-29,30.0,8.9,262.0,0.0,20.2,25.1,16.3,14.8,19.3,21.6,24.03,43.3,Summer
2012-12-30,280.0,15.8,365.0,9.9,19.7,25.8,16.2,15.9,20.6,21.7,19.44,46.5,Summer
2012-12-31,237.0,15.0,433.0,0.8,17.7,21.1,11.0,7.9,14.2,21.0,27.71,45.5,Summer
2013-01-01,292.0,8.3,237.0,0.0,16.1,23.2,8.1,6.8,12.7,20.5,30.64,43.1,Summer
2013-01-02,12.0,11.1,279.0,0.0,16.9,23.5,9.2,7.1,15.1,20.7,24.6,40.5,Summer
2013-01-03,334.0,9.2,287.0,2.9,16.0,17.8,12.8,12.7,15.9,20.3,8.37,38.6,Summer
2013-01-04,221.0,14.2,375.0,0.1,14.6,20.1,8.5,6.5,12.4,19.3,22.31,38.1,Summer
2013-01-05,196.0,10.1,292.0,0.0,18.0,24.1,11.1,7.8,13.0,19.7,30.26,35.1,Summer
2013-01-06,184.0,11.3,378.0,0.0,19.2,27.0,14.4,11.4,14.8,20.4,24.54,31.5,Summer
2013-01-07,232.0,19.9,618.0,0.0,18.4,21.4,15.3,14.1,17.1,20.5,27.82,28.4,Summer
2013-01-08,260.0,17.4,584.0,0.0,17.9,21.5,13.4,11.6,14.9,19.6,23.77,25.6,Summer
2013-01-09,18.0,9.6,254.0,0.0,18.5,24.6,11.4,9.2,17.8,20.8,28.24,23.9,Summer
2013-01-10,39.0,10.9,255.0,0.0,20.1,25.0,15.2,12.3,18.6,21.7,24.62,22.2,Summer
2013-01-11,262.0,7.6,221.0,0.0,20.6,26.5,13.6,11.2,18.9,22.0,18.54,20.9,Summer
2013-01-12,288.0,8.2,294.0,0.0,22.0,27.3,18.4,18.0,22.0,22.9,25.12,19.7,Summer
2013-01-13,249.0,11.4,246.0,0.0,21.5,27.7,18.4,17.4,21.1,23.2,18.51,18.7,Summer
2013-01-14,304.0,10.9,297.0,0.0,20.3,23.6,16.6,15.4,20.7,22.1,7.61,18.2,Summer
2013-01-15,278.0,20.6,528.0,0.8,18.4,23.0,15.0,12.6,17.1,21.0,17.23,17.9,Summer
2013-01-16,243.0,14.4,488.0,0.0,17.4,21.3,13.8,11.1,13.8,19.6,19.87,17.4,Summer
2013-01-17,266.0,18.4,556.0,2.2,16.4,21.3,13.0,12.0,15.0,19.4,21.07,16.8,Summer
2013-01-18,224.0,15.7,422.0,0.0,15.9,20.6,10.8,8.4,12.0,18.8,22.83,16.4,Summer
2013-01-19,243.0,15.4,363.0,0.0,15.3,21.2,8.0,5.5,13.2,18.9,23.8,15.8,Summer
2013-01-20,212.0,13.0,435.0,0.1,18.5,23.7,13.9,10.4,17.4,19.8,21.2,15.4,Summer
2013-01-21,270.0,10.4,288.0,0.0,18.7,24.7,15.1,12.2,15.8,20.4,26.3,14.9,Summer
2013-01-22,25.0,12.8,356.0,0.0,18.5,23.4,12.9,11.5,17.6,20.8,17.35,14.4,Summer
2013-01-23,52.0,10.9,393.0,0.0,20.0,23.6,17.4,15.6,17.5,21.2,21.24,14.1,Summer
2013-01-24,71.0,6.8,144.0,0.0,19.4,24.3,14.4,12.1,17.4,21.2,14.36,13.6,Summer
2013-01-25,56.0,12.3,374.0,0.0,19.1,22.9,15.4,13.5,18.4,21.2,16.01,13.4,Summer
2013-01-26,100.0,13.7,510.0,0.0,18.8,22.0,16.3,14.6,15.0,20.9,20.84,13.1,Summer
2013-01-27,103.0,15.0,541.0,0.6,19.0,22.6,16.9,14.6,15.5,20.7,19.39,12.8,Summer
2013-01-28,82.0,15.2,479.0,0.0,19.0,22.3,16.6,13.6,15.0,20.8,25.69,12.5,Summer
2013-01-29,65.0,13.4,431.0,0.0,18.5,21.6,14.6,11.5,16.4,20.9,25.67,12.2,Summer
2013-01-30,80.0,13.4,516.0,0.0,19.7,23.0,16.8,14.7,15.8,21.2,23.44,11.9,Summer
2013-01-31,96.0,12.2,426.0,0.0,19.5,23.1,16.2,12.9,15.4,21.3,21.96,11.6,Summer
2013-02-01,85.0,13.0,484.0,0.0,19.8,22.9,18.2,16.8,16.7,21.2,17.2,11.3,Summer
2013-02-02,88.0,10.2,426.0,0.1,20.2,23.3,18.2,17.3,19.8,21.8,18.72,11.2,Summer
2013-02-03,67.0,10.2,387.0,0.7,19.8,21.4,18.5,17.7,21.4,21.8,8.25,11.1,Summer
2013-02-04,66.0,16.2,564.0,14.5,20.5,22.1,19.6,19.3,23.2,21.5,5.85,14.0,Summer
2013-02-05,234.0,16.5,550.0,0.6,18.2,20.4,14.6,11.9,16.0,20.7,22.0,16.2,Summer
2013-02-06,111.0,9.0,291.0,0.0,15.5,21.0,10.3,7.0,10.5,20.0,29.18,15.4,Summer
2013-02-07,54.0,8.0,197.0,0.0,15.6,22.4,8.1,5.1,13.6,20.6,26.41,14.8,Summer
2013-02-08,74.0,7.4,176.0,0.0,17.6,23.7,12.4,10.3,15.2,21.6,27.0,13.7,Summer
2013-02-09,255.0,9.8,197.0,0.0,17.0,23.9,10.9,7.5,14.6,21.1,19.57,13.0,Summer
2013-02-10,206.0,9.2,208.0,0.0,16.7,23.3,9.6,6.9,14.2,20.7,20.89,12.5,Summer
2013-02-11,200.0,8.8,181.0,0.0,16.9,24.0,9.4,6.3,15.0,20.6,18.17,12.1,Summer
2013-02-12,278.0,9.7,236.0,0.0,18.1,25.0,10.9,7.9,14.6,20.9,26.18,11.7,Summer
2013-02-13,256.0,11.6,337.0,0.2,17.3,23.9,11.0,8.1,16.3,20.4,16.69,11.3,Summer
2013-02-14,246.0,14.0,313.0,0.0,17.1,22.9,12.2,8.5,14.2,20.3,23.22,11.2,Summer
2013-02-15,236.0,11.2,326.0,0.0,16.9,22.2,11.0,8.4,15.1,19.8,17.12,10.9,Summer
2013-02-16,226.0,10.8,291.0,0.0,18.4,23.1,14.8,12.0,15.6,20.3,20.87,10.7,Summer
2013-02-17,235.0,11.2,292.0,0.0,17.8,23.6,11.6,8.3,15.6,20.4,23.67,10.5,Summer
2013-02-18,56.0,9.6,251.0,0.0,18.2,24.7,11.6,8.5,17.1,21.0,26.73,10.3,Summer
2013-02-19,70.0,8.7,196.0,0.0,18.8,24.1,13.6,11.4,17.3,21.7,23.95,10.1,Summer
2013-02-20,92.0,11.1,335.0,0.0,19.5,23.6,14.4,11.4,17.0,21.8,20.45,9.9,Summer
2013-02-21,188.0,8.2,208.0,0.0,18.7,24.6,12.7,10.5,16.4,21.3,17.38,9.8,Summer
2013-02-22,66.0,7.9,190.0,0.0,18.4,25.0,11.6,9.1,16.5,21.5,23.92,9.6,Summer
2013-02-23,66.0,8.3,216.0,0.0,17.7,23.7,12.0,9.8,16.0,21.6,24.05,9.5,Summer
2013-02-24,56.0,8.6,207.0,0.0,17.3,23.4,10.9,8.5,14.9,21.5,26.7,9.3,Summer
2013-02-25,79.0,10.3,224.0,0.0,16.6,22.4,9.8,7.5,14.4,21.4,26.43,9.1,Summer
2013-02-26,56.0,9.8,275.0,0.1,17.5,22.8,12.4,10.5,15.6,21.3,24.58,8.9,Summer
2013-02-27,101.0,10.0,295.0,0.0,18.8,24.1,13.6,10.8,15.8,21.3,26.13,8.9,Summer
2013-02-28,226.0,8.6,258.0,0.0,19.1,23.6,14.8,12.8,16.7,21.4,19.4,8.8,Summer
2013-03-01,224.0,13.4,333.0,0.0,17.8,22.7,15.3,12.7,15.3,20.4,8.62,8.7,Autumn
2013-03-02,240.0,11.9,312.0,0.0,18.1,24.0,12.5,9.8,15.0,20.4,17.08,8.6,Autumn
2013-03-03,265.0,9.3,237.0,0.7,18.1,25.1,13.1,9.2,16.1,20.8,18.92,8.6,Autumn
2013-03-04,248.0,14.2,386.0,0.0,18.1,22.1,13.2,10.2,14.5,20.2,17.57,8.6,Autumn
2013-03-05,89.0,11.5,308.0,0.5,17.7,22.7,14.6,12.0,14.8,20.4,16.16,8.5,Autumn
2013-03-06,251.0,11.0,245.0,0.0,18.2,25.0,11.4,8.2,14.2,20.9,21.76,8.4,Autumn
2013-03-07,87.0,10.2,277.0,0.0,19.3,23.3,15.8,13.2,14.7,22.0,25.25,8.4,Autumn
2013-03-08,226.0,9.9,238.0,0.0,19.5,25.0,14.5,11.6,15.3,22.2,23.18,8.3,Autumn
2013-03-09,62.0,8.4,188.0,0.0,17.1,22.9,11.4,8.2,13.6,21.6,23.13,8.2,Autumn
2013-03-10,88.0,7.5,165.0,0.0,17.2,23.9,10.5,7.3,12.8,21.7,26.08,8.1,Autumn
2013-03-11,88.0,6.6,171.0,0.0,17.9,25.8,10.1,6.0,13.3,21.9,25.01,8.1,Autumn
2013-03-12,60.0,7.7,240.0,0.0,19.8,24.3,14.6,12.5,15.6,23.1,25.12,8.0,Autumn
2013-03-13,240.0,8.6,253.0,0.0,18.4,25.7,12.5,10.7,15.5,22.1,20.21,7.8,Autumn
2013-03-14,62.0,9.9,203.0,0.0,17.2,24.1,11.0,8.7,14.9,21.5,19.56,7.7,Autumn
2013-03-15,93.0,10.2,273.0,0.0,17.1,22.9,11.0,8.0,14.2,20.7,16.25,7.6,Autumn
2013-03-16,47.0,10.5,351.0,0.3,17.9,21.8,11.4,8.4,17.2,20.5,11.02,7.5,Autumn
2013-03-17,6.0,13.0,395.0,11.6,20.5,23.8,18.4,18.2,20.8,20.8,6.28,8.5,Autumn
2013-03-18,270.0,15.8,621.0,2.1,21.0,25.1,18.3,15.5,19.1,21.2,16.86,9.4,Autumn
2013-03-19,250.0,17.7,598.0,4.0,18.0,21.0,13.3,10.5,13.8,18.7,15.86,9.7,Autumn
2013-03-20,224.0,7.9,235.0,0.0,15.8,21.2,11.3,7.5,13.0,18.5,18.86,9.5,Autumn
2013-03-21,71.0,9.9,245.0,0.1,15.9,21.2,10.6,6.5,12.7,19.2,22.06,9.4,Autumn
2013-03-22,55.0,9.4,181.0,5.3,14.3,21.0,9.3,5.6,12.8,18.1,15.41,9.6,Autumn
2013-03-23,91.0,8.3,152.0,0.8,15.1,20.8,10.4,7.7,13.2,18.9,17.06,9.6,Autumn
2013-03-24,69.0,9.6,262.0,2.7,16.3,21.2,10.6,8.0,14.1,18.9,20.04,9.7,Autumn
2013-03-25,74.0,9.4,207.0,0.0,16.2,22.3,10.3,7.8,13.9,19.2,20.79,9.6,Autumn
2013-03-26,89.0,7.2,149.0,0.0,16.2,23.5,9.8,7.2,13.7,19.3,17.81,9.5,Autumn
2013-03-27,73.0,6.6,149.0,0.0,16.6,23.8,10.0,7.5,14.7,19.6,25.24,9.4,Autumn
2013-03-28,74.0,7.7,144.0,0.0,16.4,23.0,10.4,8.4,14.6,20.0,11.28,9.3,Autumn
2013-03-29,61.0,8.6,183.0,0.1,16.0,21.8,10.1,7.3,13.8,19.3,17.49,9.1,Autumn
2013-03-30,54.0,8.6,200.0,1.4,17.5,20.7,15.0,14.0,17.5,19.5,11.72,9.2,Autumn
2013-03-31,26.0,9.0,194.0,3.0,18.6,24.0,14.6,13.1,18.6,19.9,23.0,9.4,Autumn
2013-04-01,248.0,8.4,180.0,0.0,19.0,23.4,15.6,13.5,17.2,20.3,11.72,9.5,Autumn
2013-04-02,7.0,6.2,135.0,0.0,18.0,23.8,12.9,10.4,16.2,20.0,17.25,9.4,Autumn
2013-04-03,6.0,6.4,134.0,0.8,18.4,24.4,14.6,12.2,17.6,20.0,11.72,9.4,Autumn
2013-04-04,182.0,10.6,228.0,0.9,17.0,19.1,14.7,11.6,15.6,19.4,11.32,9.5,Autumn
2013-04-05,222.0,8.4,247.0,0.0,16.5,21.5,12.3,7.7,12.5,18.9,10.7,9.4,Autumn
2013-04-06,110.0,6.9,151.0,0.4,12.4,19.1,6.2,1.6,11.3,17.6,8.01,9.3,Autumn
2013-04-07,94.0,6.8,120.0,0.0,12.4,20.1,6.7,2.6,11.4,16.8,8.01,9.2,Autumn
2013-04-08,117.0,6.2,132.0,0.0,12.6,20.3,6.4,3.3,10.6,16.9,8.01,9.0,Autumn
2013-04-09,224.0,8.4,164.0,0.0,12.4,20.9,5.3,0.9,11.1,16.3,8.01,8.9,Autumn
2013-04-10,71.0,9.7,206.0,0.1,13.2,19.0,7.1,3.6,12.4,16.3,8.01,8.8,Autumn
2013-04-11,8.0,6.8,173.0,0.0,13.6,20.8,7.6,4.0,12.3,16.4,19.94,8.8,Autumn
2013-04-12,259.0,10.2,333.0,0.1,14.8,22.6,8.0,5.4,12.9,16.7,11.12,8.7,Autumn
2013-04-13,291.0,6.2,119.0,0.0,14.7,23.0,7.9,5.8,12.8,17.3,19.28,8.7,Autumn
2013-04-14,55.0,9.3,205.0,0.1,15.1,20.3,9.0,5.6,14.0,17.0,9.82,8.5,Autumn
2013-04-15,55.0,18.2,563.0,35.1,17.2,18.4,15.4,15.2,16.6,17.2,3.25,9.6,Autumn
2013-04-16,59.0,20.3,563.0,30.7,18.9,20.2,16.8,16.7,20.5,18.2,3.22,14.4,Autumn
2013-04-17,278.0,21.8,674.0,7.9,17.6,19.2,15.8,13.4,17.4,18.1,4.12,15.6,Autumn
2013-04-18,256.0,10.6,332.0,0.4,16.8,21.6,11.0,7.5,15.4,17.7,10.43,15.9,Autumn
2013-04-19,20.0,7.6,183.0,4.7,14.7,19.4,9.1,7.0,15.1,16.7,5.87,16.3,Autumn
2013-04-20,293.0,10.4,219.0,22.8,16.2,22.4,10.3,7.9,16.0,17.0,10.37,17.2,Autumn
2013-04-21,18.0,11.1,304.0,0.1,18.3,21.9,13.9,12.7,17.9,17.7,7.67,18.4,Autumn
2013-04-22,248.0,12.9,271.0,3.8,16.7,21.4,11.3,7.2,15.9,17.8,10.83,18.7,Autumn
2013-04-23,267.0,14.0,360.0,0.6,14.5,20.5,8.4,5.4,13.5,16.7,13.94,19.0,Autumn
2013-04-24,288.0,12.3,353.0,0.6,16.3,20.8,12.7,9.5,15.3,16.9,10.28,19.0,Autumn
2013-04-25,278.0,16.9,481.0,3.4,17.1,20.7,14.5,11.6,15.5,17.4,14.37,19.1,Autumn
2013-04-26,260.0,13.5,394.0,0.5,15.5,19.8,12.1,7.6,13.4,16.8,11.6,18.3,Autumn
2013-04-27,271.0,17.9,581.0,6.3,17.1,20.3,15.0,12.9,15.8,16.8,8.87,20.4,Autumn
2013-04-28,255.0,10.8,298.0,0.3,16.7,20.7,13.2,9.4,15.6,17.0,11.15,20.8,Autumn
2013-04-29,261.0,10.2,266.0,0.2,16.4,20.9,11.6,7.2,15.4,17.2,11.45,20.8,Autumn
2013-04-30,251.0,10.2,297.0,0.1,17.2,21.2,14.2,9.7,16.7,17.2,9.15,20.6,Autumn
2013-05-01,68.0,5.8,148.0,0.0,15.1,20.4,8.7,4.6,12.8,17.3,14.47,20.6,Autumn
2013-05-02,63.0,6.8,146.0,1.3,14.7,20.7,8.5,5.2,14.4,16.8,10.68,20.6,Autumn
2013-05-03,58.0,8.6,212.0,0.0,15.1,20.4,9.4,6.9,14.7,16.6,8.53,20.7,Autumn
2013-05-04,12.0,12.3,307.0,20.3,15.4,19.2,11.8,9.8,15.0,16.6,2.98,22.5,Autumn
2013-05-05,276.0,18.2,395.0,14.9,12.9,18.7,9.1,6.5,12.8,15.5,6.13,27.0,Autumn
2013-05-06,319.0,22.0,573.0,23.6,13.1,15.3,11.1,9.9,12.7,14.7,4.94,33.0,Autumn
2013-05-07,184.0,9.2,180.0,0.0,14.1,19.6,8.1,4.2,11.7,15.1,13.71,28.8,Autumn
2013-05-08,67.0,11.9,331.0,36.8,13.6,15.4,8.0,4.1,14.2,14.7,1.16,37.8,Autumn
2013-05-09,150.0,9.0,230.0,47.3,12.5,14.4,10.2,8.4,13.1,14.3,0.81,42.8,Autumn
2013-05-10,252.0,17.1,269.0,6.3,11.1,17.2,5.5,1.9,11.8,13.8,7.59,34.8,Autumn
2013-05-11,124.0,9.5,221.0,0.1,10.7,15.9,5.0,1.7,10.5,13.3,7.97,31.5,Autumn
2013-05-12,136.0,7.8,174.0,0.0,11.3,17.1,6.6,2.9,10.0,13.4,13.28,30.8,Autumn
2013-05-13,75.0,4.4,106.0,0.1,11.7,20.9,5.0,1.7,11.3,13.4,12.83,30.5,Autumn
2013-05-14,147.0,4.4,80.0,0.1,12.0,18.9,6.5,3.0,12.2,13.6,7.6,30.3,Autumn
2013-05-15,178.0,5.2,132.0,0.1,13.0,19.2,7.0,2.6,13.3,13.9,5.24,30.2,Autumn
2013-05-16,56.0,9.2,342.0,0.0,16.9,19.7,15.0,11.3,15.9,15.1,7.73,30.0,Autumn
2013-05-17,21.0,10.8,379.0,16.0,16.7,17.7,15.2,14.0,16.6,15.6,1.01,33.0,Autumn
2013-05-18,275.0,13.6,342.0,13.5,15.3,19.2,12.8,10.5,15.1,15.8,8.75,39.4,Autumn
2013-05-19,279.0,15.8,426.0,3.4,14.6,19.0,11.4,8.4,14.1,15.3,9.16,34.4,Autumn
2013-05-20,266.0,6.0,167.0,0.0,13.3,19.3,9.4,5.4,12.9,15.0,10.2,32.9,Autumn
2013-05-21,7.0,8.2,140.0,9.4,12.5,18.0,7.8,4.9,12.7,14.8,8.79,34.8,Autumn
2013-05-22,284.0,10.5,249.0,3.5,11.4,16.0,7.0,4.0,12.3,14.0,3.63,35.0,Autumn
2013-05-23,272.0,20.6,717.0,8.1,13.8,16.6,11.6,8.4,13.4,14.1,8.88,37.4,Autumn
2013-05-24,233.0,7.4,150.0,0.4,11.8,18.2,7.1,3.8,11.3,13.8,7.29,35.3,Autumn
2013-05-25,341.0,16.0,255.0,4.5,12.4,17.4,8.0,6.8,13.3,13.3,1.87,35.3,Autumn
2013-05-26,297.0,15.2,455.0,2.4,15.1,18.2,9.5,6.2,14.4,14.8,6.94,38.6,Autumn
2013-05-27,252.0,17.2,438.0,4.7,13.1,17.3,9.2,7.4,12.2,13.6,8.89,35.4,Autumn
2013-05-28,239.0,19.8,527.0,25.5,7.5,11.7,4.1,2.7,8.3,11.5,4.31,50.8,Autumn
2013-05-29,243.0,14.4,251.0,0.5,7.5,13.6,2.8,-0.4,7.2,9.9,11.57,39.5,Autumn
2013-05-30,262.0,8.2,192.0,0.9,9.2,15.3,4.5,1.9,10.1,10.6,9.38,35.4,Autumn
2013-05-31,234.0,6.5,190.0,0.0,9.6,15.0,4.6,2.1,10.4,11.0,5.55,35.0,Autumn
2013-06-01,217.0,8.1,177.0,0.0,11.3,16.1,6.9,2.6,10.6,11.9,7.93,34.9,Winter
2013-06-02,34.0,5.3,121.0,0.0,9.7,16.1,4.4,-0.3,9.5,11.6,10.27,34.7,Winter
2013-06-03,21.0,5.3,102.0,0.0,9.4,16.0,3.5,-0.4,10.0,11.3,5.7,34.4,Winter
2013-06-04,14.0,15.0,329.0,32.1,14.1,16.5,8.2,7.2,14.5,12.7,1.46,43.5,Winter
2013-06-05,195.0,11.2,339.0,8.5,13.3,16.2,9.8,8.0,12.9,12.8,2.09,44.7,Winter
2013-06-06,169.0,8.6,201.0,0.0,11.8,15.4,8.5,5.1,9.2,12.2,11.02,38.2,Winter
2013-06-07,94.0,5.4,132.0,1.0,12.0,13.8,10.3,7.5,12.4,12.8,3.97,36.4,Winter
2013-06-08,64.0,9.4,309.0,0.0,13.6,17.0,9.7,6.7,11.5,12.8,9.71,36.1,Winter
2013-06-09,355.0,11.6,199.0,12.0,11.9,15.6,6.2,2.2,12.1,13.0,5.0,42.2,Winter
2013-06-10,190.0,6.8,174.0,0.0,9.7,15.1,4.5,0.5,10.4,11.6,8.35,37.6,Winter
2013-06-11,226.0,9.8,262.0,0.1,12.4,17.2,7.5,3.7,12.4,11.9,8.01,36.4,Winter
2013-06-12,218.0,13.6,386.0,0.9,14.1,17.0,11.8,9.4,13.3,13.0,6.94,36.1,Winter
2013-06-13,250.0,11.4,345.0,0.0,13.5,16.6,10.3,5.8,11.9,12.8,7.84,36.4,Winter
2013-06-14,267.0,12.3,372.0,5.3,13.7,15.8,12.4,11.1,13.8,13.3,3.85,38.8,Winter
2013-06-15,30.0,10.2,242.0,0.5,14.0,16.1,11.4,10.2,13.8,13.6,2.73,39.7,Winter
2013-06-16,29.0,21.9,556.0,39.4,14.6,16.0,12.4,11.5,14.5,13.9,0.79,47.6,Winter
2013-06-17,284.0,11.8,361.0,0.6,14.8,19.1,10.7,9.6,14.1,13.8,8.05,42.7,Winter
2013-06-18,346.0,8.1,243.0,5.1,14.2,18.8,11.2,8.2,13.8,13.8,6.07,40.1,Winter
2013-06-19,319.0,11.2,324.0,14.0,12.0,14.1,10.0,8.7,12.6,13.3,3.63,46.5,Winter
2013-06-20,261.0,26.0,687.0,16.4,8.9,12.1,5.8,3.4,8.9,11.4,6.63,52.1,Winter
2013-06-21,283.0,18.6,434.0,11.9,8.8,12.9,5.8,1.8,8.8,10.1,8.54,50.4,Winter
2013-06-22,243.0,14.9,429.0,1.5,9.7,13.4,6.0,1.4,9.0,9.9,8.56,40.1,Winter
2013-06-23,256.0,14.2,266.0,5.3,7.9,12.3,5.2,1.4,9.0,9.5,5.87,41.0,Winter
2013-06-24,234.0,11.0,225.0,1.4,9.5,14.4,4.4,1.2,10.5,9.6,7.28,39.4,Winter
2013-06-25,242.0,10.6,245.0,0.6,9.9,14.6,6.5,3.5,10.6,10.4,7.76,39.1,Winter
2013-06-26,79.0,6.7,174.0,1.8,9.3,13.5,4.5,1.6,10.6,10.4,5.5,39.1,Winter
2013-06-27,80.0,14.9,423.0,2.7,11.2,12.9,8.6,7.6,10.5,10.9,0.64,40.1,Winter
2013-06-28,186.0,10.4,290.0,0.0,8.5,13.3,2.1,-2.0,7.6,10.0,8.56,39.9,Winter
2013-06-29,141.0,5.5,117.0,0.1,5.9,14.1,0.3,-3.4,7.5,8.6,10.47,38.8,Winter
2013-06-30,246.0,8.8,246.0,0.2,7.7,14.7,2.9,0.1,9.0,9.0,9.58,38.5,Winter
2013-07-01,252.0,8.7,205.0,0.0,7.6,15.2,2.4,-1.1,8.7,8.8,9.48,38.2,Winter
2013-07-02,280.0,5.4,123.0,0.1,7.7,15.9,2.1,-1.3,8.8,8.7,8.37,38.0,Winter
2013-07-03,358.0,8.4,176.0,4.8,10.4,13.9,5.6,4.1,11.7,9.7,1.15,38.3,Winter
2013-07-04,181.0,9.2,274.0,6.0,13.9,17.2,12.4,9.8,13.9,11.9,5.77,45.0,Winter
2013-07-05,184.0,6.9,136.0,0.0,14.4,17.1,12.9,11.5,13.7,12.7,6.12,40.8,Winter
2013-07-06,280.0,13.2,356.0,0.5,13.6,16.4,12.1,10.7,13.0,13.1,9.36,39.9,Winter
2013-07-07,261.0,12.5,293.0,0.1,11.5,16.4,6.5,2.4,11.1,12.0,9.14,39.2,Winter
2013-07-08,236.0,13.5,308.0,0.3,10.5,14.5,4.8,0.9,9.8,11.0,9.94,38.8,Winter
2013-07-09,255.0,9.2,222.0,4.2,8.0,14.2,2.6,-0.8,8.4,10.0,10.48,38.6,Winter
2013-07-10,242.0,14.6,334.0,8.6,8.3,12.2,3.4,0.0,9.4,9.9,7.36,45.4,Winter
2013-07-11,154.0,6.1,169.0,0.0,7.3,12.7,2.4,-0.9,8.6,9.3,10.68,41.0,Winter
2013-07-12,50.0,5.0,128.0,0.2,6.3,12.7,-0.1,-2.8,8.4,8.9,7.64,39.9,Winter
2013-07-13,242.0,6.7,152.0,0.7,6.7,13.3,1.4,-0.7,8.9,9.0,5.14,39.4,Winter
2013-07-14,270.0,20.2,468.0,7.0,9.2,14.5,6.1,5.0,9.6,9.2,6.88,41.6,Winter
2013-07-15,209.0,19.0,338.0,1.3,7.1,11.8,4.2,0.2,6.8,8.5,10.26,43.5,Winter
2013-07-16,228.0,10.0,215.0,0.0,6.7,13.4,-0.6,-3.0,7.3,7.8,10.51,40.2,Winter
2013-07-17,243.0,9.1,208.0,0.1,8.0,13.7,0.8,-2.1,8.7,8.2,5.26,39.5,Winter
2013-07-18,252.0,10.2,253.0,0.0,11.0,14.0,8.7,8.4,9.5,9.9,5.49,39.2,Winter
2013-07-19,236.0,6.5,201.0,0.0,10.9,14.3,8.5,7.8,9.5,10.4,4.7,39.1,Winter
2013-07-20,238.0,6.8,128.0,0.0,11.8,16.5,8.6,7.4,10.4,11.1,8.07,39.0,Winter
2013-07-21,184.0,6.4,98.0,0.0,10.6,16.4,4.7,0.7,10.4,11.4,8.38,38.8,Winter
2013-07-22,192.0,4.2,99.0,0.0,7.3,14.4,2.1,-1.0,9.3,10.0,8.57,38.5,Winter
2013-07-23,85.0,5.7,102.0,0.0,10.1,15.7,4.8,3.2,10.6,10.6,8.99,38.3,Winter
2013-07-24,269.0,8.6,218.0,1.8,11.4,14.3,7.8,6.1,12.4,11.3,3.05,38.1,Winter
2013-07-25,261.0,12.8,391.0,1.8,10.9,15.8,6.9,5.3,11.0,11.5,11.45,38.5,Winter
2013-07-26,237.0,11.5,314.0,0.0,11.0,14.3,7.6,3.9,10.0,11.0,7.72,38.7,Winter
2013-07-27,228.0,7.2,187.0,0.0,11.0,14.8,6.8,3.4,10.0,11.3,5.94,38.7,Winter
2013-07-28,225.0,9.2,202.0,0.0,9.2,15.2,4.2,0.4,9.5,10.7,10.28,38.4,Winter
2013-07-29,195.0,9.0,147.0,0.1,8.7,15.9,2.5,-0.7,9.2,10.1,10.45,38.2,Winter
2013-07-30,130.0,5.8,140.0,0.0,8.8,14.6,3.2,-0.7,10.0,10.2,10.52,38.0,Winter
2013-07-31,83.0,12.0,407.0,0.0,12.4,15.1,9.9,5.5,11.1,10.9,5.58,37.9,Winter
2013-08-01,85.0,17.8,641.0,0.5,13.2,14.4,11.7,11.4,12.4,11.8,3.91,37.5,Winter
2013-08-02,87.0,18.1,764.0,10.8,13.5,14.2,12.6,12.6,13.9,12.5,1.73,41.4,Winter
2013-08-03,125.0,13.0,221.0,0.3,13.2,16.2,10.4,7.8,11.9,12.8,6.53,41.3,Winter
2013-08-04,318.0,5.9,122.0,0.3,12.4,18.8,8.8,5.3,12.2,12.9,8.98,40.5,Winter
2013-08-05,263.0,11.6,361.0,0.7,13.0,16.6,10.6,9.6,12.7,13.2,11.19,40.0,Winter
2013-08-06,265.0,8.4,306.0,0.1,13.4,17.9,11.2,9.4,13.1,13.1,7.78,39.8,Winter
2013-08-07,272.0,7.5,201.0,0.6,12.7,18.8,7.9,4.3,12.6,12.9,9.64,39.3,Winter
2013-08-08,39.0,8.0,185.0,0.0,11.7,18.1,6.0,2.9,11.4,12.8,13.05,39.2,Winter
2013-08-09,88.0,10.8,327.0,0.1,12.9,16.4,7.2,3.8,12.4,12.8,9.45,38.9,Winter
2013-08-10,212.0,10.0,300.0,6.8,13.0,13.9,11.9,11.9,13.3,13.3,2.99,39.8,Winter
2013-08-11,251.0,21.5,721.0,5.6,12.6,14.9,9.4,8.3,12.0,13.0,8.03,42.7,Winter
2013-08-12,242.0,21.7,762.0,17.4,11.1,14.0,9.1,8.1,10.1,11.6,9.24,51.6,Winter
2013-08-13,289.0,15.0,531.0,1.8,13.1,16.3,9.7,7.0,11.4,11.8,11.28,44.9,Winter
2013-08-14,239.0,14.1,479.0,0.5,12.2,15.4,9.7,6.9,10.4,12.3,11.2,43.2,Winter
2013-08-15,277.0,11.6,332.0,0.0,11.4,14.7,8.9,6.3,9.5,11.7,9.63,42.4,Winter
2013-08-16,301.0,18.5,310.0,12.1,11.4,14.8,8.1,6.9,11.7,12.0,3.21,45.0,Winter
2013-08-17,357.0,12.0,331.0,9.4,11.1,14.7,7.1,5.6,11.6,11.7,7.39,47.5,Winter
2013-08-18,238.0,10.4,297.0,0.8,12.2,16.3,8.6,5.3,11.5,12.4,10.64,47.2,Winter
2013-08-19,140.0,6.4,143.0,8.2,9.8,15.7,4.6,2.4,11.0,11.9,7.59,45.7,Winter
2013-08-20,62.0,9.0,324.0,1.4,11.9,14.0,10.1,9.3,11.0,12.3,5.34,46.7,Winter
2013-08-21,38.0,13.1,400.0,38.8,12.5,13.7,10.8,10.8,12.4,12.2,2.31,49.4,Winter
2013-08-22,332.0,8.6,211.0,2.4,11.8,17.7,6.4,2.4,11.5,12.6,13.33,50.7,Winter
2013-08-23,265.0,8.2,184.0,0.3,9.1,16.6,4.0,0.9,9.9,11.8,10.71,44.3,Winter
2013-08-24,5.0,8.6,201.0,2.8,10.0,16.7,3.2,-0.6,10.5,11.5,10.56,42.8,Winter
2013-08-25,328.0,13.9,312.0,18.0,11.6,14.2,6.3,4.0,12.2,12.4,5.42,50.6,Winter
2013-08-26,253.0,14.9,318.0,0.6,10.1,15.2,4.5,2.1,10.9,11.7,9.49,46.5,Winter
2013-08-27,251.0,13.6,391.0,0.9,11.5,16.0,6.7,5.0,11.1,12.1,13.45,43.5,Winter
2013-08-28,286.0,9.7,256.0,0.1,11.1,17.0,4.0,0.6,11.5,11.9,12.13,42.9,Winter
2013-08-29,242.0,22.1,391.0,14.7,10.1,13.7,5.5,3.2,10.6,12.2,10.37,50.0,Winter
2013-08-30,150.0,12.1,317.0,2.7,9.6,12.9,6.6,5.8,8.8,11.3,11.68,49.0,Winter
2013-08-31,124.0,8.4,238.0,0.0,9.9,14.4,6.0,1.3,8.2,11.4,16.78,43.9,Winter
2013-09-01,124.0,9.1,215.0,0.0,9.6,15.4,5.8,1.6,8.7,11.3,16.27,42.9,Spring
2013-09-02,112.0,9.2,165.0,0.0,9.9,15.2,4.6,-0.1,8.8,11.5,18.17,42.5,Spring
2013-09-03,182.0,8.0,152.0,0.0,8.6,16.1,2.4,-1.2,8.5,11.1,13.46,42.3,Spring
2013-09-04,281.0,13.6,302.0,10.0,7.8,15.2,2.3,-1.3,9.0,10.8,10.31,43.1,Spring
2013-09-05,137.0,13.6,324.0,2.3,9.4,14.1,4.7,2.8,8.6,10.7,7.61,46.2,Spring
2013-09-06,129.0,11.0,300.0,0.0,9.4,14.6,5.4,1.9,7.2,10.5,19.25,44.6,Spring
2013-09-07,247.0,14.5,535.0,1.3,12.8,16.4,9.6,8.1,12.2,11.8,12.05,43.6,Spring
2013-09-08,260.0,16.8,615.0,2.1,13.8,16.6,11.6,10.5,13.0,13.2,13.38,44.0,Spring
2013-09-09,236.0,16.6,501.0,0.2,12.2,15.4,8.3,4.7,10.4,12.6,13.77,43.5,Spring
2013-09-10,297.0,12.9,352.0,0.2,11.5,16.3,6.7,3.9,10.3,12.2,13.62,43.1,Spring
2013-09-11,290.0,15.9,363.0,0.8,15.2,20.1,10.6,8.7,13.1,13.1,9.16,42.9,Spring
2013-09-12,338.0,14.9,325.0,10.4,15.6,17.5,14.2,14.2,15.5,14.2,4.1,45.2,Spring
2013-09-13,321.0,12.2,244.0,2.7,13.6,17.9,9.5,7.0,12.3,14.4,15.15,48.0,Spring
2013-09-14,243.0,18.2,516.0,4.9,10.7,14.1,7.1,4.1,10.4,13.4,14.48,45.7,Spring
2013-09-15,233.0,11.0,265.0,0.6,9.8,14.1,5.3,2.4,9.6,12.2,12.11,45.2,Spring
2013-09-16,24.0,8.9,210.0,0.4,11.1,15.8,6.1,4.8,10.5,12.9,15.47,44.0,Spring
2013-09-17,102.0,10.4,264.0,0.0,12.6,16.5,9.8,5.9,9.8,13.3,13.39,43.3,Spring
2013-09-18,47.0,8.0,213.0,0.0,9.5,14.1,3.0,-0.8,8.3,12.6,19.29,42.9,Spring
2013-09-19,8.0,14.6,409.0,2.5,12.0,15.0,4.9,1.8,10.7,12.6,8.69,42.9,Spring
2013-09-20,248.0,11.4,376.0,1.0,15.9,18.6,13.7,13.1,15.0,14.1,8.73,42.7,Spring
2013-09-21,4.0,15.7,520.0,0.6,16.0,17.2,14.8,13.9,15.7,14.8,4.8,42.6,Spring
2013-09-22,358.0,20.4,444.0,25.3,15.4,20.2,9.7,7.2,13.4,15.3,18.3,48.9,Spring
2013-09-23,285.0,8.3,242.0,0.0,14.7,19.6,9.7,6.0,13.3,15.1,11.89,44.8,Spring
2013-09-24,101.0,19.0,438.0,106.5,13.4,15.2,12.5,11.4,14.2,14.5,4.59,48.3,Spring
2013-09-25,222.0,20.0,572.0,8.7,14.0,15.9,12.9,12.5,14.7,14.5,4.2,51.8,Spring
2013-09-26,237.0,21.1,809.0,1.4,13.9,16.2,12.6,12.0,12.6,14.3,10.44,50.0,Spring
2013-09-27,274.0,13.4,499.0,0.4,15.5,19.3,13.1,13.0,14.7,14.9,4.8,45.2,Spring
2013-09-28,283.0,23.9,856.0,0.1,13.9,16.6,11.8,10.5,11.5,14.6,14.6,44.1,Spring
2013-09-29,290.0,16.1,545.0,0.0,14.1,17.1,11.9,10.4,10.8,14.0,14.6,43.4,Spring
2013-09-30,290.0,20.7,751.0,3.3,13.5,16.0,12.2,10.8,12.0,14.1,5.52,43.1,Spring
2013-10-01,211.0,13.0,378.0,1.7,12.4,15.1,8.5,5.2,10.8,14.3,5.72,42.8,Spring
2013-10-02,266.0,9.7,243.0,0.0,11.9,19.2,5.3,2.5,10.8,14.7,23.6,42.6,Spring
2013-10-03,245.0,9.3,221.0,0.0,11.7,18.7,4.9,1.4,10.6,15.2,24.84,41.7,Spring
2013-10-04,273.0,10.2,314.0,0.0,13.0,20.1,5.5,2.4,12.4,15.1,15.01,40.6,Spring
2013-10-05,106.0,5.4,152.0,0.0,14.7,19.3,10.4,7.0,13.7,16.2,15.09,39.4,Spring
2013-10-06,80.0,6.7,131.0,0.0,12.4,18.2,7.0,3.7,11.7,15.5,12.71,38.0,Spring
2013-10-07,245.0,10.4,253.0,0.0,12.5,18.5,7.5,5.0,11.3,14.9,15.8,36.9,Spring
2013-10-08,288.0,15.3,379.0,0.3,12.5,18.4,4.9,3.3,12.2,14.5,10.66,35.7,Spring
2013-10-09,268.0,22.7,759.0,8.4,12.1,15.2,8.4,5.5,10.0,13.9,16.28,40.7,Spring
2013-10-10,249.0,15.6,442.0,1.3,11.3,16.1,5.5,2.3,9.8,13.6,22.01,40.5,Spring
2013-10-11,268.0,25.9,1045.0,6.9,15.4,17.0,12.8,11.9,14.6,14.5,5.38,39.6,Spring
2013-10-12,266.0,23.7,934.0,5.3,13.1,16.3,11.1,9.5,10.6,13.9,17.66,43.6,Spring
2013-10-13,246.0,16.7,628.0,0.0,14.1,18.3,11.5,9.6,11.5,14.3,19.06,42.7,Spring
2013-10-14,300.0,15.2,399.0,0.0,15.3,20.0,10.5,8.7,12.8,15.3,14.41,42.4,Spring
2013-10-15,271.0,27.1,663.0,1.3,14.6,20.4,8.0,5.8,12.4,15.5,16.61,41.6,Spring
2013-10-16,263.0,19.0,562.0,0.1,12.3,17.0,7.2,3.1,9.9,14.4,22.54,40.5,Spring
2013-10-17,247.0,14.1,462.0,0.9,14.0,18.3,9.9,6.9,12.1,15.6,24.12,39.2,Spring
2013-10-18,256.0,12.9,409.0,0.1,13.9,19.0,8.8,5.9,12.2,16.3,25.32,37.3,Spring
2013-10-19,232.0,12.0,403.0,0.1,14.2,19.2,9.4,4.5,12.4,16.6,21.15,35.2,Spring
2013-10-20,253.0,8.9,225.0,0.0,12.4,19.5,5.2,2.8,10.4,16.6,27.44,33.0,Spring
2013-10-21,232.0,9.8,230.0,0.0,12.9,18.7,6.5,2.5,10.9,17.2,21.88,30.7,Spring
2013-10-22,261.0,14.2,395.0,0.0,12.6,18.8,4.6,1.7,11.4,16.8,23.87,28.6,Spring
2013-10-23,284.0,14.8,493.0,1.2,15.1,17.6,12.2,11.3,15.2,16.5,5.99,27.2,Spring
2013-10-24,284.0,13.2,402.0,0.0,15.7,20.3,11.3,8.5,13.3,17.5,22.09,26.4,Spring
2013-10-25,287.0,23.1,537.0,0.1,15.1,22.5,10.8,7.7,12.6,16.9,16.01,24.9,Spring
2013-10-26,292.0,9.0,282.0,0.0,13.3,19.1,7.9,4.1,10.1,17.3,26.78,23.6,Spring
2013-10-27,249.0,13.6,400.0,0.6,12.4,18.8,4.9,1.3,11.0,16.8,20.5,22.0,Spring
2013-10-28,258.0,14.4,347.0,0.3,12.5,17.2,7.0,3.7,10.1,16.4,22.42,20.8,Spring
2013-10-29,238.0,10.1,273.0,0.3,11.5,17.6,5.0,1.9,9.2,15.8,23.11,19.7,Spring
2013-10-30,271.0,10.1,252.0,0.2,12.2,19.0,4.3,1.2,10.1,15.9,19.68,18.8,Spring
2013-10-31,277.0,15.4,415.0,6.3,15.7,20.5,10.5,9.1,13.2,16.7,14.5,18.8,Spring
2013-11-01,287.0,14.7,418.0,2.3,13.8,18.3,10.4,9.1,12.1,16.6,18.94,21.4,Spring
2013-11-02,229.0,13.9,360.0,0.1,11.9,16.8,6.9,3.6,9.1,15.3,20.71,20.7,Spring
2013-11-03,280.0,8.3,201.0,2.2,12.4,19.7,6.1,3.1,11.6,15.5,14.85,20.3,Spring
2013-11-04,26.0,7.2,185.0,0.0,13.3,19.7,6.5,3.8,11.2,16.7,23.05,19.9,Spring
2013-11-05,62.0,15.8,364.0,15.8,13.7,18.4,7.6,5.3,12.6,16.4,12.22,20.4,Spring
2013-11-06,28.0,9.4,226.0,5.7,14.3,18.6,10.0,7.6,12.3,16.6,14.65,26.4,Spring
2013-11-07,244.0,8.3,235.0,10.9,12.9,17.5,9.5,7.6,12.8,16.2,13.07,34.3,Spring
2013-11-08,221.0,7.4,167.0,0.1,13.4,19.2,8.7,6.6,12.5,16.5,16.49,35.2,Spring
2013-11-09,262.0,12.0,364.0,0.0,15.2,18.8,12.6,10.0,12.7,17.4,21.57,33.8,Spring
2013-11-10,239.0,12.6,356.0,0.0,15.1,19.1,12.1,10.3,13.0,17.5,17.33,32.3,Spring
2013-11-11,205.0,12.7,379.0,0.0,16.0,20.9,12.4,10.0,14.4,17.6,15.25,30.5,Spring
2013-11-12,66.0,9.8,263.0,0.0,16.7,19.8,14.6,12.8,13.6,19.1,20.41,28.7,Spring
2013-11-13,77.0,8.9,250.0,0.0,14.5,18.6,8.6,5.0,9.8,19.4,28.62,26.2,Spring
2013-11-14,204.0,8.0,148.0,0.0,12.6,19.0,5.6,2.9,10.8,18.0,12.91,24.1,Spring
2013-11-15,48.0,6.8,176.0,0.0,13.6,21.3,5.6,2.9,11.8,18.0,17.01,22.7,Spring
2013-11-16,268.0,6.0,151.0,0.0,14.8,20.7,6.5,3.9,12.6,18.2,14.64,21.4,Spring
2013-11-17,59.0,5.5,132.0,0.0,16.5,21.8,9.4,7.8,14.0,19.1,13.01,20.4,Spring
2013-11-18,160.0,5.5,144.0,0.0,17.2,23.0,9.8,7.3,13.7,19.8,18.96,19.5,Spring
2013-11-19,67.0,9.9,295.0,0.0,17.5,21.9,13.2,11.0,15.2,20.6,21.15,18.4,Spring
2013-11-20,82.0,11.6,458.0,2.1,17.5,21.0,15.2,12.8,15.4,20.1,19.8,17.7,Spring
2013-11-21,60.0,11.7,387.0,1.3,17.6,21.1,15.1,13.3,16.1,20.5,26.21,17.4,Spring
2013-11-22,81.0,7.3,251.0,0.0,17.7,22.3,11.9,9.0,14.9,21.3,27.02,16.7,Spring
2013-11-23,111.0,7.9,177.0,0.0,17.3,23.7,9.9,7.9,12.9,21.6,29.16,15.8,Spring
2013-11-24,267.0,9.6,262.0,0.0,17.1,24.2,10.3,7.9,14.6,21.5,24.98,15.0,Spring
2013-11-25,43.0,8.1,187.0,0.5,17.8,22.9,10.8,8.2,15.1,21.4,17.86,14.3,Spring
2013-11-26,287.0,10.3,269.0,3.2,19.2,25.4,14.6,12.2,17.3,21.8,22.65,14.7,Spring
2013-11-27,46.0,10.1,215.0,9.5,16.9,21.2,13.4,11.4,17.1,20.1,7.45,15.4,Spring
2013-11-28,238.0,16.0,590.0,5.9,17.6,21.6,14.8,13.7,15.8,20.0,22.63,21.1,Spring
2013-11-29,238.0,13.6,540.0,2.0,17.4,21.4,14.2,13.0,14.7,19.6,24.75,20.9,Spring
2013-11-30,281.0,21.8,636.0,1.5,18.2,24.4,14.5,12.4,15.3,19.8,20.25,19.3,Spring
2013-12-01,248.0,12.1,316.0,0.1,16.0,19.9,11.4,8.8,11.5,19.6,25.65,18.2,Summer
2013-12-02,94.0,7.8,244.0,0.0,15.8,21.6,8.2,5.9,11.5,20.6,29.89,17.0,Summer
2013-12-03,60.0,15.7,512.0,1.2,17.2,19.3,14.8,11.2,16.3,19.7,7.12,15.8,Summer
2013-12-04,48.0,15.0,586.0,46.3,17.4,18.1,16.6,16.3,18.5,18.9,2.64,27.0,Summer
2013-12-05,32.0,14.4,426.0,40.2,18.8,22.5,17.0,15.9,19.7,19.4,9.22,45.4,Summer
2013-12-06,270.0,8.3,279.0,0.0,19.2,24.4,14.4,11.8,16.8,20.7,23.37,36.5,Summer
2013-12-07,286.0,11.8,343.0,2.0,16.6,21.5,11.8,9.9,15.4,19.8,19.05,35.2,Summer
2013-12-08,273.0,16.5,440.0,0.0,17.0,22.0,12.0,9.1,14.1,19.7,21.86,34.1,Summer
2013-12-09,248.0,13.0,290.0,0.4,16.6,22.2,12.4,8.9,14.2,20.0,23.33,32.6,Summer
2013-12-10,249.0,9.1,242.0,0.0,15.4,21.3,8.9,5.3,12.0,19.9,22.45,30.6,Summer
2013-12-11,244.0,8.8,227.0,0.0,14.9,21.5,8.8,6.1,12.7,19.4,16.42,28.5,Summer
2013-12-12,264.0,7.6,193.0,0.0,18.3,24.0,13.2,11.3,14.7,21.3,24.88,26.7,Summer
2013-12-13,75.0,8.5,189.0,0.0,17.7,23.4,12.0,10.0,15.1,22.1,28.37,24.7,Summer
2013-12-14,95.0,8.4,190.0,0.0,18.1,24.2,11.1,7.7,15.6,22.7,27.94,22.6,Summer
2013-12-15,93.0,7.6,185.0,0.0,18.6,24.6,11.8,9.2,16.3,23.0,23.68,20.6,Summer
2013-12-16,70.0,6.4,161.0,0.0,18.9,25.6,11.7,8.8,16.0,22.8,23.43,19.5,Summer
2013-12-17,257.0,10.8,289.0,0.0,18.7,24.4,12.8,10.5,15.1,22.3,26.12,18.4,Summer
2013-12-18,230.0,14.0,391.0,0.0,16.6,21.4,10.8,8.2,12.4,20.7,21.12,17.5,Summer
2013-12-19,232.0,14.6,433.0,0.0,17.4,21.4,14.3,12.5,12.4,20.3,25.19,16.7,Summer
2013-12-20,72.0,8.2,260.0,0.0,17.1,22.1,10.7,7.2,12.6,20.9,26.33,16.0,Summer
2013-12-21,267.0,14.0,392.0,0.0,15.1,21.2,7.1,4.4,12.0,20.0,25.16,15.3,Summer
2013-12-22,212.0,15.6,449.0,0.0,17.2,20.7,12.2,9.2,12.6,20.1,29.75,14.7,Summer
2013-12-23,231.0,11.8,250.0,0.0,15.7,21.9,7.9,6.3,11.5,20.0,23.33,14.2,Summer
2013-12-24,265.0,12.3,351.0,0.0,16.8,22.3,10.7,8.6,13.5,20.3,24.4,13.8,Summer
2013-12-25,286.0,16.2,581.0,5.4,17.7,20.8,14.8,13.8,16.1,19.9,14.96,14.4,Summer
2013-12-26,255.0,15.5,388.0,0.6,15.9,20.4,11.5,8.6,13.6,19.1,19.29,14.5,Summer
2013-12-27,272.0,8.9,216.0,0.0,16.3,23.0,9.0,7.0,13.7,19.2,15.42,14.2,Summer
2013-12-28,42.0,11.8,269.0,0.7,15.9,19.5,11.0,9.2,15.0,19.0,9.5,13.9,Summer
2013-12-29,4.0,13.1,343.0,46.9,18.6,23.0,15.2,13.5,17.9,19.7,22.5,25.6,Summer
2013-12-30,254.0,15.2,374.0,1.1,17.2,22.6,11.4,9.8,16.8,19.9,20.92,26.8,Summer
2013-12-31,233.0,11.2,314.0,0.0,17.0,21.6,10.9,7.4,12.3,20.2,29.6,25.2,Summer
2014-01-01,264.0,9.6,198.0,0.8,16.2,23.2,8.8,6.4,15.0,20.0,17.9,23.6,Summer
2014-01-02,268.0,7.8,174.0,0.0,17.8,23.6,11.6,9.0,14.9,21.0,24.04,22.6,Summer
2014-01-03,283.0,18.2,474.0,0.0,19.2,26.0,11.7,10.1,17.0,21.0,20.74,21.2,Summer
2014-01-04,288.0,12.3,433.0,0.0,22.0,26.9,18.8,17.0,19.6,22.1,21.7,19.7,Summer
2014-01-05,277.0,17.9,408.0,2.4,19.6,26.8,12.5,9.4,18.5,21.7,12.61,19.0,Summer
2014-01-06,228.0,10.8,272.0,0.0,16.4,23.3,9.2,6.5,12.3,20.7,30.2,18.5,Summer
2014-01-07,34.0,9.6,251.0,3.1,17.6,25.8,7.8,5.5,15.3,21.3,27.91,17.5,Summer
2014-01-08,265.0,15.3,458.0,1.9,18.3,22.3,14.8,13.0,15.2,21.4,20.85,18.7,Summer
2014-01-09,216.0,14.4,318.0,1.4,15.7,20.1,11.0,7.9,12.2,19.7,23.1,17.7,Summer
2014-01-10,253.0,11.3,268.0,0.0,15.7,22.0,8.1,5.7,12.2,19.7,21.33,17.0,Summer
2014-01-11,239.0,10.3,268.0,0.0,15.9,21.0,10.4,7.8,12.9,19.5,16.0,16.3,Summer
2014-01-12,260.0,10.7,297.0,0.0,16.9,20.4,12.8,11.0,13.7,19.8,15.2,15.8,Summer
2014-01-13,269.0,17.3,485.0,0.1,18.5,22.8,15.6,11.9,14.4,20.1,21.76,15.3,Summer
2014-01-14,244.0,17.2,418.0,0.1,17.0,20.7,13.8,10.2,12.4,19.8,23.18,14.7,Summer
2014-01-15,227.0,8.6,218.0,0.0,17.6,23.2,13.0,9.0,12.5,20.2,20.91,14.2,Summer
2014-01-16,242.0,13.6,415.0,0.0,15.6,20.4,8.8,5.6,13.4,19.3,13.27,13.8,Summer
2014-01-17,241.0,18.3,684.0,2.7,17.8,21.0,15.2,13.7,14.9,19.6,25.22,13.9,Summer
2014-01-18,235.0,10.1,257.0,0.0,17.4,22.2,11.3,8.3,11.3,20.2,25.79,13.6,Summer
2014-01-19,84.0,8.6,205.0,0.0,16.7,24.9,8.3,6.3,13.6,20.9,24.06,13.2,Summer
2014-01-20,70.0,16.6,392.0,15.9,17.1,21.4,14.5,13.9,17.3,20.4,12.61,14.0,Summer
2014-01-21,284.0,25.0,664.0,11.2,18.6,20.7,15.9,14.0,18.2,20.1,15.26,21.3,Summer
2014-01-22,275.0,18.1,558.0,0.7,19.6,25.4,16.2,15.2,17.3,20.4,22.51,21.2,Summer
2014-01-23,232.0,17.0,533.0,0.9,17.5,20.8,13.9,9.7,12.8,19.9,23.7,20.5,Summer
2014-01-24,214.0,10.5,321.0,0.0,17.7,22.7,13.2,9.4,12.4,19.8,22.07,19.4,Summer
2014-01-25,68.0,13.2,345.0,0.0,16.7,22.7,8.8,5.9,14.4,20.1,24.22,18.4,Summer
2014-01-26,243.0,10.7,402.0,1.1,19.9,23.7,16.9,16.4,19.1,20.8,11.18,17.6,Summer
2014-01-27,230.0,14.7,381.0,0.0,16.6,20.2,12.1,8.8,11.8,20.1,25.28,17.0,Summer
2014-01-28,233.0,11.8,329.0,0.0,16.0,21.2,9.9,8.0,11.2,20.2,29.06,16.2,Summer
2014-01-29,254.0,9.7,217.0,0.0,16.6,24.0,8.4,5.9,13.7,21.0,27.46,15.4,Summer
2014-01-30,232.0,13.8,343.0,0.0,17.6,22.3,12.7,9.4,13.6,21.2,27.84,14.6,Summer
2014-01-31,122.0,9.9,230.0,0.0,17.7,23.4,10.9,8.9,13.5,21.7,28.79,14.1,Summer
2014-02-01,262.0,13.0,336.0,0.0,18.7,24.5,14.3,11.1,12.6,21.7,24.29,13.5,Summer
2014-02-02,68.0,9.8,238.0,0.0,18.3,23.2,11.3,8.7,12.2,21.9,28.87,13.1,Summer
2014-02-03,91.0,8.9,238.0,0.0,18.0,23.5,12.2,9.4,15.0,22.6,27.81,12.7,Summer
2014-02-04,80.0,6.4,144.0,0.0,17.1,22.7,11.3,9.2,14.2,21.4,11.07,12.3,Summer
2014-02-05,60.0,8.3,222.0,0.0,18.7,23.4,14.6,13.3,15.6,21.8,16.81,12.2,Summer
2014-02-06,95.0,20.0,647.0,5.6,18.4,20.7,15.7,15.7,16.6,20.7,9.19,12.2,Summer
2014-02-07,81.0,16.6,558.0,29.5,17.7,19.6,15.8,15.9,19.1,19.6,4.26,18.3,Summer
2014-02-08,261.0,12.5,483.0,2.9,20.3,23.4,17.7,17.4,18.8,21.4,25.11,22.2,Summer
2014-02-09,230.0,13.6,392.0,0.0,20.4,25.5,17.4,16.0,18.0,21.9,25.08,21.6,Summer
2014-02-10,263.0,9.3,243.0,0.0,19.6,24.0,14.9,11.8,14.4,21.8,20.6,20.9,Summer
2014-02-11,236.0,9.8,258.0,0.0,17.5,22.5,12.4,9.4,14.8,20.9,15.34,20.3,Summer
2014-02-12,281.0,13.6,337.0,0.0,15.9,21.9,9.7,7.3,13.5,19.9,18.53,19.6,Summer
2014-02-13,262.0,14.2,403.0,0.5,17.2,21.8,14.1,11.1,14.2,19.8,17.62,18.9,Summer
2014-02-14,229.0,12.5,340.0,0.7,17.1,22.0,13.5,10.2,14.0,19.8,19.02,18.2,Summer
2014-02-15,206.0,6.4,174.0,0.0,17.3,22.5,12.4,9.6,14.0,19.8,13.21,17.7,Summer
2014-02-16,71.0,9.8,246.0,0.0,17.1,24.3,9.3,6.7,13.9,20.6,27.74,17.2,Summer
2014-02-17,81.0,13.5,498.0,0.0,20.2,23.8,17.7,15.8,18.1,21.8,22.18,16.4,Summer
2014-02-18,68.0,12.4,505.0,0.0,21.2,24.7,19.3,18.6,19.3,22.8,20.5,16.0,Summer
2014-02-19,81.0,14.0,514.0,2.8,20.1,20.8,19.4,19.2,20.4,21.7,4.03,15.8,Summer
2014-02-20,102.0,12.3,449.0,0.6,20.1,21.2,19.1,18.6,19.9,20.9,5.27,16.1,Summer
2014-02-21,72.0,13.1,465.0,0.5,21.0,23.8,19.3,18.4,19.8,22.1,22.17,16.0,Summer
2014-02-22,98.0,5.9,188.0,6.6,21.1,24.5,18.4,17.5,23.0,22.9,11.79,17.5,Summer
2014-02-23,226.0,15.3,377.0,0.1,18.7,21.9,15.1,11.6,15.1,21.6,19.07,18.0,Summer
2014-02-24,233.0,12.5,288.0,0.0,17.1,22.0,12.2,7.6,11.1,20.6,26.29,17.9,Summer
2014-02-25,228.0,9.6,220.0,0.0,15.9,22.7,8.7,5.9,12.8,20.2,19.0,17.2,Summer
2014-02-26,60.0,8.4,201.0,0.0,17.0,23.1,10.8,7.8,14.4,20.6,22.97,16.4,Summer
2014-02-27,53.0,7.6,180.0,0.0,18.2,23.4,13.7,10.9,15.8,21.5,21.17,16.0,Summer
2014-02-28,251.0,12.8,328.0,0.1,17.2,23.9,10.9,8.6,14.6,20.8,20.58,15.5,Summer
2014-03-01,221.0,13.8,331.0,0.0,15.8,20.2,9.6,6.4,10.8,19.7,16.94,15.1,Autumn
2014-03-02,237.0,10.3,265.0,0.0,14.6,21.3,8.4,4.9,11.7,19.0,15.68,14.7,Autumn
2014-03-03,234.0,16.0,417.0,1.3,15.3,21.0,11.3,9.1,13.3,18.7,17.44,14.5,Autumn
2014-03-04,233.0,15.3,415.0,0.1,15.0,19.6,9.7,6.6,10.3,18.1,20.92,14.5,Autumn
2014-03-05,250.0,17.4,509.0,2.9,16.2,20.0,13.8,10.0,11.7,17.8,19.13,14.4,Autumn
2014-03-06,256.0,10.5,261.0,0.0,16.7,23.1,11.1,7.5,11.7,18.6,26.01,14.5,Autumn
2014-03-07,83.0,7.9,169.0,0.0,15.3,23.9,7.2,3.8,12.6,19.1,21.87,14.2,Autumn
2014-03-08,249.0,10.8,221.0,0.0,15.3,23.4,8.2,5.1,12.2,19.1,22.03,13.8,Autumn
2014-03-09,237.0,8.7,185.0,0.9,16.0,22.1,9.5,6.0,14.1,18.9,11.61,13.5,Autumn
2014-03-10,52.0,8.2,203.0,0.0,17.1,22.7,10.3,7.5,15.0,19.6,22.04,13.4,Autumn
2014-03-11,55.0,7.6,169.0,0.0,17.8,23.0,13.7,11.5,15.4,20.8,21.28,13.3,Autumn
2014-03-12,97.0,9.4,234.0,0.0,17.3,22.5,11.8,8.7,14.4,20.6,20.75,13.1,Autumn
2014-03-13,68.0,9.7,244.0,0.0,16.2,22.5,10.2,7.2,13.6,19.8,18.08,12.9,Autumn
2014-03-14,111.0,17.0,374.0,0.0,17.5,20.6,11.6,8.5,15.5,19.2,6.73,12.8,Autumn
2014-03-15,88.0,22.5,896.0,29.9,19.3,20.6,17.2,17.0,20.2,19.4,3.67,16.6,Autumn
2014-03-16,275.0,18.1,572.0,2.2,19.7,23.5,17.3,15.7,18.9,20.0,10.89,19.0,Autumn
2014-03-17,281.0,9.2,335.0,0.0,18.8,23.6,13.4,11.6,16.2,19.7,18.01,19.0,Autumn
2014-03-18,258.0,7.9,227.0,0.3,18.1,25.0,12.0,9.8,16.8,19.8,17.12,18.8,Autumn
2014-03-19,224.0,6.7,206.0,0.0,18.6,24.4,12.3,8.8,15.4,21.0,19.82,18.4,Autumn
2014-03-20,217.0,9.5,228.0,0.0,15.6,22.9,8.2,5.0,13.0,19.4,19.34,17.4,Autumn
2014-03-21,86.0,9.2,302.0,0.0,18.1,22.7,12.6,9.6,14.9,19.8,19.92,17.8,Autumn
2014-03-22,82.0,7.8,191.0,0.0,17.5,22.0,12.3,9.3,13.0,20.4,21.52,17.3,Autumn
2014-03-23,56.0,7.6,186.0,2.6,15.6,21.3,9.8,7.5,15.0,19.4,13.33,17.3,Autumn
2014-03-24,295.0,6.8,144.0,0.2,16.0,22.5,10.8,8.1,15.3,19.0,12.77,17.3,Autumn
2014-03-25,252.0,13.2,339.0,0.0,15.9,21.2,10.6,8.6,14.3,18.7,16.54,16.9,Autumn
2014-03-26,249.0,13.8,441.0,0.8,16.7,20.1,14.3,10.8,12.7,18.5,17.19,16.5,Autumn
2014-03-27,235.0,10.1,298.0,0.0,16.5,21.2,12.1,8.3,12.7,18.4,17.66,16.1,Autumn
2014-03-28,229.0,6.8,171.0,0.0,15.1,23.3,7.4,5.1,13.5,18.5,19.87,15.8,Autumn
2014-03-29,254.0,6.9,128.0,0.0,16.2,24.3,9.7,6.7,13.7,19.2,19.13,15.5,Autumn
2014-03-30,67.0,6.5,128.0,0.0,15.3,23.9,7.8,5.2,13.7,19.0,19.17,15.1,Autumn
2014-03-31,106.0,5.8,152.0,0.0,16.0,23.9,9.9,6.9,13.3,19.2,20.28,14.7,Autumn
2014-04-01,60.0,6.2,162.0,0.0,15.1,23.2,7.6,4.1,13.3,18.8,20.07,14.5,Autumn
2014-04-02,86.0,7.3,192.0,0.0,16.6,22.1,10.6,8.2,15.2,18.9,11.57,14.3,Autumn
2014-04-03,55.0,7.8,151.0,0.0,16.3,21.8,12.2,9.0,14.9,18.8,11.51,14.2,Autumn
2014-04-04,203.0,7.4,131.0,0.3,15.7,21.2,11.7,9.1,15.1,18.3,7.44,14.0,Autumn
2014-04-05,243.0,11.0,292.0,0.0,15.7,22.0,9.4,6.3,13.8,18.0,18.23,13.9,Autumn
2014-04-06,265.0,12.2,358.0,0.0,17.5,22.8,13.7,10.1,15.4,18.5,17.46,13.7,Autumn
2014-04-07,276.0,11.8,471.0,0.0,18.1,22.6,14.1,11.6,16.2,18.8,16.9,13.5,Autumn
2014-04-08,283.0,10.1,437.0,0.0,18.8,23.8,16.0,14.5,17.5,19.3,15.16,13.4,Autumn
2014-04-09,284.0,5.6,155.0,0.0,18.8,22.6,15.9,14.6,17.5,19.5,6.7,13.3,Autumn
2014-04-10,86.0,7.6,199.0,1.9,18.1,22.0,14.8,12.6,17.6,19.4,9.3,13.3,Autumn
2014-04-11,273.0,10.6,254.0,0.4,16.7,22.4,11.4,9.4,15.9,18.7,13.46,13.3,Autumn
2014-04-12,279.0,13.5,273.0,0.0,15.9,21.9,10.4,7.0,13.8,18.0,14.97,13.3,Autumn
2014-04-13,60.0,9.8,221.0,0.0,15.5,21.9,8.2,5.0,13.9,17.5,14.26,13.0,Autumn
2014-04-14,42.0,12.7,446.0,2.1,18.4,20.8,14.6,13.2,17.0,18.3,6.0,13.2,Autumn
2014-04-15,27.0,15.0,570.0,0.1,18.7,19.7,18.0,17.0,16.1,18.1,3.96,13.2,Autumn
2014-04-16,59.0,16.6,476.0,6.2,18.6,20.1,16.6,15.9,17.1,18.1,3.51,13.4,Autumn
2014-04-17,42.0,25.2,724.0,47.1,19.8,23.4,17.1,16.5,18.7,18.9,12.13,21.7,Autumn
2014-04-18,353.0,10.3,328.0,0.0,19.3,23.0,15.3,12.2,17.7,18.9,12.65,21.5,Autumn
2014-04-19,258.0,17.3,416.0,3.0,17.8,22.3,13.0,10.8,16.0,18.6,13.31,21.5,Autumn
2014-04-20,291.0,14.1,374.0,5.1,15.4,20.9,12.3,10.2,14.9,17.4,8.63,22.5,Autumn
2014-04-21,254.0,15.0,343.0,1.5,14.6,19.0,10.9,8.2,13.6,16.6,12.41,23.3,Autumn
2014-04-22,268.0,12.8,303.0,3.1,14.5,19.6,10.3,7.7,13.0,16.3,13.27,23.4,Autumn
2014-04-23,238.0,9.8,211.0,0.7,12.7,19.2,7.5,4.3,11.1,15.9,12.75,24.6,Autumn
2014-04-24,266.0,9.7,261.0,0.1,13.1,20.5,5.6,3.3,13.5,15.5,9.31,24.3,Autumn
2014-04-25,276.0,11.4,381.0,1.9,15.9,20.1,13.2,12.1,15.9,16.6,9.56,24.2,Autumn
2014-04-26,206.0,7.2,226.0,1.6,13.9,18.8,6.6,3.1,12.7,16.3,10.47,24.7,Autumn
2014-04-27,315.0,9.4,225.0,0.1,12.7,19.0,4.2,1.5,12.2,15.1,11.29,24.5,Autumn
2014-04-28,278.0,17.8,511.0,8.9,13.8,17.5,9.3,8.3,12.0,15.6,12.29,26.6,Autumn
2014-04-29,286.0,16.4,443.0,3.5,13.6,18.8,9.2,7.0,12.3,14.8,9.32,28.3,Autumn
2014-04-30,68.0,5.4,153.0,0.0,13.6,19.8,8.1,5.3,11.8,15.3,14.2,27.5,Autumn
2014-05-01,231.0,7.4,179.0,0.0,11.4,19.7,5.0,2.0,10.3,14.8,14.27,27.4,Autumn
2014-05-02,54.0,5.3,111.0,0.0,11.6,17.8,6.9,4.4,11.5,14.6,8.73,27.1,Autumn
2014-05-03,315.0,4.9,134.0,0.0,12.6,21.4,6.2,3.1,11.1,14.8,13.42,27.0,Autumn
2014-05-04,11.0,7.9,181.0,0.0,14.1,20.4,7.1,4.2,12.9,15.0,12.74,26.7,Autumn
2014-05-05,17.0,15.0,405.0,2.7,17.2,19.1,13.7,12.0,16.6,16.1,1.93,26.7,Autumn
2014-05-06,246.0,9.4,250.0,0.0,16.0,21.4,11.1,8.9,15.1,16.2,13.0,26.7,Autumn
2014-05-07,248.0,12.4,280.0,0.1,14.4,20.7,8.5,6.4,13.7,15.8,12.56,26.6,Autumn
2014-05-08,315.0,5.9,233.0,3.4,15.6,19.8,11.9,8.3,14.9,16.3,7.93,26.8,Autumn
2014-05-09,333.0,10.8,210.0,1.1,12.8,18.1,8.6,6.3,12.7,15.5,9.13,27.0,Autumn
2014-05-10,163.0,8.4,224.0,0.2,11.7,18.0,7.2,4.3,11.0,14.5,9.39,26.9,Autumn
2014-05-11,233.0,6.6,143.0,0.0,11.5,19.4,5.3,1.8,10.9,14.1,11.52,26.8,Autumn
2014-05-12,287.0,9.6,199.0,0.0,12.4,19.5,6.8,3.6,11.8,14.3,9.82,26.8,Autumn
2014-05-13,287.0,7.4,227.0,0.1,12.9,18.5,9.1,6.3,12.2,14.5,10.25,26.7,Autumn
2014-05-14,263.0,17.6,449.0,4.3,13.1,17.5,10.0,7.9,12.0,14.6,11.35,26.9,Autumn
2014-05-15,228.0,12.4,298.0,0.9,12.6,17.0,8.0,5.3,10.8,13.7,10.42,27.0,Autumn
2014-05-16,230.0,10.2,243.0,0.0,11.7,17.2,6.1,2.2,9.9,13.2,12.81,27.1,Autumn
2014-05-17,222.0,11.8,230.0,0.0,11.3,17.2,3.5,0.0,10.8,12.8,7.74,27.0,Autumn
2014-05-18,234.0,7.2,149.0,0.0,12.7,18.6,8.2,5.8,12.3,13.7,8.28,27.0,Autumn
2014-05-19,211.0,9.2,226.0,0.0,13.2,19.6,8.2,5.1,12.5,14.1,10.88,26.9,Autumn
2014-05-20,235.0,8.5,208.0,0.0,12.2,19.1,6.2,3.8,11.8,13.8,10.03,26.8,Autumn
2014-05-21,213.0,12.4,391.0,0.6,13.1,18.4,6.6,3.3,13.4,13.6,7.64,26.7,Autumn
2014-05-22,205.0,11.8,330.0,0.9,13.9,16.5,11.2,7.5,10.7,14.1,10.22,26.6,Autumn
2014-05-23,280.0,14.1,468.0,0.0,13.6,17.0,7.2,4.7,11.8,13.5,6.42,26.4,Autumn
2014-05-24,274.0,18.1,620.0,0.0,16.1,19.8,13.4,12.0,14.5,14.6,6.78,26.4,Autumn
2014-05-25,269.0,13.1,318.0,17.1,15.4,18.6,13.6,11.6,15.0,15.3,7.08,31.3,Autumn
2014-05-26,223.0,16.7,461.0,2.9,11.9,14.7,4.8,0.7,10.2,14.0,8.19,32.1,Autumn
2014-05-27,118.0,8.2,248.0,0.0,6.8,12.8,0.5,-2.3,6.2,11.4,12.17,31.6,Autumn
2014-05-28,267.0,4.2,104.0,0.0,5.6,15.2,-1.4,-5.0,6.5,10.3,12.16,31.2,Autumn
2014-05-29,291.0,12.0,347.0,0.0,10.7,15.8,2.2,-0.4,11.3,11.0,4.05,31.0,Autumn
2014-05-30,297.0,9.1,239.0,8.0,14.3,17.0,11.5,9.4,13.9,13.3,5.75,33.2,Autumn
2014-05-31,132.0,5.5,183.0,0.0,11.4,15.5,5.6,2.6,10.5,13.1,8.76,32.9,Autumn
2014-06-01,185.0,6.8,204.0,0.0,10.4,16.7,4.0,1.6,9.6,11.9,11.34,32.4,Winter
2014-06-02,192.0,8.0,229.0,2.4,12.1,15.8,9.8,7.0,11.2,12.5,5.27,32.5,Winter
2014-06-03,102.0,7.1,195.0,0.0,13.9,17.8,10.0,6.0,12.7,13.1,8.87,32.7,Winter
2014-06-04,85.0,8.9,233.0,0.4,12.5,16.6,8.3,4.7,12.0,13.3,6.21,32.6,Winter
2014-06-05,86.0,7.4,158.0,4.0,10.8,15.3,6.4,3.0,11.7,12.4,4.84,32.6,Winter
2014-06-06,43.0,6.2,128.0,0.4,11.2,15.3,6.9,4.5,12.0,12.6,5.21,34.0,Winter
2014-06-07,43.0,9.8,229.0,0.0,12.3,17.7,7.3,4.5,11.8,12.7,7.67,33.7,Winter
2014-06-08,38.0,11.9,375.0,0.9,15.3,17.5,10.1,8.2,15.2,13.5,3.9,33.6,Winter
2014-06-09,49.0,17.1,535.0,16.7,16.1,17.1,14.7,14.4,16.4,14.7,0.94,37.9,Winter
2014-06-10,81.0,29.1,709.0,100.0,14.0,16.4,12.2,12.5,14.5,14.4,0.82,51.1,Winter
2014-06-11,83.0,24.2,255.0,2.9,14.2,19.0,10.5,8.2,13.1,14.1,8.64,39.6,Winter
2014-06-12,116.0,16.8,198.0,2.5,13.3,17.8,10.1,8.0,12.8,14.1,8.82,35.7,Winter
2014-06-13,185.0,9.8,241.0,1.1,12.4,16.7,7.9,5.1,10.3,13.2,10.24,36.1,Winter
2014-06-14,82.0,4.8,120.0,0.0,9.1,16.1,4.4,1.0,9.8,11.9,10.74,34.9,Winter
2014-06-15,277.0,4.5,92.0,0.1,9.0,17.4,3.8,0.9,9.6,11.2,9.26,34.6,Winter
2014-06-16,354.0,13.4,318.0,8.1,13.0,16.5,6.6,5.5,13.1,12.0,2.7,35.3,Winter
2014-06-17,283.0,18.8,624.0,3.5,14.9,17.1,12.8,10.8,14.4,13.9,5.17,39.9,Winter
2014-06-18,264.0,16.2,416.0,2.0,12.3,16.2,7.6,4.0,11.5,13.1,9.57,37.6,Winter
2014-06-19,249.0,12.6,337.0,2.5,10.8,14.8,7.2,3.4,10.9,11.7,5.53,36.7,Winter
2014-06-20,230.0,13.6,305.0,0.9,10.7,14.7,6.2,3.9,10.4,11.6,7.36,36.9,Winter
2014-06-21,278.0,11.2,264.0,0.9,10.3,16.1,6.5,3.6,10.8,11.4,8.08,35.9,Winter
2014-06-22,283.0,8.2,241.0,3.0,12.2,16.3,8.4,5.1,12.9,12.2,5.19,36.3,Winter
2014-06-23,72.0,5.2,125.0,0.9,11.7,15.3,7.4,4.5,12.6,12.5,4.9,37.0,Winter
2014-06-24,21.0,12.5,328.0,0.0,13.3,16.5,9.0,6.5,12.0,12.6,9.02,36.4,Winter
2014-06-25,355.0,16.6,530.0,27.1,15.4,16.5,13.6,12.6,14.9,13.5,1.13,40.9,Winter
2014-06-26,284.0,13.0,354.0,8.0,15.3,18.3,13.0,11.4,14.9,14.5,5.0,44.7,Winter
2014-06-27,249.0,22.1,499.0,8.1,12.2,16.6,9.0,6.0,11.8,13.1,5.21,41.2,Winter
2014-06-28,243.0,21.2,565.0,4.7,12.5,15.3,9.8,5.3,10.7,12.1,8.74,43.3,Winter
2014-06-29,357.0,8.0,134.0,0.0,10.0,16.4,4.1,1.2,10.1,11.6,6.6,37.6,Winter
2014-06-30,25.0,15.3,494.0,4.7,14.5,15.7,12.3,10.0,14.1,12.8,1.64,38.9,Winter
2014-07-01,286.0,15.6,357.0,2.7,12.3,15.5,9.2,6.8,12.4,12.9,5.32,39.7,Winter
2014-07-02,234.0,18.3,667.0,9.4,9.8,13.1,6.8,4.9,9.4,11.1,5.85,42.9,Winter
2014-07-03,227.0,20.5,430.0,7.7,8.2,13.6,4.1,1.7,8.5,9.9,8.13,46.5,Winter
2014-07-04,214.0,13.4,274.0,4.1,9.0,13.0,4.4,3.3,9.4,10.0,9.1,41.4,Winter
2014-07-05,252.0,20.0,702.0,0.8,13.6,16.5,10.7,5.6,11.9,11.5,8.14,38.2,Winter
2014-07-06,70.0,5.8,156.0,0.7,11.1,15.2,8.1,4.8,11.5,11.7,6.64,38.0,Winter
2014-07-07,83.0,15.4,469.0,10.4,12.5,14.4,8.5,7.1,13.0,12.3,2.47,44.4,Winter
2014-07-08,92.0,29.2,933.0,7.8,12.8,13.8,11.4,10.4,11.4,12.0,1.26,45.0,Winter
2014-07-09,74.0,24.9,1017.0,3.1,13.3,14.1,12.4,11.8,12.7,12.3,1.65,47.4,Winter
2014-07-10,70.0,20.9,859.0,8.4,13.8,15.0,12.8,12.0,13.1,12.8,1.77,49.5,Winter
2014-07-11,61.0,18.9,724.0,23.5,13.4,14.9,12.6,11.8,12.7,12.7,2.7,49.4,Winter
2014-07-12,37.0,19.7,306.0,31.1,12.1,14.3,9.0,7.3,12.8,13.0,3.82,51.6,Winter
2014-07-13,285.0,8.5,204.0,0.5,10.1,17.0,4.9,3.7,11.2,12.1,8.24,43.0,Winter
2014-07-14,185.0,4.9,110.0,0.0,6.8,10.8,2.9,1.6,9.4,10.6,4.18,39.4,Winter
2014-07-15,195.0,9.0,220.0,0.1,8.3,14.6,3.0,1.8,9.1,10.1,10.31,38.6,Winter
2014-07-16,183.0,8.2,247.0,0.0,7.5,12.7,3.0,0.3,7.2,9.4,11.83,38.3,Winter
2014-07-17,167.0,7.8,231.0,1.1,7.2,12.2,3.3,-0.3,7.4,9.2,11.82,38.1,Winter
2014-07-18,239.0,10.0,227.0,0.0,6.1,12.0,0.9,-1.9,7.1,8.2,11.87,38.0,Winter
2014-07-19,102.0,17.8,404.0,30.5,7.1,12.7,-0.7,-3.1,9.5,8.0,3.35,41.5,Winter
2014-07-20,112.0,15.8,415.0,17.6,10.9,13.2,7.8,5.1,10.9,10.8,5.16,50.7,Winter
2014-07-21,217.0,18.6,509.0,9.9,9.5,13.5,7.7,4.9,9.2,10.0,9.01,49.2,Winter
2014-07-22,219.0,16.5,240.0,3.1,6.4,11.4,1.0,-0.6,7.6,8.9,9.44,43.9,Winter
2014-07-23,228.0,14.9,295.0,0.0,7.6,13.7,0.4,-1.0,8.1,8.2,9.67,40.6,Winter
2014-07-24,250.0,10.7,238.0,3.7,8.5,14.3,2.9,0.5,9.4,9.0,10.61,40.7,Winter
2014-07-25,243.0,17.3,463.0,3.6,10.4,13.9,6.4,3.0,10.0,9.6,10.19,41.7,Winter
2014-07-26,204.0,8.8,229.0,1.6,10.0,14.5,4.8,2.1,10.0,9.8,8.44,40.6,Winter
2014-07-27,265.0,10.6,247.0,1.4,9.4,13.7,3.8,0.9,9.6,10.0,9.05,39.7,Winter
2014-07-28,186.0,5.8,152.0,0.7,6.6,13.5,0.7,-0.7,8.1,8.9,12.14,39.4,Winter
2014-07-29,7.0,7.6,209.0,0.4,9.5,16.1,1.7,-0.2,9.7,9.1,8.57,39.1,Winter
2014-07-30,260.0,9.9,340.0,0.9,13.2,18.3,10.4,8.2,12.4,11.7,9.65,38.9,Winter
2014-07-31,287.0,8.0,251.0,0.6,12.3,18.1,6.6,4.3,12.2,12.1,11.62,38.8,Winter
2014-08-01,9.0,9.7,207.0,0.6,11.5,17.7,3.6,2.2,12.5,11.6,7.07,38.6,Winter
2014-08-02,349.0,12.3,432.0,0.4,16.5,19.9,15.0,13.3,15.0,13.9,6.51,38.5,Winter
2014-08-03,334.0,13.8,375.0,9.2,13.2,16.3,8.8,6.1,13.2,13.6,3.12,43.1,Winter
2014-08-04,193.0,7.8,199.0,1.5,8.9,15.2,2.9,1.4,9.3,11.7,11.45,41.4,Winter
2014-08-05,231.0,17.0,426.0,1.0,10.5,14.0,6.7,4.0,9.7,10.8,8.53,40.2,Winter
2014-08-06,256.0,19.4,494.0,7.0,10.9,14.7,6.5,4.1,9.9,11.1,9.06,43.0,Winter
2014-08-07,268.0,15.2,455.0,0.4,10.8,14.4,5.5,3.6,9.7,10.7,9.23,41.7,Winter
2014-08-08,246.0,16.5,517.0,11.2,11.1,14.6,8.8,6.5,10.1,11.4,10.24,47.2,Winter
2014-08-09,206.0,13.4,248.0,0.3,7.8,12.8,1.4,-0.7,6.8,10.1,13.89,42.2,Winter
2014-08-10,281.0,8.5,237.0,0.0,7.1,14.4,1.0,-0.4,8.0,9.6,12.36,40.1,Winter
2014-08-11,313.0,11.8,293.0,0.2,9.5,16.4,1.6,0.7,8.7,10.0,12.79,39.5,Winter
2014-08-12,267.0,19.6,560.0,28.7,11.3,14.6,7.1,4.8,10.3,11.4,10.76,47.1,Winter
2014-08-13,262.0,18.6,548.0,4.9,9.2,13.0,4.9,2.7,8.8,10.0,11.86,44.4,Winter
2014-08-14,222.0,25.7,867.0,12.6,10.3,12.9,8.0,5.3,9.2,10.2,12.45,50.9,Winter
2014-08-15,226.0,17.3,481.0,1.9,10.6,13.8,7.6,5.0,8.6,10.0,11.22,46.9,Winter
2014-08-16,238.0,13.2,365.0,0.0,12.1,14.6,10.2,7.5,10.6,11.0,7.04,41.1,Winter
2014-08-17,236.0,6.5,133.0,0.3,10.6,13.8,8.4,6.5,11.0,11.6,5.62,40.2,Winter
2014-08-18,274.0,5.0,124.0,0.0,10.9,16.9,7.7,5.6,10.7,12.3,12.64,39.9,Winter
2014-08-19,54.0,18.5,443.0,28.6,11.3,14.3,4.0,5.6,11.9,11.6,2.61,43.4,Winter
2014-08-20,59.0,9.0,203.0,16.2,12.5,15.8,10.7,10.2,13.3,13.0,4.48,52.7,Winter
2014-08-21,233.0,14.6,383.0,0.3,12.4,15.4,9.8,6.9,10.4,12.9,15.81,45.1,Winter
2014-08-22,194.0,11.5,298.0,0.0,8.3,13.4,1.1,0.7,6.3,10.8,16.7,41.3,Winter
2014-08-23,188.0,9.1,227.0,0.0,8.9,15.6,1.6,1.3,8.4,10.5,13.84,40.2,Winter
2014-08-24,50.0,5.6,136.0,0.0,8.5,16.0,2.1,1.3,8.3,10.8,16.91,39.8,Winter
2014-08-25,103.0,6.6,167.0,0.0,8.1,14.6,2.4,1.5,8.7,11.0,15.49,39.5,Winter
2014-08-26,51.0,9.3,238.0,0.0,8.4,14.1,2.8,1.6,9.1,10.7,10.86,39.3,Winter
2014-08-27,67.0,11.8,331.0,3.4,10.6,13.9,7.9,8.2,10.4,11.5,6.76,39.3,Winter
2014-08-28,41.0,13.6,531.0,0.3,11.9,13.6,9.6,7.5,10.0,11.5,6.18,39.4,Winter
2014-08-29,67.0,14.8,640.0,0.0,13.0,15.2,11.6,8.8,9.7,11.8,10.9,39.1,Winter
2014-08-30,60.0,18.1,709.0,11.7,11.9,12.8,10.9,10.7,11.9,12.1,4.33,40.6,Winter
2014-08-31,89.0,18.9,708.0,28.8,10.9,11.7,9.5,10.6,11.7,12.1,4.2,52.6,Winter
2014-09-01,168.0,13.1,439.0,40.0,9.5,10.7,8.3,9.2,10.7,11.6,3.81,53.1,Spring
2014-09-02,211.0,8.2,284.0,0.9,13.0,18.4,10.2,8.6,11.6,12.8,12.18,47.3,Spring
2014-09-03,288.0,6.0,180.0,0.0,12.3,17.1,8.8,7.8,12.0,13.1,8.91,42.9,Spring
2014-09-04,71.0,11.8,339.0,14.5,11.1,15.7,5.5,5.2,11.9,12.6,7.22,44.0,Spring
2014-09-05,7.0,11.9,258.0,8.5,13.4,19.0,11.0,10.4,13.4,14.0,8.33,51.4,Spring
2014-09-06,118.0,8.1,220.0,5.1,12.7,15.2,10.9,10.5,13.3,14.3,7.83,48.7,Spring
2014-09-07,171.0,9.0,256.0,0.0,13.1,18.5,7.7,6.9,9.8,13.8,18.23,44.6,Spring
2014-09-08,234.0,11.8,282.0,0.1,11.1,14.9,6.8,5.7,10.0,12.9,8.79,42.3,Spring
2014-09-09,36.0,9.6,226.0,0.0,11.5,16.3,6.9,7.5,10.6,13.4,13.83,41.5,Spring
2014-09-10,37.0,10.2,347.0,0.8,12.3,15.0,10.1,9.6,10.6,13.6,11.54,41.1,Spring
2014-09-11,61.0,8.2,323.0,0.0,13.0,16.8,9.7,8.6,12.2,13.8,13.25,40.7,Spring
2014-09-12,61.0,15.9,530.0,19.6,13.7,14.6,12.9,12.9,14.3,14.4,2.77,44.1,Spring
2014-09-13,27.0,12.7,311.0,11.2,13.5,17.8,10.5,10.6,13.4,14.8,9.95,51.4,Spring
2014-09-14,228.0,21.0,685.0,8.1,12.1,15.0,10.0,9.1,11.2,13.7,15.1,49.5,Spring
2014-09-15,264.0,11.9,321.0,3.6,11.3,16.4,6.0,6.5,11.2,13.3,14.38,45.2,Spring
2014-09-16,284.0,16.6,539.0,6.4,12.0,15.3,9.6,9.0,11.7,13.0,6.53,47.8,Spring
2014-09-17,262.0,14.2,426.0,0.3,11.5,15.6,6.4,6.7,10.1,12.9,13.44,44.6,Spring
2014-09-18,346.0,9.2,217.0,2.6,11.4,18.1,4.9,5.7,12.1,13.0,9.0,42.9,Spring
2014-09-19,257.0,17.6,518.0,14.7,13.2,17.3,8.5,8.1,12.1,14.3,16.58,50.4,Spring
2014-09-20,286.0,22.8,633.0,9.4,10.9,15.6,7.9,7.4,10.3,13.1,16.24,49.4,Spring
2014-09-21,260.0,17.8,437.0,14.6,9.8,14.3,6.0,6.4,10.0,12.6,13.67,51.1,Spring
2014-09-22,246.0,31.8,716.0,11.0,10.8,13.7,7.9,6.6,9.5,12.2,15.43,51.4,Spring
2014-09-23,17.0,11.6,342.0,0.0,18.3,21.8,16.0,14.0,13.4,19.5,20.3,41.9,Spring
2014-09-24,228.0,15.8,643.0,0.0,14.0,16.6,11.1,8.5,11.9,13.9,18.21,40.7,Spring
2014-09-25,256.0,11.6,397.0,0.0,12.5,16.3,9.1,5.0,11.1,13.2,20.92,39.5,Spring
2014-09-26,280.0,9.0,241.0,0.0,11.4,17.3,6.4,3.4,10.6,13.3,18.07,48.6,Spring
2014-09-27,9.0,9.0,268.0,0.6,12.9,17.2,7.0,4.8,12.2,13.7,11.03,43.1,Spring
2014-09-28,274.0,15.6,492.0,0.5,15.4,17.9,13.3,13.2,13.7,15.0,16.19,52.1,Spring
2014-09-29,86.0,16.1,473.0,16.0,12.7,14.8,11.0,10.4,12.3,14.2,7.6,52.2,Spring
2014-09-30,206.0,10.6,339.0,0.0,13.2,18.4,9.4,8.7,10.7,14.1,17.66,50.0,Spring
2014-10-01,255.0,10.9,386.0,0.0,13.4,18.8,10.1,7.8,10.3,14.2,21.97,49.5,Spring
2014-10-02,270.0,13.9,457.0,0.9,13.0,17.7,9.8,8.6,11.7,13.9,9.61,50.0,Spring
2014-10-03,286.0,24.4,763.0,4.6,11.7,15.7,9.0,8.0,10.9,13.1,10.47,51.8,Spring
2014-10-04,246.0,24.6,884.0,9.3,10.4,13.4,8.1,7.2,9.1,11.7,19.45,51.8,Spring
2014-10-05,251.0,14.6,485.0,0.2,11.9,15.6,8.4,5.3,10.3,12.1,16.49,51.2,Spring
2014-10-06,247.0,24.6,919.0,1.5,13.2,16.0,10.1,8.8,11.3,12.7,12.68,49.9,Spring
2014-10-07,257.0,23.9,650.0,1.4,12.2,16.0,6.3,3.3,8.9,12.7,25.09,50.2,Spring
2014-10-08,278.0,14.2,515.0,0.0,13.0,18.6,5.1,2.3,12.3,13.1,16.07,49.5,Spring
2014-10-09,285.0,13.2,318.0,6.4,13.5,16.7,10.3,10.1,12.6,14.3,10.67,50.1,Spring
2014-10-10,86.0,9.7,241.0,0.0,12.3,15.8,9.7,9.6,11.9,14.3,12.49,44.6,Spring
2014-10-11,114.0,10.4,263.0,0.3,14.2,18.6,10.9,9.1,10.8,15.5,22.42,46.9,Spring
2014-10-12,212.0,12.8,303.0,0.0,13.0,17.1,9.1,6.0,11.2,14.8,18.8,50.1,Spring
2014-10-13,172.0,7.4,167.0,0.0,14.2,17.9,10.6,7.7,11.9,15.7,12.64,44.1,Spring
2014-10-14,206.0,7.8,149.0,0.0,12.9,18.9,7.0,4.6,11.8,15.3,15.09,40.0,Spring
2014-10-15,250.0,7.2,179.0,0.0,13.5,20.5,7.4,5.6,12.3,16.1,23.91,40.9,Spring
2014-10-16,356.0,10.4,242.0,0.0,13.0,18.6,6.5,4.1,11.8,15.9,15.06,40.1,Spring
2014-10-17,333.0,11.1,337.0,0.0,15.4,20.0,11.2,8.1,13.0,16.3,16.65,38.5,Spring
2014-10-18,358.0,12.4,213.0,8.4,15.1,18.0,12.5,10.8,15.3,16.2,6.29,37.4,Spring
2014-10-19,230.0,10.5,262.0,11.6,14.2,18.9,10.4,7.8,12.4,16.3,21.4,45.6,Spring
2014-10-20,245.0,14.6,391.0,0.0,12.7,17.0,8.9,6.0,10.7,15.4,20.83,43.6,Spring
2014-10-21,282.0,5.4,168.0,0.0,12.9,17.9,7.2,5.3,11.7,15.3,10.31,42.9,Spring
2014-10-22,49.0,7.9,230.0,0.2,14.2,17.4,11.2,10.1,13.0,16.1,14.69,42.2,Spring
2014-10-23,250.0,7.9,135.0,6.9,13.6,17.3,10.1,8.4,13.3,16.2,11.23,41.8,Spring
2014-10-24,226.0,15.1,462.0,0.2,13.4,16.7,10.2,7.2,11.2,15.6,19.45,41.9,Spring
2014-10-25,256.0,8.0,268.0,0.0,11.0,16.3,5.4,0.9,6.8,15.1,28.35,41.3,Spring
2014-10-26,276.0,14.0,426.0,0.0,10.9,16.7,3.6,1.4,9.4,14.8,17.38,40.4,Spring
2014-10-27,259.0,19.3,663.0,3.0,14.3,17.4,11.8,10.8,11.9,15.0,12.67,38.6,Spring
2014-10-28,267.0,13.3,447.0,16.1,16.2,19.6,12.5,13.0,17.0,16.0,8.38,46.0,Spring
2014-10-29,260.0,20.0,664.0,26.2,16.0,17.4,12.4,12.5,15.9,16.7,9.15,51.2,Spring
2014-10-30,229.0,23.6,826.0,3.6,13.5,16.9,10.0,8.1,10.5,14.8,21.99,49.9,Spring
2014-10-31,259.0,16.9,564.0,0.0,13.9,17.3,7.9,6.4,12.1,15.0,18.22,48.2,Spring
2014-11-01,230.0,14.0,482.0,1.4,16.2,20.1,13.6,12.0,14.5,16.6,21.58,47.1,Spring
2014-11-02,280.0,8.7,216.0,0.0,16.4,20.7,13.0,10.8,15.1,17.4,9.34,46.6,Spring
2014-11-03,272.0,12.0,378.0,7.6,15.2,17.9,8.9,5.7,13.8,16.9,11.85,46.2,Spring
2014-11-04,215.0,8.8,221.0,0.4,12.3,16.9,7.8,4.9,11.8,15.7,12.03,46.9,Spring
2014-11-05,260.0,13.6,341.0,1.4,10.9,16.6,5.3,2.9,9.9,15.7,24.63,46.3,Spring
2014-11-06,285.0,16.7,481.0,2.7,10.7,15.5,6.6,3.8,9.5,14.8,21.14,44.3,Spring
2014-11-07,227.0,14.6,364.0,0.1,11.0,16.5,4.8,1.8,9.3,14.6,19.86,43.7,Spring
2014-11-08,215.0,9.9,259.0,0.0,12.2,18.6,4.6,2.0,9.4,15.2,21.46,43.1,Spring
2014-11-09,60.0,6.8,154.0,0.0,12.7,19.5,4.5,2.0,10.5,16.2,21.43,43.0,Spring
2014-11-10,217.0,10.2,252.0,0.0,13.4,19.9,5.8,3.8,11.7,16.4,16.43,40.2,Spring
2014-11-11,241.0,20.9,544.0,2.3,15.1,19.6,10.3,9.6,13.4,17.3,23.06,37.3,Spring
2014-11-12,282.0,22.3,751.0,5.1,12.4,16.4,8.8,8.5,11.0,15.7,19.51,35.8,Spring
2014-11-13,234.0,20.1,624.0,6.8,11.4,15.8,7.8,5.3,9.6,14.3,19.95,35.6,Spring
2014-11-14,246.0,16.6,616.0,4.0,13.3,16.9,10.0,9.2,11.1,14.5,19.61,38.7,Spring
2014-11-15,278.0,28.0,980.0,17.3,15.3,18.3,12.6,12.2,13.5,15.1,13.05,40.6,Spring
2014-11-16,244.0,13.6,471.0,2.3,14.2,17.9,10.1,7.3,11.9,15.8,25.97,47.9,Spring
2014-11-17,273.0,23.1,522.0,8.7,14.4,21.2,9.1,7.3,14.5,15.5,6.73,48.2,Spring
2014-11-18,246.0,16.8,560.0,0.0,14.9,18.5,9.1,6.0,11.9,16.0,23.33,47.7,Spring
2014-11-19,280.0,18.8,553.0,0.0,13.5,18.6,6.9,4.0,11.5,16.0,26.06,45.5,Spring
2014-11-20,252.0,15.9,514.0,0.1,14.0,17.4,10.0,6.5,10.5,16.2,22.12,44.6,Spring
2014-11-21,264.0,10.7,365.0,0.0,13.6,19.0,8.1,5.0,12.2,16.6,24.34,43.8,Spring
2014-11-22,282.0,16.8,676.0,0.6,17.2,20.9,13.4,13.1,16.1,17.7,19.82,42.7,Spring
2014-11-23,268.0,13.5,373.0,1.3,16.8,21.1,11.2,9.7,14.5,19.1,28.16,39.4,Spring
2014-11-24,256.0,11.5,338.0,0.5,16.5,21.6,10.3,9.6,16.9,18.8,14.9,36.9,Spring
2014-11-25,271.0,12.0,420.0,0.2,18.3,21.2,16.9,17.5,19.2,19.5,12.37,35.3,Spring
2014-11-26,253.0,16.8,474.0,0.0,17.5,21.6,13.4,12.0,17.0,19.5,16.24,33.6,Spring
2014-11-27,263.0,12.2,352.0,0.0,15.1,20.0,9.0,7.1,12.7,19.1,27.22,30.9,Spring
2014-11-28,245.0,15.9,518.0,3.4,14.4,18.9,11.1,9.1,13.4,17.7,15.01,29.0,Spring
2014-11-29,267.0,14.9,435.0,0.6,12.7,16.8,7.9,4.9,10.3,16.6,22.47,28.3,Spring
2014-11-30,269.0,17.8,422.0,3.8,14.0,18.6,9.7,9.0,12.2,17.0,20.22,27.4,Spring
2014-12-01,242.0,15.8,381.0,2.0,12.8,16.7,9.3,6.2,10.9,16.7,22.6,27.8,Summer
2014-12-02,230.0,8.8,254.0,0.4,12.9,18.8,6.1,3.6,9.1,17.5,29.12,26.5,Summer
2014-12-03,255.0,11.6,282.0,0.0,12.6,19.4,5.0,2.4,10.3,17.8,26.37,24.5,Summer
2014-12-04,264.0,13.3,374.0,0.0,13.2,18.6,7.0,4.2,11.0,17.2,18.67,22.6,Summer
2014-12-05,254.0,12.8,434.0,0.0,15.4,20.8,8.6,6.4,13.4,17.7,21.31,20.8,Summer
2014-12-06,256.0,9.2,210.0,1.2,17.0,22.2,12.2,9.1,15.2,18.8,18.57,19.8,Summer
2014-12-07,253.0,15.2,419.0,0.0,16.3,21.8,9.1,6.7,14.3,18.7,26.65,18.8,Summer
2014-12-08,231.0,9.5,285.0,0.0,17.8,22.9,15.7,16.3,17.2,19.5,11.03,17.9,Summer
2014-12-09,354.0,6.2,231.0,0.2,17.4,21.0,15.3,13.9,17.8,19.2,8.22,17.5,Summer
2014-12-10,281.0,15.6,497.0,1.3,18.3,24.1,13.8,11.6,16.2,19.9,24.75,16.8,Summer
2014-12-11,281.0,11.2,425.0,0.8,19.4,24.2,16.5,16.2,18.8,20.7,18.58,16.6,Summer
2014-12-12,228.0,6.8,166.0,4.5,16.2,18.9,13.4,12.9,15.4,19.5,8.87,17.5,Summer
2014-12-13,77.0,8.8,188.0,2.7,14.8,17.3,12.9,13.0,14.7,18.5,9.19,18.7,Summer
2014-12-14,104.0,20.1,663.0,48.8,14.8,15.9,13.6,14.3,15.2,16.7,3.35,48.3,Summer
2014-12-15,99.0,16.8,626.0,1.0,15.2,16.0,14.1,14.2,13.9,16.2,5.01,43.3,Summer
2014-12-16,91.0,21.2,742.0,1.3,15.2,16.3,14.0,14.2,15.3,16.1,3.65,41.4,Summer
2014-12-17,91.0,17.3,489.0,23.0,18.0,22.0,15.2,15.9,19.6,17.6,7.95,51.9,Summer
2014-12-18,262.0,10.5,346.0,0.1,18.7,22.3,14.2,12.2,18.2,19.3,20.1,45.8,Summer
2014-12-19,23.0,7.8,219.0,0.0,18.8,23.5,12.6,11.1,17.3,20.1,22.98,43.7,Summer
2014-12-20,28.0,11.6,279.0,16.0,18.4,21.8,14.3,13.5,20.0,19.7,6.63,45.8,Summer
2014-12-21,277.0,10.2,305.0,2.6,19.7,24.5,16.3,15.4,18.5,21.0,26.01,47.6,Summer
2014-12-22,178.0,6.9,180.0,0.0,17.4,23.1,11.2,9.9,15.0,20.9,20.11,44.6,Summer
2014-12-23,69.0,7.7,253.0,0.2,17.0,21.4,11.5,10.5,16.1,20.4,15.96,43.6,Summer
2014-12-24,69.0,11.2,459.0,0.9,18.0,19.9,16.1,14.8,17.2,20.3,11.89,43.1,Summer
2014-12-25,67.0,9.3,342.0,0.0,17.7,20.8,15.2,13.4,14.9,20.2,18.91,44.0,Summer
2014-12-26,60.0,10.2,350.0,0.0,17.7,21.2,13.3,12.3,14.2,21.1,26.51,42.1,Summer
2014-12-27,57.0,10.1,315.0,0.0,17.5,21.6,13.1,12.4,15.2,21.1,19.15,36.8,Summer
2014-12-28,56.0,7.9,207.0,0.0,17.0,22.2,11.4,10.1,15.3,20.9,18.86,34.2,Summer
2014-12-29,61.0,8.5,226.0,0.0,17.4,22.3,12.2,10.1,14.9,22.0,29.11,31.6,Summer
2014-12-30,71.0,11.6,293.0,3.7,17.0,21.7,12.3,10.7,14.7,21.5,23.12,31.6,Summer
2014-12-31,18.0,12.8,396.0,0.2,18.6,22.1,16.2,14.3,16.6,20.8,15.33,30.2,Summer
2015-01-01,231.0,12.4,330.0,2.5,18.4,22.0,10.9,7.9,14.1,21.8,29.69,29.3,Summer
2015-01-02,264.0,10.1,212.0,0.0,15.8,23.3,7.5,5.1,13.0,21.1,21.87,26.9,Summer
2015-01-03,232.0,10.4,266.0,0.0,17.3,23.2,11.4,9.4,14.7,21.6,23.6,24.9,Summer
2015-01-04,91.0,7.2,200.0,0.0,18.1,24.6,10.6,8.7,15.4,22.6,27.17,23.1,Summer
2015-01-05,240.0,5.3,132.0,0.2,18.5,23.8,13.0,11.9,17.2,22.1,13.04,21.5,Summer
2015-01-06,274.0,8.2,177.0,0.0,18.9,25.6,11.9,10.1,15.1,23.1,28.77,20.4,Summer
2015-01-07,256.0,9.6,273.0,0.0,18.3,24.8,11.2,9.2,15.5,23.0,24.85,18.7,Summer
2015-01-08,71.0,11.1,292.0,0.0,17.5,23.3,10.2,7.9,15.7,22.4,19.91,17.4,Summer
2015-01-09,39.0,9.7,283.0,0.0,19.0,22.2,15.1,14.0,16.1,22.7,21.32,16.5,Summer
2015-01-10,223.0,9.5,229.0,0.0,19.2,25.3,13.1,12.0,16.1,22.2,16.56,15.8,Summer
2015-01-11,228.0,11.2,292.0,0.0,19.0,24.3,13.0,10.9,15.2,22.6,28.13,15.1,Summer
2015-01-12,224.0,11.8,297.0,0.0,19.2,25.5,11.8,9.9,16.6,22.3,21.54,14.3,Summer
2015-01-13,225.0,7.6,243.0,0.0,20.9,25.8,16.4,14.4,16.8,23.9,25.32,13.7,Summer
2015-01-14,234.0,6.3,173.0,0.0,18.6,24.1,12.2,10.7,15.3,23.0,17.17,13.1,Summer
2015-01-15,40.0,7.6,200.0,0.0,18.7,24.8,11.1,9.6,15.1,23.8,29.38,12.7,Summer
2015-01-16,5.0,8.6,217.0,0.0,19.1,24.7,12.7,11.3,15.3,23.7,19.54,12.2,Summer
2015-01-17,275.0,9.9,253.0,3.2,20.3,27.6,14.7,14.1,18.7,23.6,18.18,12.0,Summer
2015-01-18,2.0,9.8,288.0,0.0,20.6,24.9,16.2,14.9,17.0,23.9,29.68,12.2,Summer
2015-01-19,247.0,9.8,285.0,0.2,20.3,26.4,14.8,13.2,16.8,23.5,24.63,11.8,Summer
2015-01-20,238.0,8.6,211.0,0.0,19.9,27.0,12.7,11.6,16.5,24.3,28.67,11.4,Summer
2015-01-21,231.0,8.6,252.0,0.7,19.5,24.2,15.5,12.9,13.9,23.6,18.69,11.1,Summer
2015-01-22,49.0,13.7,380.0,0.0,17.5,23.2,10.7,9.1,15.3,21.9,16.29,10.8,Summer
2015-01-23,99.0,8.9,290.0,0.0,19.4,24.2,13.0,11.6,14.6,23.4,27.25,10.6,Summer
2015-01-24,76.0,7.2,197.0,0.0,19.6,26.4,13.3,12.1,15.8,24.6,26.1,10.4,Summer
2015-01-25,60.0,9.4,264.0,0.0,19.3,25.1,13.0,11.5,15.8,25.0,29.21,10.1,Summer
2015-01-26,61.0,11.6,369.0,0.0,19.7,23.5,15.0,13.9,14.7,24.6,25.66,9.8,Summer
2015-01-27,89.0,7.9,168.0,0.0,19.1,24.4,13.1,12.0,15.4,24.2,21.19,9.5,Summer
2015-01-28,90.0,9.5,252.0,1.6,20.4,24.9,15.0,14.4,17.6,24.1,24.78,9.6,Summer
2015-01-29,157.0,12.4,390.0,0.5,21.4,24.8,18.4,17.8,19.1,24.3,23.44,9.4,Summer
2015-01-30,98.0,10.6,421.0,0.5,21.3,24.0,19.5,19.9,20.7,24.1,10.82,9.4,Summer
2015-01-31,38.0,9.0,249.0,4.5,20.6,23.9,18.9,18.9,20.6,23.2,12.44,9.8,Summer
2015-02-01,33.0,8.6,229.0,2.2,20.4,23.9,18.6,18.4,20.3,22.6,10.91,10.0,Summer
2015-02-02,280.0,9.6,263.0,2.2,22.0,28.2,17.5,17.6,19.8,23.4,21.39,10.6,Summer
2015-02-03,238.0,12.9,417.0,2.1,21.0,25.0,16.0,14.5,18.8,22.9,20.7,10.7,Summer
2015-02-04,325.0,5.1,128.0,26.6,16.9,21.1,13.8,13.3,17.4,20.8,6.89,12.1,Summer
2015-02-05,238.0,16.0,446.0,2.8,18.7,22.3,16.6,16.6,15.5,20.9,23.37,18.9,Summer
2015-02-06,234.0,22.8,751.0,0.7,18.1,21.2,15.5,15.0,13.8,19.9,22.24,17.9,Summer
2015-02-07,253.0,13.0,344.0,0.0,17.7,22.3,13.6,11.8,12.7,20.6,24.5,17.2,Summer
2015-02-08,244.0,6.9,181.0,0.0,16.9,21.2,11.3,10.4,15.4,20.3,9.06,16.5,Summer
2015-02-09,236.0,10.5,257.0,0.0,19.4,23.6,16.6,16.9,17.4,21.2,12.55,15.9,Summer
2015-02-10,52.0,10.9,393.0,0.0,19.9,24.0,17.5,16.5,17.2,22.4,20.34,23.7,Summer
2015-02-11,100.0,13.7,510.0,0.0,18.6,21.4,16.1,14.6,13.2,22.0,19.44,37.5,Summer
2015-02-12,89.0,9.2,306.0,0.5,18.0,20.9,14.2,12.3,14.3,21.3,13.3,19.7,Summer
2015-02-13,256.0,9.1,195.0,0.0,18.3,23.2,14.4,12.2,14.3,21.3,18.66,19.0,Summer
2015-02-14,267.0,9.6,262.0,0.0,17.2,23.6,10.1,8.7,14.5,21.9,25.24,15.0,Summer
2015-02-15,86.0,7.8,276.0,0.0,18.3,23.0,13.4,12.4,14.9,22.9,24.09,33.6,Summer
2015-02-16,216.0,9.2,237.0,0.0,17.2,22.2,12.0,10.5,15.2,22.0,13.46,27.5,Summer
2015-02-17,49.0,13.7,380.0,0.0,17.4,24.0,10.6,9.2,14.5,21.7,16.73,10.8,Summer
2015-02-18,240.0,8.6,253.0,0.0,18.2,25.2,11.5,10.1,14.2,22.0,19.55,28.4,Summer
2015-02-19,197.0,11.4,291.0,0.0,17.6,25.4,9.4,7.7,13.9,21.9,23.6,37.9,Summer
2015-02-20,250.0,9.7,327.0,0.6,17.4,23.7,10.7,9.8,16.5,21.3,13.33,44.7,Summer
2015-02-21,6.0,6.4,134.0,0.4,18.4,23.2,13.6,13.0,16.9,21.0,8.15,10.8,Summer
2015-02-22,248.0,8.4,180.0,0.0,19.3,24.4,15.8,14.1,16.2,21.6,15.18,10.8,Summer
2015-02-23,186.0,8.5,200.0,5.4,18.3,23.8,14.1,12.5,17.0,21.2,17.31,11.3,Summer
2015-02-24,69.0,12.5,471.0,2.4,18.8,21.5,16.4,15.0,16.8,20.5,11.13,11.7,Summer
2015-02-25,200.0,7.8,208.0,0.0,18.4,25.2,11.6,9.8,15.1,20.8,21.05,11.6,Summer
2015-02-26,82.0,6.9,151.0,2.9,17.1,24.1,11.5,10.0,15.8,20.5,15.45,11.6,Summer
2015-02-27,50.0,6.9,151.0,0.1,18.2,25.5,12.3,11.4,16.7,20.8,17.78,11.9,Summer
2015-02-28,66.0,7.9,190.0,0.0,18.4,25.2,11.4,9.6,16.1,21.5,23.17,11.7,Summer
2015-03-01,226.0,8.0,167.0,0.0,18.7,25.1,12.2,11.0,16.4,22.2,23.58,11.4,Autumn
2015-03-02,89.0,7.2,195.0,0.0,18.5,24.1,12.1,10.0,16.6,21.9,21.05,11.1,Autumn
2015-03-03,276.0,15.3,619.0,0.0,20.6,23.8,17.8,16.5,18.9,22.4,13.74,10.9,Autumn
2015-03-04,180.0,7.8,200.0,0.0,20.5,24.4,16.7,15.5,19.4,22.7,12.45,10.8,Autumn
2015-03-05,211.0,12.7,355.0,0.0,19.4,24.9,14.2,12.4,18.0,22.5,20.27,10.6,Autumn
2015-03-06,285.0,10.8,283.0,0.0,20.2,25.5,16.1,15.1,19.0,21.9,9.39,10.5,Autumn
2015-03-07,221.0,10.3,228.0,2.3,19.6,26.1,16.0,15.0,17.0,21.4,16.62,10.6,Autumn
2015-03-08,3.0,17.0,459.0,0.0,18.9,23.0,14.2,12.4,14.8,19.9,19.68,10.7,Autumn
2015-03-09,117.0,6.3,168.0,0.0,17.6,21.8,13.8,12.0,15.2,20.0,11.32,10.5,Autumn
2015-03-10,188.0,8.2,208.0,0.0,18.0,24.9,12.5,11.0,14.9,20.6,17.25,10.4,Autumn
2015-03-11,72.0,8.2,218.0,0.0,17.8,23.9,11.0,9.8,15.4,21.0,20.12,10.3,Autumn
2015-03-12,248.0,8.4,180.0,0.0,18.7,23.0,14.5,13.4,17.8,21.2,11.72,10.2,Autumn
2015-03-13,58.0,7.6,187.0,1.3,19.3,24.5,14.3,12.8,17.6,22.0,23.0,10.3,Autumn
2015-03-14,70.0,8.7,196.0,0.0,18.7,24.0,12.6,11.1,16.8,21.9,23.98,10.2,Autumn
2015-03-15,82.0,13.6,589.0,9.0,19.5,21.2,17.6,18.0,18.2,20.9,3.61,10.8,Autumn
2015-03-16,271.0,18.6,516.0,4.6,19.3,24.6,16.8,17.1,18.2,19.9,14.89,16.8,Autumn
2015-03-17,265.0,11.6,386.0,0.4,17.9,22.9,13.6,11.7,16.0,19.7,18.12,16.5,Autumn
2015-03-18,237.0,17.8,625.0,0.5,16.6,20.7,14.0,12.2,13.7,18.9,13.59,16.3,Autumn
2015-03-19,94.0,9.4,195.0,4.7,15.7,20.7,11.3,9.3,14.2,18.7,14.02,16.8,Autumn
2015-03-20,49.0,10.5,257.0,2.9,14.2,19.4,9.1,7.2,14.6,17.5,7.52,18.0,Autumn
2015-03-21,79.0,12.1,428.0,0.9,17.3,20.4,14.2,13.6,14.4,18.4,11.88,18.5,Autumn
2015-03-22,197.0,7.4,202.0,0.0,16.0,22.0,10.2,8.3,13.4,18.3,20.13,18.1,Autumn
2015-03-23,7.0,7.9,208.0,0.9,16.0,20.7,10.2,8.8,13.7,18.1,11.15,17.7,Autumn
2015-03-24,278.0,16.9,481.0,3.9,17.0,21.0,12.8,10.3,16.1,18.9,12.82,18.9,Autumn
2015-03-25,55.0,10.3,261.0,0.1,16.0,22.5,10.2,8.3,15.1,18.4,17.04,18.5,Autumn
2015-03-26,229.0,20.8,597.0,9.6,17.6,23.8,11.7,10.2,16.9,18.9,12.05,18.5,Autumn
2015-03-27,267.0,15.9,524.0,4.2,18.6,21.2,16.1,15.6,19.8,19.9,9.38,22.0,Autumn
2015-03-28,112.0,10.7,381.0,0.0,18.6,22.1,15.6,14.7,18.9,20.1,10.54,21.9,Autumn
2015-03-29,82.0,7.8,181.0,0.3,18.9,23.4,15.6,13.4,17.0,19.9,18.69,21.7,Autumn
2015-03-30,278.0,16.9,481.0,3.5,17.0,20.7,14.0,12.0,15.9,18.8,15.39,21.0,Autumn
2015-03-31,224.0,12.8,347.0,0.0,16.0,21.5,11.6,8.1,13.6,17.8,14.63,21.7,Autumn
2015-04-01,254.0,12.8,434.0,0.0,15.4,22.6,9.2,6.6,13.0,17.8,20.01,21.8,Autumn
2015-04-02,181.0,6.7,155.0,0.0,15.9,23.4,9.3,7.5,14.5,18.0,14.69,21.3,Autumn
2015-04-03,181.0,6.7,155.0,0.1,16.0,22.8,10.3,7.8,14.3,18.4,16.94,20.8,Autumn
2015-04-04,239.0,10.1,260.0,0.1,14.8,23.4,7.5,6.0,13.1,17.5,16.48,20.1,Autumn
2015-04-05,353.0,10.0,241.0,0.1,16.7,22.8,10.8,8.5,16.1,18.0,10.05,19.7,Autumn
2015-04-06,55.0,10.3,261.0,0.1,17.0,22.3,10.8,8.4,15.6,18.3,15.76,19.1,Autumn
2015-04-07,258.0,7.9,227.0,0.0,18.2,23.6,11.8,10.9,16.5,18.8,15.62,18.5,Autumn
2015-04-08,29.0,10.0,311.0,0.0,18.2,24.1,12.2,10.7,17.5,19.1,11.5,17.9,Autumn
2015-04-09,264.0,12.3,364.0,0.0,18.5,21.6,16.3,15.0,18.4,19.3,6.01,17.7,Autumn
2015-04-10,39.0,9.9,270.0,5.3,18.9,23.5,14.7,13.9,19.0,19.3,7.37,18.3,Autumn
2015-04-11,258.0,17.3,416.0,4.1,17.6,21.8,11.2,9.6,15.7,18.9,16.4,21.5,Autumn
2015-04-12,58.0,6.1,147.0,0.1,14.9,19.4,10.4,9.0,12.8,17.4,9.95,21.3,Autumn
2015-04-13,178.0,12.4,376.0,17.3,14.0,18.3,9.6,8.4,12.8,16.2,6.75,23.8,Autumn
2015-04-14,286.0,24.4,763.0,3.1,11.1,14.8,7.9,6.4,9.9,14.3,13.08,26.6,Autumn
2015-04-15,9.0,9.0,268.0,1.5,13.0,17.7,7.5,5.4,11.6,14.5,12.78,27.0,Autumn
2015-04-16,68.0,5.4,153.0,0.1,13.9,19.4,7.8,5.5,11.8,15.4,14.11,26.9,Autumn
2015-04-17,163.0,8.4,224.0,0.0,12.6,19.3,6.9,4.9,11.1,15.0,8.93,26.8,Autumn
2015-04-18,274.0,12.8,251.0,12.5,14.0,18.2,11.5,10.0,13.7,15.3,4.97,28.3,Autumn
2015-04-19,46.0,6.6,142.0,0.0,15.8,21.0,11.4,9.4,15.2,15.9,11.55,29.2,Autumn
2015-04-20,88.0,9.1,188.0,0.1,15.5,21.9,10.4,9.1,14.9,16.3,14.38,29.1,Autumn
2015-04-21,88.0,9.1,188.0,0.1,15.0,21.2,9.1,8.1,14.5,16.4,14.56,29.0,Autumn
2015-04-22,184.0,8.5,198.0,0.0,15.3,21.2,9.8,8.0,14.1,16.6,11.95,29.0,Autumn
2015-04-23,275.0,14.0,478.0,0.4,14.5,19.7,9.7,8.7,14.6,16.4,7.11,28.9,Autumn
2015-04-24,52.0,13.6,380.0,11.6,16.4,19.9,14.0,11.7,15.4,16.8,12.61,31.5,Autumn
2015-04-25,83.0,10.7,282.0,0.3,16.1,19.5,14.0,11.3,13.9,16.5,11.79,32.1,Autumn
2015-04-26,77.0,8.0,210.0,0.1,16.5,19.8,10.2,8.1,14.2,16.3,9.98,31.9,Autumn
2015-04-27,92.0,18.0,606.0,30.6,18.5,22.1,16.9,16.1,18.1,17.3,6.05,35.3,Autumn
2015-04-28,264.0,13.8,536.0,3.5,15.4,18.2,9.9,8.7,13.9,16.7,12.44,36.1,Autumn
2015-04-29,172.0,7.4,167.0,1.2,14.2,17.8,9.4,7.5,12.4,15.3,11.87,35.6,Autumn
2015-04-30,116.0,16.8,198.0,1.4,14.4,17.4,10.9,7.9,12.0,15.1,8.45,35.7,Autumn
2015-05-01,240.0,12.3,278.0,0.0,12.1,19.0,6.7,3.9,10.8,14.7,12.06,35.7,Autumn
2015-05-02,233.0,7.4,150.0,0.0,12.4,17.8,6.5,4.8,12.2,14.6,6.05,35.4,Autumn
2015-05-03,101.0,8.8,209.0,0.0,13.4,19.5,7.4,4.9,11.5,15.5,10.56,35.4,Autumn
2015-05-04,288.0,15.3,379.0,0.0,11.8,18.6,6.1,3.9,12.0,14.7,11.37,35.2,Autumn
2015-05-05,256.0,11.9,348.0,0.0,14.8,19.9,9.3,8.3,13.5,15.1,9.33,35.1,Autumn
2015-05-06,37.0,8.6,204.0,0.0,15.9,21.2,9.4,7.4,14.8,15.6,11.62,35.0,Autumn
2015-05-07,10.0,9.1,326.0,4.1,18.5,21.4,15.0,12.7,17.7,16.7,6.95,34.9,Autumn
2015-05-08,67.0,13.8,572.0,28.4,16.3,18.3,14.3,14.5,17.4,17.0,1.72,40.5,Autumn
2015-05-09,260.0,19.4,534.0,5.8,14.3,18.9,8.2,6.1,13.9,16.3,11.15,40.0,Autumn
2015-05-10,279.0,6.8,187.0,0.0,12.3,18.9,7.1,5.1,12.1,15.1,10.8,39.0,Autumn
2015-05-11,52.0,9.6,288.0,0.0,13.4,20.0,7.5,6.4,13.2,14.9,10.86,38.7,Autumn
2015-05-12,268.0,25.9,1045.0,7.1,14.8,18.2,12.2,10.3,13.7,14.9,5.42,40.3,Autumn
2015-05-13,83.0,7.0,150.0,0.4,13.2,18.9,8.5,6.4,11.9,14.4,12.71,40.4,Autumn
2015-05-14,297.0,15.2,455.0,5.1,14.5,18.9,7.9,6.3,14.4,14.5,5.25,39.9,Autumn
2015-05-15,127.0,10.8,265.0,7.9,13.0,15.9,9.3,8.5,12.3,14.6,8.39,41.3,Autumn
2015-05-16,225.0,5.7,111.0,0.0,12.1,16.9,7.7,5.8,11.0,13.6,11.44,40.7,Autumn
2015-05-17,51.0,4.9,144.0,0.9,12.0,17.0,7.5,5.3,12.1,13.5,6.23,40.2,Autumn
2015-05-18,51.0,4.9,144.0,0.3,12.2,16.7,6.3,4.6,11.4,13.4,6.57,40.2,Autumn
2015-05-19,267.0,20.4,503.0,2.6,13.1,16.7,7.2,5.2,12.6,13.8,7.4,40.5,Autumn
2015-05-20,219.0,8.0,201.0,0.0,10.3,16.9,5.2,3.2,10.8,13.0,7.13,40.9,Autumn
2015-05-21,272.0,7.5,201.0,0.3,12.8,18.6,6.7,4.3,13.1,13.1,8.16,40.8,Autumn
2015-05-22,283.0,18.8,624.0,2.1,13.9,17.0,10.9,10.7,13.6,14.2,4.8,40.9,Autumn
2015-05-23,29.0,21.9,556.0,36.9,14.1,16.8,10.9,11.4,15.1,14.4,1.56,48.0,Autumn
2015-05-24,6.0,19.5,381.0,8.1,12.7,15.1,10.7,9.9,11.1,13.2,8.62,44.4,Autumn
2015-05-25,287.0,15.6,451.0,3.7,11.4,13.6,9.0,7.9,9.5,12.3,9.89,43.2,Autumn
2015-05-26,238.0,13.2,365.0,1.3,11.0,13.7,9.4,7.1,10.4,11.7,7.03,42.2,Autumn
2015-05-27,285.0,8.5,204.0,0.4,9.8,15.8,5.7,3.8,9.9,11.8,7.85,42.0,Autumn
2015-05-28,182.0,8.0,152.0,0.0,7.7,14.7,3.1,-0.2,8.5,11.0,11.81,41.7,Autumn
2015-05-29,250.0,10.7,238.0,2.7,8.1,14.5,1.8,-1.0,10.0,10.4,9.64,41.6,Autumn
2015-05-30,307.0,12.6,314.0,0.0,10.9,16.4,4.0,1.2,10.6,10.9,9.39,42.1,Autumn
2015-05-31,37.0,13.5,266.0,24.9,13.4,14.8,11.8,11.5,13.9,12.5,4.3,46.9,Autumn
2015-06-01,296.0,17.5,520.0,13.2,14.1,17.4,8.6,7.0,14.3,13.1,7.56,44.4,Winter
2015-06-02,10.0,7.5,181.0,6.2,15.8,20.5,12.3,9.4,15.1,14.4,8.47,48.6,Winter
2015-06-03,181.0,9.2,274.0,6.1,13.6,16.7,11.9,9.2,12.1,13.4,6.24,44.8,Winter
2015-06-04,118.0,8.1,220.0,6.1,12.9,14.9,11.1,10.4,12.7,13.2,5.94,48.3,Winter
2015-06-05,296.0,6.6,233.0,2.3,12.3,16.0,9.1,7.0,12.7,13.0,6.44,44.7,Winter
2015-06-06,286.0,10.7,195.0,0.0,9.8,16.3,5.2,2.9,10.4,12.4,9.46,42.6,Winter
2015-06-07,268.0,15.2,455.0,0.2,9.9,14.8,5.5,3.7,10.4,11.9,8.74,42.3,Winter
2015-06-08,192.0,7.4,171.0,0.1,9.6,16.6,4.7,2.0,10.2,11.6,10.75,42.4,Winter
2015-06-09,287.0,8.4,186.0,0.1,9.8,17.4,3.1,1.0,10.7,11.3,8.5,42.2,Winter
2015-06-10,307.0,12.6,314.0,0.1,11.6,17.4,4.4,2.0,10.5,11.6,9.02,42.0,Winter
2015-06-11,271.0,14.0,723.0,3.6,12.8,15.8,11.2,9.5,11.9,12.3,8.29,41.0,Winter
2015-06-12,88.0,13.7,479.0,1.5,12.3,15.7,8.8,5.8,11.6,12.1,5.72,42.8,Winter
2015-06-13,57.0,13.7,484.0,0.0,13.2,15.3,11.6,10.3,10.2,12.0,7.55,42.9,Winter
2015-06-14,290.0,20.7,751.0,2.0,13.3,15.0,11.9,11.1,11.9,12.3,5.52,42.6,Winter
2015-06-15,137.0,11.2,289.0,8.6,11.6,14.6,8.0,4.6,12.0,12.4,6.36,44.2,Winter
2015-06-16,194.0,9.0,217.0,0.4,7.8,12.8,1.8,-1.2,7.5,11.1,10.95,44.7,Winter
2015-06-17,258.0,7.6,214.0,0.0,7.8,15.3,1.8,-0.5,9.3,10.3,7.55,43.3,Winter
2015-06-18,254.0,8.9,204.0,0.0,10.0,14.6,4.4,1.3,9.7,10.9,7.01,42.7,Winter
2015-06-19,293.0,16.4,563.0,0.0,15.4,18.7,10.1,8.6,13.5,12.0,7.1,42.5,Winter
2015-06-20,334.0,13.8,363.0,12.9,16.0,17.4,14.1,13.2,15.4,13.4,1.66,45.0,Winter
2015-06-21,212.0,6.9,198.0,1.0,11.6,14.7,7.5,5.6,11.5,13.2,6.35,45.8,Winter
2015-06-22,252.0,12.5,338.0,0.0,10.2,14.0,6.8,3.9,8.9,11.9,7.52,44.8,Winter
2015-06-23,251.0,9.2,262.0,0.0,7.2,11.0,4.0,0.3,6.1,10.2,11.0,43.8,Winter
2015-06-24,204.0,13.2,348.0,0.0,8.1,12.5,2.7,-1.0,7.5,9.4,10.93,43.1,Winter
2015-06-25,252.0,12.5,338.0,0.0,10.2,13.2,7.8,4.1,9.0,9.7,7.63,42.9,Winter
2015-06-26,238.0,13.2,365.0,0.1,11.9,15.1,9.5,7.7,10.5,10.6,8.09,42.6,Winter
2015-06-27,243.0,21.2,565.0,3.7,12.3,14.6,8.3,5.9,11.1,11.3,7.99,42.8,Winter
2015-06-28,244.0,16.1,413.0,0.5,12.1,15.8,8.5,4.5,11.5,11.3,7.13,43.0,Winter
2015-06-29,244.0,16.1,413.0,1.1,12.3,15.4,9.2,5.9,11.3,11.3,7.67,43.1,Winter
2015-06-30,26.0,13.1,439.0,1.6,12.4,15.4,10.0,8.8,12.4,11.8,7.6,43.9,Winter
2015-07-01,227.0,9.3,241.0,2.0,11.7,15.0,7.2,4.1,11.5,11.9,8.64,46.1,Winter
2015-07-02,237.0,6.3,186.0,0.0,9.9,14.9,5.5,2.6,10.4,11.4,6.51,45.7,Winter
2015-07-03,263.0,13.3,298.0,0.1,10.6,16.8,3.1,0.6,11.2,11.2,6.57,45.3,Winter
2015-07-04,284.0,14.0,427.0,3.5,12.9,14.9,10.8,10.4,13.8,12.2,3.42,45.3,Winter
2015-07-05,224.0,8.6,225.0,0.1,12.3,14.3,9.8,8.0,11.4,12.3,7.69,46.5,Winter
2015-07-06,265.0,20.1,688.0,2.3,13.1,16.4,11.4,10.0,13.0,12.3,9.65,46.5,Winter
2015-07-07,319.0,11.2,324.0,13.3,13.1,16.1,10.8,9.7,13.1,12.6,3.44,47.9,Winter
2015-07-08,274.0,10.2,296.0,0.9,9.4,13.1,4.5,0.2,9.4,12.0,8.42,47.4,Winter
2015-07-09,251.0,9.2,262.0,0.0,6.0,9.8,1.5,-1.1,6.4,10.1,7.13,46.5,Winter
2015-07-10,60.0,4.6,84.0,0.0,6.0,10.7,0.5,-2.2,6.2,8.9,11.58,46.4,Winter
2015-07-11,244.0,8.5,144.0,0.1,4.1,12.2,-1.6,-4.3,6.6,8.1,11.33,46.4,Winter
2015-07-12,244.0,8.5,144.0,0.1,3.6,11.5,-2.3,-5.8,6.6,7.6,11.75,46.4,Winter
2015-07-13,6.0,10.8,207.0,0.1,7.2,13.6,-0.7,-3.4,8.6,7.9,9.53,46.1,Winter
2015-07-14,235.0,21.0,640.0,1.0,12.3,14.3,9.9,7.4,10.4,9.6,5.3,46.2,Winter
2015-07-15,10.0,14.6,431.0,8.0,13.8,15.2,11.3,10.0,13.7,11.2,2.19,47.3,Winter
2015-07-16,244.0,12.7,305.0,0.2,12.0,15.6,7.0,2.9,12.2,11.5,7.08,50.8,Winter
2015-07-17,269.0,12.5,276.0,0.8,9.2,15.6,4.1,1.7,10.0,10.6,9.89,48.2,Winter
2015-07-18,75.0,13.5,343.0,28.4,11.3,14.9,3.8,2.9,12.2,10.8,5.0,49.2,Winter
2015-07-19,173.0,10.6,412.0,1.7,10.4,12.4,8.3,6.3,9.2,10.7,9.04,50.0,Winter
2015-07-20,231.0,13.4,321.0,1.9,10.4,13.7,7.4,5.3,10.2,10.3,9.86,48.3,Winter
2015-07-21,214.0,6.4,192.0,0.0,9.5,14.2,2.1,-1.0,8.1,9.8,11.39,47.9,Winter
2015-07-22,87.0,5.4,134.0,0.0,10.1,15.7,3.3,0.8,8.7,9.8,12.3,47.8,Winter
2015-07-23,82.0,5.1,121.0,0.0,7.1,15.3,1.4,-0.8,8.4,9.3,11.89,47.5,Winter
2015-07-24,231.0,5.2,152.0,0.0,8.3,13.5,2.7,1.0,9.6,9.6,5.94,47.5,Winter
2015-07-25,190.0,12.8,305.0,0.1,9.7,13.9,4.9,1.8,10.2,10.1,8.78,47.2,Winter
2015-07-26,91.0,14.4,485.0,6.8,12.5,14.1,9.7,9.1,12.8,11.0,2.51,48.3,Winter
2015-07-27,284.0,20.5,685.0,3.1,13.9,17.1,11.8,10.5,14.4,12.1,3.52,50.1,Winter
2015-07-28,231.0,18.8,435.0,8.7,11.8,15.4,7.9,7.0,11.6,12.1,9.96,50.7,Winter
2015-07-29,230.0,11.6,347.0,6.0,10.4,13.4,8.0,4.3,9.9,11.0,9.78,51.2,Winter
2015-07-30,204.0,6.4,114.0,0.0,8.1,14.0,3.2,0.7,7.7,9.9,12.14,50.7,Winter
2015-07-31,230.0,10.3,230.0,0.4,8.1,13.7,2.5,0.4,9.6,9.9,10.26,49.6,Winter
2015-08-01,18.0,7.9,217.0,0.0,9.6,15.6,5.8,3.6,10.1,10.5,9.5,48.7,Winter
2015-08-02,21.0,8.0,208.0,1.2,12.0,16.8,6.3,4.8,12.8,10.9,6.95,48.3,Winter
2015-08-03,48.0,11.2,368.0,0.0,13.8,18.1,11.1,9.0,13.4,12.3,11.34,48.3,Winter
2015-08-04,292.0,10.6,252.0,0.6,14.3,17.8,11.8,9.8,12.9,12.5,7.0,47.9,Winter
2015-08-05,76.0,13.9,661.0,11.9,12.9,15.4,10.8,11.6,13.8,12.7,2.62,50.0,Winter
2015-08-06,332.0,13.2,249.0,25.0,12.7,16.2,7.2,5.9,12.6,13.2,12.0,51.0,Winter
2015-08-07,262.0,26.9,777.0,7.7,10.7,13.6,7.6,6.2,10.6,11.9,11.87,51.0,Winter
2015-08-08,241.0,21.5,699.0,9.0,8.7,13.3,4.6,3.6,9.0,10.9,11.58,51.2,Winter
2015-08-09,262.0,11.8,240.0,0.8,7.1,13.3,2.8,1.2,8.4,10.0,12.52,51.3,Winter
2015-08-10,192.0,6.2,162.0,0.3,5.5,11.5,0.0,0.0,7.8,9.1,7.88,50.6,Winter
2015-08-11,119.0,6.4,182.0,0.0,6.7,11.6,1.7,0.0,7.0,8.8,14.38,49.8,Winter
2015-08-12,119.0,6.4,182.0,0.0,7.1,13.3,1.6,0.2,7.5,8.9,14.65,49.1,Winter
2015-08-13,228.0,13.6,325.0,0.0,7.6,14.7,-0.4,-1.7,8.5,8.8,11.6,48.6,Winter
2015-08-14,260.0,25.5,860.0,14.3,12.5,15.6,9.2,7.1,11.5,10.6,5.78,49.7,Winter
2015-08-15,266.0,23.1,602.0,9.4,10.9,15.2,8.6,6.3,11.5,11.0,9.45,51.1,Winter
2015-08-16,80.0,11.4,369.0,0.3,10.9,15.1,7.9,5.2,11.1,11.2,11.71,51.3,Winter
2015-08-17,286.0,8.0,196.0,0.8,9.8,14.5,4.0,2.9,10.1,10.9,10.18,50.2,Winter
2015-08-18,284.0,17.8,391.0,11.1,11.7,14.1,7.2,6.2,11.5,11.2,4.84,50.2,Winter
2015-08-19,319.0,15.3,378.0,5.4,11.7,16.3,7.4,5.8,11.5,11.4,9.06,51.4,Winter
2015-08-20,240.0,9.6,225.0,1.2,10.1,14.4,5.5,4.1,10.1,10.9,12.23,51.6,Winter
2015-08-21,204.0,6.4,114.0,0.0,7.6,14.1,2.7,1.1,8.1,10.4,10.87,50.9,Winter
2015-08-22,260.0,11.6,255.0,6.5,9.9,13.5,3.8,3.9,11.2,10.7,6.69,50.9,Winter
2015-08-23,283.0,23.7,786.0,1.5,11.2,15.9,5.7,3.8,11.0,11.9,14.8,51.4,Winter
2015-08-24,263.0,12.8,275.0,0.0,11.1,16.6,5.2,2.8,10.4,11.5,13.58,50.7,Winter
2015-08-25,54.0,19.4,370.0,1.9,12.9,15.7,10.7,9.7,12.5,12.2,4.76,50.3,Winter
2015-08-26,73.0,7.2,182.0,0.0,10.1,14.7,4.1,1.6,9.3,11.5,13.21,51.2,Winter
2015-08-27,87.0,14.5,325.0,0.0,8.2,13.7,3.5,0.9,9.2,10.9,11.72,50.4,Winter
2015-08-28,45.0,6.7,170.0,0.0,8.3,15.6,2.5,-0.7,8.9,10.5,13.74,49.7,Winter
2015-08-29,25.0,10.3,207.0,0.5,9.6,16.4,3.0,0.3,10.2,10.5,7.21,49.4,Winter
2015-08-30,246.0,11.4,468.0,2.6,14.2,17.4,11.6,10.6,14.4,12.4,8.67,49.3,Winter
2015-08-31,56.0,19.1,670.0,19.0,14.2,15.6,12.8,13.2,15.1,13.4,2.57,50.7,Winter
2015-09-01,351.0,18.4,555.0,27.4,14.3,17.8,10.8,7.5,14.3,14.1,11.03,51.2,Spring
2015-09-02,254.0,9.8,307.0,6.1,13.0,18.3,7.9,5.5,12.0,13.1,13.52,51.4,Spring
2015-09-03,273.0,30.5,1069.0,8.0,11.9,14.4,9.8,7.0,10.9,12.4,15.39,51.3,Spring
2015-09-04,145.0,12.5,383.0,5.5,10.5,13.0,9.1,7.8,10.6,12.0,3.82,51.6,Spring
2015-09-05,317.0,18.8,612.0,20.9,11.3,14.8,9.3,7.6,10.7,12.2,11.25,51.6,Spring
2015-09-06,270.0,20.4,600.0,9.3,10.3,13.5,6.3,4.4,9.8,11.7,13.33,51.5,Spring
2015-09-07,233.0,12.6,334.0,1.6,9.8,13.9,6.3,4.6,9.2,11.1,12.2,51.8,Spring
2015-09-08,216.0,12.1,329.0,0.0,11.1,14.7,8.0,6.5,9.4,11.5,13.03,51.9,Spring
2015-09-09,80.0,11.4,369.0,0.4,10.8,15.6,7.8,6.0,10.7,12.2,11.04,51.5,Spring
2015-09-10,276.0,21.3,462.0,12.1,11.9,14.3,7.5,6.9,12.0,12.1,3.3,51.0,Spring
2015-09-11,261.0,22.5,880.0,5.3,10.9,13.7,8.8,7.2,9.4,11.4,14.4,51.3,Spring
2015-09-12,231.0,22.2,525.0,3.5,10.2,13.9,5.0,3.4,8.5,11.4,19.76,51.4,Spring
2015-09-13,235.0,10.7,285.0,0.0,11.6,15.8,4.6,4.2,10.8,11.5,10.78,51.5,Spring
2015-09-14,82.0,5.5,130.0,0.0,10.3,16.9,4.4,2.8,10.9,11.9,11.76,51.1,Spring
2015-09-15,226.0,11.4,264.0,0.0,11.3,13.8,8.0,7.0,10.9,12.1,9.77,50.4,Spring
2015-09-16,243.0,13.1,391.0,0.2,12.0,14.2,10.4,9.0,10.7,12.5,11.06,49.8,Spring
2015-09-17,278.0,14.2,515.0,0.0,12.8,18.8,6.1,3.6,11.4,12.7,16.01,49.5,Spring
2015-09-18,275.0,13.2,370.0,3.1,13.9,18.4,9.6,7.6,13.5,13.8,10.53,49.3,Spring
2015-09-19,286.0,24.4,763.0,5.9,11.5,16.2,7.6,6.7,12.1,13.6,10.36,49.4,Spring
2015-09-20,196.0,11.6,324.0,9.5,9.6,14.1,7.1,6.7,10.6,12.9,9.3,50.8,Spring
2015-09-21,225.0,9.6,249.0,0.0,10.0,14.3,6.9,5.7,8.9,11.9,10.32,51.6,Spring
2015-09-22,252.0,18.1,711.0,2.0,9.9,12.6,7.8,6.0,10.4,11.8,11.58,51.4,Spring
2015-09-23,223.0,13.2,388.0,0.8,11.6,14.9,7.8,6.0,10.9,12.0,14.81,51.2,Spring
2015-09-24,229.0,18.6,577.0,19.0,11.7,14.5,9.2,8.5,12.7,12.7,6.68,51.3,Spring
2015-09-25,258.0,27.3,882.0,5.8,12.0,15.8,9.0,7.1,11.5,13.2,16.41,51.6,Spring
2015-09-26,308.0,14.2,456.0,0.0,11.1,16.0,6.6,4.3,9.6,13.4,23.35,51.6,Spring
2015-09-27,251.0,15.9,469.0,0.1,11.0,15.8,5.1,3.4,10.7,13.6,19.85,51.0,Spring
2015-09-28,293.0,17.2,358.0,4.5,11.0,15.7,6.6,5.5,11.1,13.8,12.42,50.5,Spring
2015-09-29,225.0,10.5,291.0,0.0,11.0,16.8,5.8,3.2,9.0,13.8,24.06,50.2,Spring
2015-09-30,270.0,9.0,239.0,0.0,10.8,17.9,3.5,1.4,10.2,13.6,20.47,49.8,Spring
2015-10-01,246.0,13.4,353.0,0.0,12.7,19.7,6.9,5.1,11.3,14.4,22.0,49.4,Spring
2015-10-02,321.0,12.2,244.0,3.0,13.6,19.2,9.4,6.2,12.8,14.6,14.42,49.2,Spring
2015-10-03,280.0,20.8,732.0,4.1,12.4,16.5,9.6,7.4,11.5,14.2,17.84,49.5,Spring
2015-10-04,251.0,15.1,495.0,0.0,12.8,17.1,8.2,5.6,12.3,14.1,14.49,49.5,Spring
2015-10-05,241.0,16.0,481.0,0.0,13.8,16.7,6.9,4.5,11.1,14.5,21.41,49.3,Spring
2015-10-06,259.0,12.1,332.0,0.0,11.3,17.7,4.4,2.8,10.2,14.0,24.44,49.1,Spring
2015-10-07,275.0,11.1,240.0,0.0,12.9,19.0,6.4,4.1,11.9,14.5,24.54,48.5,Spring
2015-10-08,269.0,18.3,550.0,0.9,13.1,15.9,10.5,7.7,11.2,14.5,13.95,48.1,Spring
2015-10-09,265.0,9.2,222.0,0.0,11.8,16.7,5.9,3.0,9.3,13.9,21.54,47.7,Spring
2015-10-10,84.0,8.4,240.0,0.0,11.7,15.5,8.4,6.0,10.6,13.8,12.18,47.5,Spring
2015-10-11,275.0,14.5,385.0,0.0,13.1,16.0,9.9,7.9,10.7,13.9,11.55,47.0,Spring
2015-10-12,212.0,12.8,303.0,0.2,13.5,18.1,9.8,6.0,11.9,14.1,18.37,46.3,Spring
2015-10-13,257.0,16.4,503.0,0.6,13.2,17.8,8.9,5.1,12.5,14.1,14.42,48.0,Spring
2015-10-14,232.0,19.4,614.0,3.3,13.9,17.3,11.1,8.6,12.6,14.8,20.04,48.2,Spring
2015-10-15,86.0,13.9,556.0,0.0,13.7,17.4,11.6,10.2,10.8,14.9,24.09,46.9,Spring
2015-10-16,283.0,23.9,856.0,0.0,13.4,15.6,11.9,10.9,11.2,14.8,13.15,43.6,Spring
2015-10-17,86.0,9.7,241.0,0.4,13.2,16.1,10.2,8.9,11.0,14.4,12.92,42.5,Spring
2015-10-18,61.0,8.2,323.0,0.0,13.4,16.2,9.5,7.8,12.3,14.4,12.81,41.4,Spring
2015-10-19,228.0,15.8,643.0,1.2,13.2,16.0,10.8,9.0,11.3,14.3,17.03,40.7,Spring
2015-10-20,250.0,14.7,326.0,0.0,12.4,16.2,7.8,4.6,9.4,13.8,21.71,39.5,Spring
2015-10-21,211.0,9.2,206.0,0.0,12.8,17.0,8.7,6.7,11.7,14.1,15.94,38.0,Spring
2015-10-22,21.0,10.4,264.0,0.2,15.6,19.2,12.2,11.2,14.0,14.8,20.02,36.4,Spring
2015-10-23,240.0,17.4,589.0,0.0,16.4,20.4,12.9,10.9,13.3,15.6,17.38,34.5,Spring
2015-10-24,296.0,17.5,520.0,12.1,14.3,17.4,9.7,7.4,14.0,15.4,6.05,38.0,Spring
2015-10-25,245.0,9.3,221.0,0.0,11.9,17.7,5.0,2.1,10.5,14.8,25.48,41.6,Spring
2015-10-26,247.0,11.0,330.0,0.0,12.6,16.8,5.7,2.4,10.9,14.6,16.43,39.5,Spring
2015-10-27,284.0,9.6,310.0,0.0,14.3,18.1,8.7,5.5,12.1,14.9,20.68,37.1,Spring
2015-10-28,168.0,6.8,154.0,0.0,13.5,19.8,7.4,4.3,12.0,15.0,15.17,34.6,Spring
2015-10-29,274.0,16.3,476.0,8.2,13.6,16.3,11.3,10.1,14.1,15.5,6.55,35.6,Spring
2015-10-30,255.0,17.8,556.0,4.8,13.6,17.2,10.4,7.1,12.2,15.3,15.15,43.5,Spring
2015-10-31,280.0,9.0,241.0,0.0,12.6,17.1,6.8,3.1,10.3,14.9,18.09,42.4,Spring
2015-11-01,112.0,9.8,207.0,0.0,13.5,17.7,8.0,4.3,10.5,15.1,16.86,41.2,Spring
2015-11-02,87.0,9.0,237.0,0.0,11.8,17.6,5.1,1.9,10.7,14.9,18.83,39.8,Spring
2015-11-03,70.0,9.6,310.0,0.0,13.8,19.8,7.6,4.7,12.1,15.3,20.34,38.3,Spring
2015-11-04,227.0,13.7,302.0,6.1,13.5,15.6,10.3,7.6,12.1,15.5,20.31,39.5,Spring
2015-11-05,73.0,9.2,245.0,0.0,12.3,18.2,6.0,3.5,9.3,15.0,26.0,38.9,Spring
2015-11-06,222.0,14.7,382.0,0.0,13.3,18.9,7.4,4.4,9.8,15.7,28.05,36.6,Spring
2015-11-07,247.0,11.7,317.0,0.0,13.6,21.5,6.3,3.6,11.5,16.3,23.65,34.3,Spring
2015-11-08,259.0,11.3,346.0,0.0,14.2,21.0,8.4,6.0,12.1,16.6,25.59,32.0,Spring
2015-11-09,276.0,13.6,474.0,0.0,16.6,21.9,11.2,9.5,15.8,17.4,21.63,29.8,Spring
2015-11-10,262.0,14.0,415.0,0.0,16.2,22.1,9.4,7.6,14.4,17.6,18.9,28.0,Spring
2015-11-11,279.0,14.5,514.0,0.0,15.6,19.7,11.9,8.6,14.1,17.7,17.05,26.5,Spring
2015-11-12,249.0,13.1,334.0,9.8,14.7,19.3,10.2,8.9,12.8,17.1,18.13,26.2,Spring
2015-11-13,81.0,12.0,346.0,0.0,11.4,16.0,5.6,3.0,7.3,16.2,28.51,29.9,Spring
2015-11-14,283.0,8.8,255.0,0.0,11.5,19.4,2.7,-0.4,8.7,16.0,24.84,27.4,Spring
2015-11-15,246.0,9.4,250.0,0.0,15.5,21.0,10.2,9.7,13.2,16.4,13.07,26.2,Spring
2015-11-16,138.0,16.4,299.0,30.8,15.5,18.1,12.0,10.4,15.6,16.9,5.22,38.3,Spring
2015-11-17,253.0,14.5,485.0,0.0,13.9,17.1,10.3,8.0,11.2,15.9,16.65,46.5,Spring
2015-11-18,284.0,14.0,509.0,0.5,14.0,17.2,7.8,5.2,11.2,15.9,22.1,44.8,Spring
2015-11-19,187.0,10.9,287.0,0.2,12.2,16.3,5.8,3.4,11.6,15.3,8.19,43.5,Spring
2015-11-20,90.0,6.8,197.0,0.2,16.1,20.3,13.6,13.7,13.6,16.0,13.96,43.0,Spring
2015-11-21,356.0,12.8,311.0,2.1,17.4,19.4,16.3,16.4,17.1,16.6,6.15,42.2,Spring
2015-11-22,284.0,20.0,501.0,8.9,16.6,18.8,11.9,10.1,14.5,17.0,21.04,46.0,Spring
2015-11-23,226.0,13.2,393.0,0.0,14.2,20.7,7.0,5.1,11.6,16.8,28.19,44.6,Spring
2015-11-24,41.0,8.6,220.0,0.5,15.0,20.4,7.9,5.5,13.5,17.5,21.43,43.2,Spring
2015-11-25,271.0,14.1,620.0,0.1,17.9,23.2,13.8,14.6,17.1,18.8,18.94,41.8,Spring
2015-11-26,232.0,10.4,213.0,0.0,18.9,24.1,15.6,15.2,18.2,19.3,14.44,40.0,Spring
2015-11-27,29.0,8.7,183.0,8.1,19.4,25.6,13.6,11.3,17.8,19.5,18.81,38.6,Spring
2015-11-28,221.0,10.3,228.0,3.8,19.3,24.6,15.4,15.4,18.7,20.0,18.42,41.2,Spring
2015-11-29,238.0,9.9,236.0,0.9,16.7,20.7,14.3,14.0,14.0,19.4,13.99,40.5,Spring
2015-11-30,50.0,5.2,146.0,0.9,17.8,21.0,16.0,16.3,18.2,19.5,10.37,39.6,Spring
2015-12-01,50.0,5.2,146.0,0.1,17.7,21.0,16.5,16.4,17.8,19.6,10.48,38.9,Summer
2015-12-02,38.0,10.9,361.0,0.0,17.4,21.0,15.0,13.5,14.8,19.6,25.23,37.6,Summer
2015-12-03,246.0,9.6,257.0,0.0,16.8,20.4,12.2,11.1,14.4,19.4,14.07,35.6,Summer
2015-12-04,238.0,17.9,613.0,0.3,17.9,22.1,14.6,12.8,16.4,19.6,13.9,34.5,Summer
2015-12-05,89.0,11.7,297.0,0.0,16.2,20.4,11.4,8.3,13.3,19.3,24.86,33.1,Summer
2015-12-06,55.0,7.9,235.0,0.0,16.2,21.3,11.0,8.5,12.8,18.9,21.58,30.9,Summer
2015-12-07,249.0,11.6,304.0,0.1,15.9,21.7,11.2,9.0,13.8,18.8,19.09,28.9,Summer
2015-12-08,216.0,11.2,325.0,0.0,14.7,18.4,10.9,6.7,10.6,18.0,17.38,27.3,Summer
2015-12-09,249.0,18.8,641.0,0.0,15.7,19.0,12.9,9.5,10.9,17.6,18.56,25.6,Summer
2015-12-10,94.0,13.9,617.0,0.0,15.6,19.0,13.5,12.3,11.8,17.9,21.42,24.1,Summer
2015-12-11,257.0,11.9,330.0,4.1,17.3,20.9,14.7,13.2,17.9,18.3,11.11,24.1,Summer
2015-12-12,261.0,13.7,384.0,0.0,19.1,24.2,14.9,14.2,16.0,19.1,24.33,24.4,Summer
2015-12-13,255.0,21.1,567.0,11.5,16.9,20.4,11.0,7.7,13.7,18.8,25.43,29.4,Summer
2015-12-14,240.0,10.2,340.0,0.0,13.9,19.4,8.0,5.3,10.6,17.9,20.37,30.5,Summer
2015-12-15,212.0,7.3,183.0,0.0,13.8,19.2,7.9,5.0,11.9,17.4,15.83,28.4,Summer
2015-12-16,66.0,10.4,266.0,3.3,14.7,21.0,8.9,6.4,13.9,17.5,19.17,27.4,Summer
2015-12-17,226.0,12.1,375.0,3.8,13.8,18.4,9.5,6.6,12.2,17.4,19.77,27.8,Summer
2015-12-18,228.0,19.2,469.0,2.6,14.5,19.2,9.1,8.0,11.4,17.5,24.52,29.8,Summer
2015-12-19,267.0,12.6,370.0,0.0,16.2,20.7,12.7,10.6,13.1,17.5,21.0,28.0,Summer
2015-12-20,254.0,11.8,312.0,0.0,16.6,21.3,11.6,9.4,13.8,18.2,26.59,26.2,Summer
2015-12-21,258.0,13.8,556.0,0.0,17.7,21.6,13.9,11.4,15.0,18.9,25.24,24.5,Summer
2015-12-22,271.0,14.1,620.0,0.0,18.6,22.5,15.5,13.7,15.3,19.3,19.42,22.9,Summer
2015-12-23,238.0,16.0,590.0,5.5,18.0,23.3,14.6,14.7,15.1,20.0,20.53,21.9,Summer
2015-12-24,41.0,13.6,547.0,17.3,15.8,17.5,14.2,13.8,16.4,19.1,4.75,32.5,Summer
2015-12-25,214.0,12.5,362.0,0.0,16.3,19.3,12.9,11.4,13.2,18.2,13.44,36.4,Summer
2015-12-26,265.0,9.2,229.0,0.0,17.6,23.8,10.1,8.2,15.3,19.6,22.53,35.1,Summer
2015-12-27,82.0,6.6,137.0,0.0,19.0,25.9,11.8,10.1,15.6,20.9,15.27,33.1,Summer
2015-12-28,183.0,9.0,157.0,0.0,17.7,24.6,10.8,9.6,15.2,21.0,15.6,30.5,Summer
2015-12-29,232.0,12.9,357.0,0.0,18.8,23.6,14.5,13.1,14.7,20.6,16.37,27.2,Summer
2015-12-30,65.0,7.3,124.0,0.0,18.9,24.8,13.6,10.8,16.6,20.8,9.55,24.8,Summer
2015-12-31,155.0,4.3,105.0,0.0,19.2,23.1,14.1,12.9,17.6,21.3,11.88,23.1,Summer
2016-01-01,32.0,17.1,510.0,60.5,17.7,18.9,15.7,16.2,18.4,19.8,1.4,37.7,Summer
2016-01-02,70.0,21.3,551.0,30.8,18.1,19.4,16.9,17.8,19.5,19.1,2.75,52.5,Summer
2016-01-03,357.0,9.6,284.0,4.0,21.3,25.9,18.3,18.8,21.6,20.4,16.47,50.7,Summer
2016-01-04,47.0,14.0,607.0,0.0,18.6,22.4,16.1,16.7,16.9,21.0,20.48,45.8,Summer
2016-01-05,70.0,7.3,224.0,0.0,16.9,19.6,15.0,13.6,13.1,20.2,25.08,43.7,Summer
2016-01-06,203.0,12.2,310.0,0.0,16.8,20.3,13.9,11.1,11.9,19.5,20.71,42.3,Summer
2016-01-07,91.0,12.5,480.0,0.0,18.1,20.7,16.0,15.8,14.3,19.5,18.16,41.3,Summer
2016-01-08,6.0,10.2,309.0,31.0,20.3,23.2,17.7,17.7,21.3,20.0,5.43,46.2,Summer
2016-01-09,220.0,14.6,392.0,0.0,19.3,22.5,14.1,11.8,17.7,20.9,27.04,46.0,Summer
2016-01-10,67.0,9.3,342.0,0.0,18.2,21.8,14.6,14.5,15.4,20.1,17.67,44.0,Summer
2016-01-11,271.0,14.1,620.0,0.0,18.8,22.6,16.0,14.4,15.8,20.7,21.3,45.2,Summer
2016-01-12,279.0,15.0,546.0,6.8,18.1,20.1,15.3,14.0,18.8,20.9,8.71,45.5,Summer
2016-01-13,255.0,8.2,205.0,0.0,17.5,23.0,11.2,9.4,14.6,20.4,28.31,44.2,Summer
2016-01-14,82.0,7.8,181.0,0.0,18.4,22.8,13.8,12.1,16.7,21.1,21.71,46.1,Summer
2016-01-15,82.0,7.8,181.0,0.0,18.8,24.9,13.6,12.0,16.3,21.5,20.79,43.9,Summer
2016-01-16,234.0,8.2,195.0,0.0,20.1,25.1,14.8,12.4,16.9,22.5,28.88,41.0,Summer
2016-01-17,226.0,7.7,223.0,0.0,20.9,23.8,17.7,16.2,20.1,22.5,16.66,38.9,Summer
2016-01-18,52.0,5.2,159.0,11.3,20.8,22.2,19.6,19.9,21.8,21.7,7.56,38.1,Summer
2016-01-19,58.0,7.6,187.0,0.1,19.6,25.1,14.4,12.2,17.7,21.8,24.78,43.3,Summer
2016-01-20,232.0,10.4,213.0,0.0,19.2,23.6,14.2,12.7,17.7,22.0,15.74,42.5,Summer
2016-01-21,15.0,6.2,193.0,3.0,20.9,25.0,17.7,17.0,19.9,23.1,20.88,41.4,Summer
2016-01-22,221.0,10.3,228.0,0.0,20.7,25.2,16.4,14.6,19.0,23.3,16.18,40.6,Summer
2016-01-23,73.0,8.3,188.0,0.0,19.9,26.6,12.8,11.3,16.9,23.5,27.65,38.9,Summer
2016-01-24,234.0,8.2,195.0,0.0,20.7,27.2,13.4,11.6,17.0,24.1,28.6,36.2,Summer
2016-01-25,244.0,8.4,234.0,0.0,20.5,26.1,14.5,12.4,18.6,24.2,27.84,33.1,Summer
2016-01-26,285.0,10.8,283.0,0.0,19.3,24.5,15.2,12.9,19.2,24.4,3.63,30.6,Summer
2016-01-27,52.0,8.7,195.0,1.7,21.7,25.2,18.3,16.6,22.2,24.4,14.52,29.6,Summer
2016-01-28,91.0,8.8,311.0,5.3,20.7,26.4,16.4,15.2,20.2,24.0,20.79,31.0,Summer
2016-01-29,282.0,12.5,381.0,1.4,21.1,25.2,18.0,16.4,20.0,24.3,21.89,32.3,Summer
2016-01-30,288.0,8.7,198.0,0.0,20.8,27.2,16.4,16.0,18.9,24.3,17.99,30.6,Summer
2016-01-31,246.0,6.9,220.0,0.0,20.6,25.0,16.2,15.4,20.0,24.0,14.8,29.5,Summer
2016-02-01,221.0,10.3,228.0,0.0,20.7,23.8,16.2,14.4,18.3,23.8,18.37,28.4,Summer
2016-02-02,58.0,7.6,187.0,0.0,19.9,26.5,14.2,12.9,17.5,23.8,21.46,27.1,Summer
2016-02-03,246.0,11.1,334.0,0.0,20.0,24.2,15.4,13.6,16.9,23.9,22.82,25.8,Summer
2016-02-04,222.0,9.5,240.0,0.1,20.7,23.4,18.9,17.3,15.3,23.1,16.17,24.6,Summer
2016-02-05,97.0,9.3,213.0,8.3,20.0,22.6,18.4,18.5,20.5,22.2,6.51,24.0,Summer
2016-02-06,303.0,12.2,309.0,6.9,21.6,25.6,19.3,19.7,22.4,23.1,15.0,29.3,Summer
2016-02-07,85.0,12.5,445.0,2.4,21.1,23.4,20.0,19.0,20.7,22.7,11.62,31.0,Summer
2016-02-08,66.0,7.3,206.0,0.0,20.8,23.3,19.0,17.6,17.9,22.7,18.98,30.7,Summer
2016-02-09,221.0,10.3,228.0,0.0,20.8,25.4,16.1,14.1,16.6,23.4,18.91,29.6,Summer
2016-02-10,256.0,13.7,464.0,0.0,21.0,26.2,16.2,14.1,18.9,24.3,25.88,28.3,Summer
2016-02-11,27.0,9.9,281.0,0.0,20.9,26.1,16.2,14.1,18.2,24.9,22.85,26.8,Summer
2016-02-12,218.0,10.9,264.0,0.0,20.7,27.1,14.4,12.1,17.9,25.2,27.46,25.6,Summer
2016-02-13,265.0,11.7,254.0,0.0,20.4,25.1,15.6,13.6,18.3,24.9,20.02,24.2,Summer
2016-02-14,82.0,7.8,181.0,0.0,19.5,24.5,14.3,13.1,16.6,23.9,18.84,23.2,Summer
2016-02-15,68.0,12.1,397.0,6.7,20.7,23.9,18.3,16.1,18.5,23.0,13.36,23.1,Summer
2016-02-16,85.0,12.5,445.0,1.3,20.8,23.4,19.7,18.7,19.0,22.2,10.93,24.4,Summer
2016-02-17,97.0,9.3,213.0,7.1,20.5,21.8,18.3,18.2,19.8,21.4,4.82,24.5,Summer
2016-02-18,96.0,11.4,323.0,102.5,20.3,23.4,17.7,18.9,21.9,21.6,7.28,42.1,Summer
2016-02-19,283.0,13.8,404.0,16.1,20.1,25.4,13.8,11.6,18.6,22.1,19.32,49.7,Summer
2016-02-20,278.0,6.8,190.0,0.1,17.7,24.8,10.9,8.6,14.7,21.3,24.75,44.4,Summer
2016-02-21,76.0,7.2,180.0,0.1,18.0,24.1,11.1,8.5,15.9,21.0,17.73,42.4,Summer
2016-02-22,80.0,7.3,141.0,0.0,19.0,24.7,13.2,11.7,17.2,21.5,15.27,41.5,Summer
2016-02-23,140.0,7.7,174.0,0.0,18.7,24.6,12.6,10.4,15.9,22.4,26.19,41.2,Summer
2016-02-24,55.0,6.6,131.0,0.0,18.2,25.2,11.9,10.0,16.3,22.4,18.17,40.6,Summer
2016-02-25,140.0,7.7,174.0,0.0,18.5,25.1,11.5,9.1,15.8,23.0,25.53,39.4,Summer
2016-02-26,226.0,8.0,167.0,0.0,19.5,27.8,12.4,10.6,17.0,23.5,24.57,37.7,Summer
2016-02-27,45.0,13.8,324.0,15.7,20.6,25.6,15.0,13.1,21.2,23.2,12.41,37.6,Summer
2016-02-28,3.0,13.9,537.0,6.9,21.9,25.1,19.6,19.8,23.6,23.3,7.83,44.6,Summer
2016-02-29,78.0,10.0,311.0,24.2,21.5,24.6,19.3,19.7,22.4,22.9,10.35,49.0,Summer
2016-03-01,52.0,5.2,159.0,8.8,19.4,22.2,17.5,17.5,19.7,22.1,8.68,49.2,Autumn
2016-03-02,222.0,9.5,240.0,0.0,19.4,23.1,17.7,16.2,16.8,21.5,15.27,45.6,Autumn
2016-03-03,67.0,9.3,342.0,0.3,18.6,21.3,15.0,12.7,14.9,21.1,17.28,44.2,Autumn
2016-03-04,269.0,13.0,328.0,0.0,18.4,24.1,12.7,10.4,14.7,21.9,25.46,43.8,Autumn
2016-03-05,178.0,6.9,180.0,0.0,18.5,25.2,12.0,10.6,15.8,22.0,19.01,43.4,Autumn
2016-03-06,178.0,6.9,180.0,0.0,18.2,24.9,11.6,9.5,15.9,21.9,19.69,43.1,Autumn
2016-03-07,232.0,10.4,213.0,0.0,20.1,24.4,15.2,13.8,18.0,22.2,15.55,43.5,Autumn
2016-03-08,30.0,8.9,262.0,0.0,20.9,24.5,16.8,15.0,17.8,22.6,23.12,43.7,Autumn
2016-03-09,140.0,7.7,174.0,0.6,19.4,23.7,12.7,9.7,16.0,22.5,23.48,41.9,Autumn
2016-03-10,12.0,11.1,279.0,0.0,16.6,23.4,9.3,7.2,14.1,21.4,23.77,40.2,Autumn
2016-03-11,332.0,17.0,414.0,4.4,19.3,22.4,15.4,12.5,17.9,21.5,11.29,39.8,Autumn
2016-03-12,65.0,11.4,375.0,0.0,17.2,20.8,11.3,9.0,12.9,20.8,19.4,39.8,Autumn
2016-03-13,221.0,14.2,375.0,0.0,15.1,22.4,8.5,5.4,11.7,20.3,23.06,38.5,Autumn
2016-03-14,182.0,7.1,135.0,0.0,16.1,24.4,9.1,6.8,13.2,20.4,15.58,37.1,Autumn
2016-03-15,287.0,14.4,466.0,0.0,16.7,23.3,10.2,8.4,15.5,20.5,15.82,35.9,Autumn
2016-03-16,232.0,10.4,213.0,0.0,19.5,24.9,15.4,13.6,18.7,21.5,15.42,34.8,Autumn
2016-03-17,80.0,7.3,141.0,0.1,18.0,23.3,13.3,12.1,17.4,21.2,12.96,33.6,Autumn
2016-03-18,80.0,7.3,141.0,0.0,19.4,23.3,14.6,13.0,17.8,21.3,13.17,32.6,Autumn
2016-03-19,76.0,18.2,672.0,0.0,19.8,22.4,18.1,17.1,17.0,21.6,14.74,31.6,Autumn
2016-03-20,278.0,20.1,562.0,2.6,20.0,23.2,17.6,16.8,18.8,21.4,12.68,31.4,Autumn
2016-03-21,68.0,12.1,397.0,3.8,20.2,23.2,18.1,17.0,18.7,21.1,9.87,31.3,Autumn
2016-03-22,285.0,10.8,283.0,0.5,19.9,22.6,18.0,18.0,19.5,21.0,8.14,32.9,Autumn
2016-03-23,68.0,14.3,449.0,5.2,20.5,21.5,19.1,20.2,21.7,20.8,2.6,33.0,Autumn
2016-03-24,91.0,13.2,508.0,8.2,19.1,20.7,16.2,17.2,20.6,21.4,5.02,38.0,Autumn
2016-03-25,82.0,8.0,175.0,0.0,18.2,23.6,14.0,14.3,17.8,21.4,13.55,39.1,Autumn
2016-03-26,69.0,8.2,194.0,0.1,17.0,23.2,11.7,11.7,15.7,21.1,17.19,38.9,Autumn
2016-03-27,287.0,14.4,466.0,0.1,17.1,23.1,12.1,11.2,15.6,20.9,16.74,38.3,Autumn
2016-03-28,303.0,8.9,232.0,0.1,16.3,22.5,10.4,9.8,14.9,20.2,13.97,37.4,Autumn
2016-03-29,200.0,7.8,208.0,0.0,17.0,24.2,11.5,11.0,14.3,20.6,18.63,36.4,Autumn
2016-03-30,56.0,7.9,207.0,0.0,16.5,22.9,11.4,9.6,13.2,20.3,17.31,35.3,Autumn
2016-03-31,244.0,11.3,311.0,0.0,17.2,21.6,11.2,9.5,13.4,19.7,14.18,34.1,Autumn
2016-04-01,356.0,12.8,311.0,3.7,18.6,19.8,17.4,15.0,16.4,19.5,3.98,33.2,Autumn
2016-04-02,21.0,13.3,363.0,4.6,20.1,26.0,16.2,16.2,19.1,20.8,12.59,34.1,Autumn
2016-04-03,72.0,7.8,252.0,2.9,17.9,23.4,15.2,14.2,17.9,20.5,11.42,36.0,Autumn
2016-04-04,262.0,14.0,415.0,0.0,16.5,22.4,11.3,8.4,14.3,19.7,17.02,35.8,Autumn
2016-04-05,260.0,8.0,221.0,0.0,15.9,20.8,11.1,8.9,12.6,18.7,15.59,35.6,Autumn
2016-04-06,24.0,10.2,229.0,8.4,14.1,19.9,7.9,5.0,11.2,18.2,19.07,39.7,Autumn
2016-04-07,217.0,10.2,252.0,0.0,13.2,22.0,5.9,3.5,11.5,17.5,18.45,39.7,Autumn
2016-04-08,246.0,5.6,135.0,0.5,13.9,21.8,7.7,5.8,14.1,17.3,9.38,39.2,Autumn
2016-04-09,58.0,6.1,147.0,0.0,14.0,20.4,9.2,8.2,12.7,17.5,9.41,39.0,Autumn
2016-04-10,299.0,17.1,447.0,9.2,13.4,18.3,8.9,6.9,13.9,16.9,3.87,40.2,Autumn
2016-04-11,57.0,10.2,249.0,2.5,15.7,19.4,11.7,10.2,15.7,18.0,7.71,42.5,Autumn
2016-04-12,6.0,10.8,291.0,0.4,16.1,22.0,10.1,8.2,15.3,17.7,11.34,43.2,Autumn
2016-04-13,276.0,10.3,311.0,1.0,16.6,20.6,12.9,11.5,15.2,18.3,7.53,43.0,Autumn
2016-04-14,250.0,14.1,386.0,3.9,15.5,19.8,10.8,7.3,14.1,17.9,8.93,42.0,Autumn
2016-04-15,211.0,10.2,199.0,0.1,13.1,20.2,7.6,4.0,11.4,16.9,17.28,41.1,Autumn
2016-04-16,280.0,13.8,440.0,1.9,15.2,18.5,7.7,5.4,12.6,16.3,6.96,42.0,Autumn
2016-04-17,43.0,13.6,523.0,42.0,16.8,21.4,14.2,14.6,17.2,17.6,5.04,48.0,Autumn
2016-04-18,131.0,7.8,174.0,0.0,16.5,20.7,11.7,9.6,14.5,18.1,14.97,46.7,Autumn
2016-04-19,58.0,6.1,147.0,0.0,15.5,19.9,11.0,9.1,14.7,17.3,9.64,45.5,Autumn
2016-04-20,56.0,10.3,278.0,0.5,14.6,21.5,8.8,7.2,13.2,17.1,9.55,45.0,Autumn
2016-04-21,211.0,10.2,199.0,0.0,14.3,20.6,9.2,6.0,12.3,17.2,16.23,44.6,Autumn
2016-04-22,123.0,5.9,172.0,0.0,14.9,20.8,10.4,7.8,12.9,17.2,12.67,44.4,Autumn
2016-04-23,260.0,8.0,221.0,0.0,15.7,22.3,10.2,8.2,13.4,17.5,14.45,44.1,Autumn
2016-04-24,101.0,7.3,163.0,0.1,14.6,18.4,9.8,6.6,14.3,17.2,5.28,43.9,Autumn
2016-04-25,248.0,11.8,293.0,0.0,14.0,19.8,8.2,5.4,12.5,16.3,11.43,43.7,Autumn
2016-04-26,285.0,8.3,242.0,0.0,14.6,19.4,8.3,5.0,12.3,15.8,10.7,45.2,Autumn
2016-04-27,93.0,6.6,121.0,0.0,14.1,22.0,7.6,5.9,11.9,16.2,14.37,46.3,Autumn
2016-04-28,285.0,8.3,242.0,0.0,13.8,18.1,8.9,6.4,12.4,16.3,5.17,46.0,Autumn
2016-04-29,283.0,23.9,856.0,0.0,14.6,17.5,11.0,12.0,12.5,16.3,4.51,43.2,Autumn
2016-04-30,191.0,7.5,201.0,0.0,15.3,20.2,9.8,7.8,11.9,16.7,9.64,42.1,Autumn
2016-05-01,101.0,7.3,163.0,0.3,14.6,19.2,9.9,8.8,14.0,16.4,5.5,41.9,Autumn
2016-05-02,227.0,8.4,155.0,0.0,15.4,22.8,9.6,8.1,14.1,17.0,11.25,41.6,Autumn
2016-05-03,227.0,8.4,155.0,0.0,14.3,22.6,8.2,6.0,13.4,16.5,11.42,41.1,Autumn
2016-05-04,87.0,5.1,122.0,0.0,15.3,21.7,8.4,6.1,14.6,16.3,9.81,40.6,Autumn
2016-05-05,276.0,10.3,311.0,0.1,17.9,22.6,13.8,12.4,16.3,17.4,7.22,40.2,Autumn
2016-05-06,60.0,10.2,177.0,3.9,17.0,20.8,13.3,12.2,17.5,18.5,6.39,40.6,Autumn
2016-05-07,276.0,10.3,311.0,0.0,16.0,21.5,12.8,12.9,16.1,18.4,7.94,41.2,Autumn
2016-05-08,21.0,8.6,265.0,0.0,15.8,19.3,13.2,12.4,15.6,18.2,7.2,40.9,Autumn
2016-05-09,101.0,7.3,163.0,0.2,15.0,19.4,10.8,8.6,15.3,17.6,5.78,40.7,Autumn
2016-05-10,246.0,5.6,135.0,0.1,14.8,20.6,7.7,5.5,14.4,16.8,9.59,40.4,Autumn
2016-05-11,10.0,11.1,269.0,1.8,18.5,20.7,14.9,14.8,19.2,18.1,3.08,40.1,Autumn
2016-05-12,39.0,12.4,381.0,2.7,16.3,19.5,10.8,7.9,15.7,18.0,4.83,41.5,Autumn
2016-05-13,242.0,12.2,341.0,0.1,16.2,21.1,11.6,9.6,15.8,17.0,10.67,41.6,Autumn
2016-05-14,238.0,7.1,161.0,0.1,16.4,21.1,11.6,8.7,15.0,17.5,10.47,41.4,Autumn
2016-05-15,87.0,5.1,122.0,0.1,13.8,19.9,8.8,7.1,13.4,16.5,10.31,41.1,Autumn
2016-05-16,256.0,11.9,348.0,0.5,15.6,19.3,11.6,7.6,14.0,16.3,8.11,41.0,Autumn
2016-05-17,176.0,8.1,143.0,1.5,13.8,17.7,8.0,4.8,11.1,15.7,9.42,41.0,Autumn
2016-05-18,265.0,6.8,117.0,5.4,12.4,18.0,6.7,5.0,11.8,14.7,6.42,41.9,Autumn
2016-05-19,275.0,14.0,478.0,0.2,15.1,18.5,12.8,10.4,12.7,15.0,8.12,42.8,Autumn
2016-05-20,256.0,11.9,348.0,0.4,15.2,19.6,10.8,8.3,13.6,15.4,9.66,42.7,Autumn
2016-05-21,319.0,11.2,324.0,12.3,12.3,16.7,9.5,7.4,12.2,14.8,5.74,46.2,Autumn
2016-05-22,288.0,16.5,563.0,5.6,13.1,17.3,11.2,6.7,11.9,14.2,8.29,47.7,Autumn
2016-05-23,268.0,23.9,531.0,11.9,10.6,13.4,8.1,4.3,10.9,13.3,5.48,50.6,Autumn
2016-05-24,263.0,26.9,721.0,9.0,14.1,18.8,10.8,9.9,13.2,13.9,4.9,49.8,Autumn
2016-05-25,233.0,12.8,395.0,13.6,12.7,17.4,10.1,8.9,12.8,14.2,6.9,50.2,Autumn
2016-05-26,256.0,14.6,354.0,6.1,12.3,17.4,8.2,5.7,12.3,13.7,9.43,50.1,Autumn
2016-05-27,262.0,14.3,479.0,0.5,13.4,17.9,9.4,6.7,13.0,13.8,7.02,49.0,Autumn
2016-05-28,277.0,12.7,409.0,6.0,16.9,19.3,14.4,14.4,14.4,15.2,9.24,50.2,Autumn
2016-05-29,280.0,20.4,494.0,3.8,15.0,18.0,11.2,10.0,14.3,15.3,4.89,48.8,Autumn
2016-05-30,262.0,14.0,399.0,3.5,12.3,16.9,8.2,5.8,11.0,13.7,10.26,49.0,Autumn
2016-05-31,249.0,19.5,574.0,3.4,10.6,14.8,7.4,5.4,10.1,12.5,7.93,49.7,Autumn
2016-06-01,231.0,5.2,152.0,0.8,8.9,13.4,3.5,1.6,9.4,11.7,5.81,49.9,Winter
2016-06-02,248.0,9.7,278.0,0.7,10.0,14.4,4.8,1.7,8.7,11.7,11.29,50.1,Winter
2016-06-03,105.0,5.0,122.0,0.0,7.1,15.1,1.2,-1.4,8.0,10.4,11.0,49.9,Winter
2016-06-04,105.0,5.0,122.0,0.1,7.1,16.1,1.4,-1.2,8.1,10.0,10.59,49.7,Winter
2016-06-05,298.0,10.3,252.0,0.1,9.1,15.8,3.5,0.5,10.1,10.2,10.15,49.5,Winter
2016-06-06,227.0,19.4,681.0,0.0,13.2,16.2,9.8,7.1,11.0,11.5,6.8,49.4,Winter
2016-06-07,237.0,21.1,809.0,0.0,15.0,16.8,13.8,12.7,10.8,12.6,6.79,49.2,Winter
2016-06-08,53.0,13.9,758.0,0.4,15.5,16.6,14.4,13.0,12.0,13.1,3.79,49.1,Winter
2016-06-09,281.0,14.8,431.0,10.8,16.2,17.3,14.7,14.9,16.3,14.6,2.19,49.5,Winter
2016-06-10,245.0,11.4,456.0,3.7,15.9,18.8,13.0,13.5,17.3,16.0,4.0,51.0,Winter
2016-06-11,262.0,14.3,479.0,1.2,13.9,17.5,11.4,8.9,14.1,15.0,7.21,50.1,Winter
2016-06-12,285.0,27.1,603.0,4.6,12.5,16.7,9.2,6.6,13.0,14.2,4.81,49.6,Winter
2016-06-13,20.0,9.5,167.0,0.5,10.3,14.8,3.6,0.3,8.5,12.3,10.2,50.6,Winter
2016-06-14,62.0,9.7,267.0,0.6,8.4,14.8,2.7,0.0,10.3,11.2,7.29,49.1,Winter
2016-06-15,226.0,11.4,264.0,0.9,10.7,14.8,7.8,5.6,12.2,12.3,7.37,48.7,Winter
2016-06-16,95.0,13.8,460.0,0.0,9.5,16.0,4.4,1.8,10.8,11.9,7.69,48.6,Winter
2016-06-17,54.0,5.7,135.0,0.1,8.6,15.3,4.1,0.9,9.7,11.3,7.76,50.1,Winter
2016-06-18,231.0,5.2,152.0,0.2,9.3,13.9,3.5,1.2,9.7,11.0,5.33,50.0,Winter
2016-06-19,244.0,12.7,305.0,0.0,12.2,16.2,7.2,3.4,10.7,11.9,7.05,49.9,Winter
2016-06-20,277.0,9.5,196.0,0.2,11.5,16.4,5.3,3.1,12.5,11.9,6.63,49.7,Winter
2016-06-21,244.0,12.5,326.0,0.0,15.3,18.0,12.8,10.5,13.5,13.3,3.46,49.6,Winter
2016-06-22,43.0,15.8,454.0,32.3,15.9,17.2,14.6,15.3,16.8,14.7,0.9,50.4,Winter
2016-06-23,53.0,14.8,306.0,13.1,14.8,17.1,12.5,12.3,14.8,15.2,5.61,51.4,Winter
2016-06-24,238.0,15.6,459.0,0.2,12.1,16.2,5.8,4.0,11.0,13.3,8.65,51.6,Winter
2016-06-25,326.0,12.1,297.0,11.5,11.7,15.2,6.1,4.9,13.5,12.6,1.82,50.9,Winter
2016-06-26,277.0,21.1,706.0,10.4,11.6,16.1,7.9,7.3,11.5,12.8,6.76,51.5,Winter
2016-06-27,280.0,20.0,600.0,6.3,11.7,15.0,7.2,6.0,12.8,12.1,7.62,51.2,Winter
2016-06-28,206.0,17.8,468.0,2.7,11.3,15.7,8.9,6.2,11.7,12.8,7.59,51.5,Winter
2016-06-29,26.0,18.8,622.0,16.7,12.2,16.3,9.2,8.9,13.7,13.1,3.34,51.2,Winter
2016-06-30,227.0,12.0,258.0,0.0,10.9,15.0,4.6,5.1,10.3,12.8,7.77,51.5,Winter
2016-07-01,95.0,6.4,151.0,0.0,8.2,12.5,1.5,-1.5,8.1,10.8,11.02,51.3,Winter
2016-07-02,119.0,5.1,121.0,0.0,4.3,12.6,-0.9,-3.8,7.3,8.3,11.47,50.4,Winter
2016-07-03,242.0,11.6,236.0,0.1,5.6,14.2,-1.8,-4.6,7.3,7.8,10.51,49.7,Winter
2016-07-04,211.0,6.2,193.0,0.5,10.8,15.3,5.2,3.8,11.1,10.7,6.68,49.4,Winter
2016-07-05,54.0,5.7,135.0,0.1,8.3,16.4,2.6,1.9,11.2,10.1,6.92,50.6,Winter
2016-07-06,54.0,5.7,135.0,0.0,9.1,15.0,2.8,1.5,10.5,10.0,7.3,50.5,Winter
2016-07-07,45.0,18.9,467.0,24.0,13.3,14.8,9.9,10.3,13.8,11.8,1.15,50.7,Winter
2016-07-08,38.0,12.3,335.0,35.5,13.4,15.9,9.9,8.7,14.0,13.0,5.39,51.4,Winter
2016-07-09,224.0,18.7,634.0,8.9,12.0,13.8,10.5,9.7,9.7,12.3,6.17,51.4,Winter
2016-07-10,192.0,12.4,334.0,0.0,10.9,13.5,8.6,7.6,8.9,11.0,6.08,51.5,Winter
2016-07-11,88.0,19.3,539.0,0.0,10.9,13.1,9.0,6.9,8.2,10.6,8.64,51.0,Winter
2016-07-12,155.0,10.6,256.0,0.0,9.1,14.3,4.3,2.2,8.6,10.2,9.81,50.0,Winter
2016-07-13,54.0,5.7,135.0,0.5,9.7,15.1,3.2,1.2,9.8,9.8,7.53,49.6,Winter
2016-07-14,242.0,21.7,762.0,16.3,12.4,14.4,8.9,8.2,11.1,11.7,10.08,51.0,Winter
2016-07-15,275.0,23.4,751.0,7.6,12.1,15.7,9.6,8.5,11.2,11.0,9.1,51.4,Winter
2016-07-16,267.0,18.4,774.0,5.6,10.9,14.0,8.5,7.6,9.5,10.7,9.33,51.3,Winter
2016-07-17,242.0,21.7,762.0,17.0,11.6,14.8,8.6,8.6,10.9,10.9,8.64,51.3,Winter
2016-07-18,267.0,18.4,774.0,8.6,10.9,13.6,9.6,8.8,10.4,11.0,8.27,51.2,Winter
2016-07-19,145.0,12.5,383.0,5.9,12.1,14.5,8.9,7.2,11.7,11.1,6.03,51.3,Winter
2016-07-20,283.0,13.8,467.0,4.3,12.4,14.5,10.4,8.1,10.3,11.5,8.99,51.1,Winter
2016-07-21,192.0,12.4,334.0,0.2,11.6,14.2,8.4,7.7,10.6,11.1,5.89,51.5,Winter
2016-07-22,280.0,20.0,600.0,5.1,11.5,14.7,7.1,6.2,11.6,11.7,7.65,51.4,Winter
2016-07-23,53.0,14.8,306.0,13.0,14.8,16.2,13.1,11.3,14.7,13.4,6.4,50.9,Winter
2016-07-24,20.0,20.6,274.0,21.2,14.4,17.6,10.9,11.0,12.4,13.5,9.03,50.9,Winter
2016-07-25,75.0,17.1,481.0,1.9,11.1,14.8,5.9,5.0,10.2,11.6,7.39,51.1,Winter
2016-07-26,237.0,14.3,399.0,4.5,11.8,16.0,6.8,4.7,11.6,11.9,10.4,51.2,Winter
2016-07-27,242.0,8.4,231.0,0.0,10.8,16.9,5.4,3.3,11.4,11.3,9.48,51.0,Winter
2016-07-28,91.0,14.4,485.0,6.5,12.8,15.4,10.5,10.6,12.1,12.1,3.94,51.2,Winter
2016-07-29,275.0,23.4,751.0,7.9,12.5,15.4,9.9,8.3,10.6,11.7,7.57,50.9,Winter
2016-07-30,265.0,15.6,413.0,5.0,11.9,16.3,7.2,4.1,11.1,11.2,9.69,51.1,Winter
2016-07-31,262.0,26.9,777.0,5.7,11.1,13.4,9.3,8.0,9.5,11.0,10.16,50.9,Winter
2016-08-01,258.0,20.8,519.0,6.2,10.5,15.5,6.6,3.9,10.2,10.7,8.81,51.1,Winter
2016-08-02,230.0,11.6,347.0,5.0,10.7,15.1,6.5,4.7,10.4,11.1,11.54,50.9,Winter
2016-08-03,286.0,13.2,433.0,1.9,12.8,16.8,8.0,8.2,12.4,11.6,7.32,51.0,Winter
2016-08-04,164.0,9.6,262.0,3.6,12.5,13.9,9.8,8.0,12.6,12.7,4.35,51.1,Winter
2016-08-05,231.0,13.4,321.0,4.0,10.0,14.0,6.0,4.9,9.9,11.3,9.2,50.9,Winter
2016-08-06,247.0,13.6,532.0,7.2,8.3,11.5,6.2,5.4,8.8,10.4,8.06,50.5,Winter
2016-08-07,262.0,11.8,240.0,0.0,8.1,11.2,3.0,0.0,6.9,9.4,14.91,51.0,Winter
2016-08-08,207.0,9.3,239.0,0.6,6.2,12.0,1.1,-1.2,7.8,8.7,10.39,51.2,Winter
2016-08-09,268.0,12.4,361.0,19.4,8.3,11.7,2.6,0.2,9.1,9.0,7.05,51.2,Winter
2016-08-10,49.0,15.6,340.0,70.5,9.5,10.8,7.5,8.0,10.7,9.7,1.46,50.9,Winter
2016-08-11,112.0,15.8,415.0,18.8,10.7,13.3,8.6,8.5,11.3,10.8,5.56,50.9,Winter
2016-08-12,234.0,16.9,584.0,1.0,12.1,16.0,10.0,8.1,11.9,11.6,10.14,51.2,Winter
2016-08-13,233.0,14.2,360.0,1.7,11.4,15.6,5.9,2.5,11.0,11.9,9.29,51.2,Winter
2016-08-14,272.0,11.4,329.0,0.0,9.1,14.5,3.9,1.5,9.0,10.7,13.6,51.2,Winter
2016-08-15,272.0,11.4,329.0,0.0,9.3,14.9,3.8,1.5,8.8,11.2,13.35,51.2,Winter
2016-08-16,278.0,8.3,188.0,0.1,9.1,15.7,2.7,0.0,9.1,10.4,16.28,51.0,Winter
2016-08-17,221.0,9.1,216.0,0.0,9.0,16.7,2.1,-0.4,8.8,10.4,14.48,50.7,Winter
2016-08-18,278.0,8.3,188.0,0.0,8.7,15.3,2.4,0.1,8.7,10.4,16.38,50.3,Winter
2016-08-19,242.0,12.0,341.0,0.0,8.8,15.0,3.5,0.8,8.2,10.4,16.48,49.7,Winter
2016-08-20,155.0,10.6,256.0,0.0,10.3,13.9,3.5,1.1,9.5,10.6,9.37,49.4,Winter
2016-08-21,241.0,15.4,372.0,0.3,10.5,14.3,6.7,4.0,10.4,11.3,11.35,49.2,Winter
2016-08-22,76.0,13.4,379.0,0.0,10.5,16.1,4.1,1.7,9.7,11.0,12.03,49.5,Winter
2016-08-23,54.0,6.8,207.0,0.2,11.2,16.4,5.8,2.6,10.5,11.6,14.98,50.5,Winter
2016-08-24,48.0,15.3,352.0,15.5,10.1,14.5,5.6,3.3,11.5,11.1,3.45,50.8,Winter
2016-08-25,276.0,12.4,285.0,18.0,14.5,17.6,13.0,13.6,15.1,13.0,2.27,51.5,Winter
2016-08-26,332.0,9.2,289.0,1.4,15.8,19.3,11.9,11.4,13.6,14.1,9.58,51.8,Winter
2016-08-27,245.0,13.3,386.0,1.2,12.0,15.3,8.6,5.2,9.8,12.2,14.07,51.9,Winter
2016-08-28,82.0,5.5,130.0,0.0,10.6,16.7,5.6,2.3,10.2,11.6,12.12,51.6,Winter
2016-08-29,262.0,17.6,544.0,20.4,10.6,13.7,8.9,8.2,10.7,11.7,6.42,51.4,Winter
2016-08-30,273.0,15.2,503.0,0.0,12.3,16.2,7.9,4.7,11.2,12.2,13.19,51.8,Winter
2016-08-31,255.0,9.2,228.0,0.1,10.3,17.1,4.2,1.6,9.9,11.9,17.58,52.0,Winter
2016-09-01,90.0,9.8,233.0,0.0,10.0,16.0,4.6,2.4,10.3,12.0,14.73,51.5,Spring
2016-09-02,236.0,10.0,244.0,0.2,12.6,17.4,8.7,7.4,12.2,12.8,12.09,51.1,Spring
2016-09-03,268.0,14.0,743.0,1.3,14.5,16.6,12.6,12.0,14.5,13.8,6.91,50.7,Spring
2016-09-04,283.0,7.8,204.0,6.9,15.2,20.0,12.3,11.4,14.5,14.8,9.58,50.7,Spring
2016-09-05,281.0,15.4,663.0,1.3,13.6,16.1,11.3,10.2,12.1,14.1,13.04,51.8,Spring
2016-09-06,234.0,12.5,341.0,0.0,12.1,16.2,6.9,4.5,10.5,13.0,14.42,51.2,Spring
2016-09-07,235.0,10.7,285.0,1.4,11.1,15.7,5.5,2.9,10.2,12.2,11.11,50.9,Spring
2016-09-08,210.0,14.7,376.0,1.1,8.5,11.3,6.3,3.3,7.4,10.7,13.66,50.7,Spring
2016-09-09,211.0,17.2,450.0,0.0,8.8,13.3,6.0,2.7,6.5,9.9,19.52,50.4,Spring
2016-09-10,202.0,10.8,298.0,0.0,10.1,15.6,6.3,1.8,7.6,10.5,21.02,49.9,Spring
2016-09-11,21.0,9.3,260.0,0.0,9.1,16.4,1.6,-0.5,7.9,11.2,21.02,49.5,Spring
2016-09-12,306.0,6.8,188.0,0.0,9.4,17.2,1.9,-0.3,8.8,11.5,17.9,49.3,Spring
2016-09-13,220.0,13.3,340.0,0.0,11.5,17.1,7.3,5.3,9.6,13.0,18.24,49.1,Spring
2016-09-14,246.0,11.0,303.0,0.0,12.7,18.4,7.3,5.9,11.6,13.3,16.9,48.9,Spring
2016-09-15,39.0,14.6,336.0,10.1,12.8,14.2,11.0,11.3,13.1,13.6,4.53,49.0,Spring
2016-09-16,332.0,9.2,289.0,0.1,15.0,19.9,12.3,11.9,13.9,14.6,11.12,50.6,Spring
2016-09-17,86.0,12.0,228.0,10.5,15.1,16.2,12.9,12.3,14.5,14.5,3.88,50.7,Spring
2016-09-18,222.0,20.0,572.0,7.0,13.5,16.4,12.0,12.4,13.3,14.2,8.04,51.6,Spring
2016-09-19,226.0,12.3,288.0,0.1,12.7,15.8,7.9,6.2,11.0,13.9,13.45,51.8,Spring
2016-09-20,299.0,18.1,444.0,6.2,11.6,15.5,7.3,5.9,11.7,13.4,10.63,51.5,Spring
2016-09-21,95.0,11.2,419.0,7.4,12.7,14.0,11.8,12.3,13.4,13.9,4.2,51.6,Spring
2016-09-22,281.0,15.4,663.0,0.3,13.7,17.4,11.0,10.9,13.4,14.9,13.88,52.0,Spring
2016-09-23,95.0,12.1,297.0,4.5,14.9,17.1,13.6,13.6,14.9,15.7,10.15,52.0,Spring
2016-09-24,43.0,15.8,454.0,30.7,14.0,14.9,13.4,13.2,14.6,14.8,2.57,51.8,Spring
2016-09-25,55.0,16.8,521.0,19.3,14.4,16.0,13.6,13.3,15.5,15.3,5.6,51.8,Spring
2016-09-26,268.0,14.0,743.0,1.5,13.9,16.2,12.8,12.8,13.8,15.3,8.95,52.0,Spring
2016-09-27,21.0,10.4,264.0,1.1,14.5,18.8,12.3,12.1,13.7,15.9,17.93,52.0,Spring
2016-09-28,286.0,17.2,560.0,24.2,13.5,15.4,12.0,12.0,13.9,15.7,6.06,51.6,Spring
2016-09-29,229.0,11.8,296.0,0.0,13.9,18.7,9.9,10.6,13.5,16.0,17.91,52.0,Spring
2016-09-30,229.0,11.8,296.0,2.2,14.1,18.8,9.8,10.2,14.1,16.1,16.0,52.0,Spring
2016-10-01,98.0,13.4,453.0,1.3,15.0,16.9,13.4,13.8,14.4,16.3,9.36,51.8,Spring
2016-10-02,158.0,13.6,355.0,16.5,14.9,16.5,11.0,10.6,14.6,16.0,5.73,51.9,Spring
2016-10-03,297.0,15.2,446.0,4.0,13.4,18.2,10.8,9.8,13.0,15.7,17.65,52.0,Spring
2016-10-04,59.0,12.8,471.0,2.6,14.3,17.5,10.4,10.4,13.0,15.3,15.75,51.9,Spring
2016-10-05,258.0,19.3,670.0,8.6,14.6,17.9,12.1,12.9,13.1,16.1,22.13,51.8,Spring
2016-10-06,268.0,21.6,690.0,14.6,13.4,16.1,9.6,11.4,12.0,15.0,14.26,51.9,Spring
2016-10-07,269.0,13.9,667.0,10.8,11.9,15.5,8.9,10.7,11.4,14.3,16.87,51.6,Spring
2016-10-08,248.0,15.6,540.0,0.0,13.3,17.1,9.2,8.1,11.2,14.2,24.61,51.9,Spring
2016-10-09,27.0,12.7,311.0,8.9,13.5,18.0,9.9,12.6,12.8,14.7,10.12,52.0,Spring
2016-10-10,215.0,12.2,295.0,2.0,11.7,14.0,9.4,11.8,12.4,14.3,8.14,51.7,Spring
2016-10-11,258.0,17.4,593.0,0.5,15.8,19.9,12.9,12.4,15.8,16.0,17.15,51.9,Spring
2016-10-12,264.0,13.8,536.0,2.9,15.1,18.8,9.5,10.2,14.3,16.3,13.34,52.0,Spring
2016-10-13,64.0,13.8,404.0,0.1,12.4,18.1,6.9,6.7,9.9,15.1,26.6,51.9,Spring
2016-10-14,29.0,7.9,174.0,1.8,10.8,17.3,5.2,5.6,10.9,14.1,13.06,51.5,Spring
2016-10-15,258.0,27.3,882.0,6.6,11.2,15.8,7.9,9.0,10.3,13.7,18.03,51.8,Spring
2016-10-16,237.0,17.3,581.0,0.0,12.7,15.8,9.0,7.8,11.0,13.5,15.77,52.0,Spring
2016-10-17,228.0,14.9,527.0,0.0,13.9,17.9,9.9,10.0,11.7,14.4,24.25,51.8,Spring
2016-10-18,284.0,15.5,564.0,0.1,13.2,18.3,8.8,8.4,11.4,14.7,23.82,51.3,Spring
2016-10-19,188.0,8.4,226.0,0.1,14.8,20.4,7.8,7.4,13.8,15.5,24.09,50.6,Spring
2016-10-20,258.0,17.4,593.0,0.0,16.1,21.4,12.5,12.3,14.8,17.0,19.02,50.2,Spring
2016-10-21,248.0,15.6,540.0,0.7,13.1,17.3,9.3,8.2,10.9,16.3,24.23,50.0,Spring
2016-10-22,248.0,15.6,540.0,2.1,12.7,17.4,8.6,8.0,10.5,15.4,25.23,49.9,Spring
2016-10-23,24.0,8.6,232.0,0.0,13.4,20.2,8.2,6.6,9.5,16.0,24.88,49.7,Spring
2016-10-24,172.0,7.4,167.0,0.0,13.6,17.9,8.3,7.4,12.1,15.9,12.57,49.7,Spring
2016-10-25,280.0,20.4,494.0,5.7,14.6,16.8,10.7,9.6,14.1,15.8,7.1,49.5,Spring
2016-10-26,233.0,11.6,367.0,0.4,14.3,19.0,10.2,9.4,12.9,15.5,20.55,49.6,Spring
2016-10-27,272.0,9.8,270.0,0.0,13.9,18.9,9.3,8.0,11.7,16.1,21.06,49.8,Spring
2016-10-28,188.0,8.4,226.0,0.1,14.0,19.5,8.0,6.7,12.5,16.4,24.04,49.7,Spring
2016-10-29,230.0,13.4,434.0,2.3,13.7,17.4,8.5,6.4,10.6,16.5,24.25,49.5,Spring
2016-10-30,82.0,7.8,243.0,0.0,12.0,16.4,6.4,3.9,8.3,15.5,20.91,49.4,Spring
2016-10-31,249.0,15.4,391.0,22.3,10.0,16.5,4.8,2.9,9.5,14.7,18.33,50.2,Spring
2016-11-01,314.0,11.7,298.0,0.0,11.7,18.9,3.2,1.9,9.8,14.5,20.82,51.4,Spring
2016-11-02,257.0,14.2,477.0,2.0,14.4,17.7,10.1,9.1,12.1,15.9,21.41,50.6,Spring
2016-11-03,24.0,8.6,232.0,0.6,12.7,17.9,6.8,6.2,10.6,15.7,25.19,50.1,Spring
2016-11-04,239.0,20.4,686.0,1.6,13.2,16.7,10.8,9.4,10.5,15.4,20.63,49.8,Spring
2016-11-05,270.0,16.1,613.0,1.0,14.6,19.0,10.3,9.5,12.7,16.3,25.92,49.6,Spring
2016-11-06,46.0,6.0,150.0,0.2,16.4,21.9,12.0,11.5,13.8,17.5,19.08,49.3,Spring
2016-11-07,54.0,16.6,402.0,46.8,14.6,18.0,11.1,11.8,13.6,16.7,16.85,51.8,Spring
2016-11-08,258.0,19.3,670.0,7.8,14.3,17.6,10.9,11.3,12.0,15.6,26.35,52.0,Spring
2016-11-09,283.0,16.6,626.0,0.0,16.4,20.2,12.8,11.9,13.8,17.0,29.5,51.4,Spring
2016-11-10,283.0,16.6,626.0,0.0,16.6,20.7,12.2,11.2,13.8,18.6,27.15,50.5,Spring
2016-11-11,52.0,7.6,228.0,0.2,16.6,21.2,11.4,10.6,15.0,18.5,17.12,49.9,Spring
2016-11-12,289.0,13.8,588.0,5.5,14.6,16.9,12.3,12.3,13.1,17.3,14.68,49.6,Spring
2016-11-13,255.0,10.9,386.0,0.0,14.0,18.3,9.1,7.6,9.4,16.2,21.91,49.5,Spring
2016-11-14,70.0,6.6,149.0,0.0,14.6,19.8,7.6,7.0,13.0,16.8,20.55,49.3,Spring
2016-11-15,49.0,15.4,553.0,32.7,18.0,20.4,16.2,16.4,17.3,17.7,5.95,49.5,Spring
2016-11-16,267.0,14.0,618.0,1.0,15.8,19.0,13.4,12.2,12.7,17.5,24.35,51.8,Spring
2016-11-17,279.0,25.7,775.0,11.7,13.2,16.7,10.6,9.8,12.1,16.3,24.6,51.9,Spring
2016-11-18,260.0,16.6,542.0,4.3,13.5,18.2,9.2,7.6,10.8,15.9,25.75,51.8,Spring
2016-11-19,8.0,12.3,331.0,1.2,15.5,18.3,12.4,11.7,14.3,16.1,11.92,51.6,Spring
2016-11-20,216.0,17.4,507.0,0.0,15.2,18.4,12.0,10.2,11.2,16.6,28.38,51.2,Spring
2016-11-21,241.0,20.4,564.0,0.0,14.8,19.3,10.8,9.0,11.4,16.9,31.32,50.5,Spring
2016-11-22,241.0,20.4,564.0,0.0,15.6,21.8,9.0,8.2,12.6,18.2,30.99,50.1,Spring
2016-11-23,252.0,11.0,300.0,0.1,15.7,23.1,7.9,6.7,13.1,19.3,32.19,49.6,Spring
2016-11-24,252.0,11.0,300.0,0.0,15.5,22.2,7.4,6.1,13.8,20.1,28.84,49.3,Spring
2016-11-25,20.0,16.4,544.0,5.3,17.3,20.9,13.8,13.8,17.2,19.4,7.47,49.2,Spring
2016-11-26,258.0,13.8,556.0,1.3,16.3,20.8,12.6,12.1,14.2,18.8,25.99,49.1,Spring
2016-11-27,258.0,13.2,402.0,1.2,15.4,19.5,11.7,10.0,12.9,17.5,17.45,48.9,Spring
2016-11-28,248.0,15.6,540.0,0.3,14.3,18.2,11.1,9.4,10.3,16.7,25.63,48.6,Spring
2016-11-29,254.0,13.5,402.0,0.0,14.5,19.0,8.6,6.9,11.8,16.8,17.26,48.1,Spring
2016-11-30,73.0,7.1,208.0,0.0,15.9,20.5,10.4,8.8,12.3,18.0,19.72,47.3,Spring
2016-12-01,41.0,8.6,220.0,0.0,15.4,21.9,7.7,6.1,13.2,18.8,22.27,46.0,Summer
2016-12-02,250.0,9.0,322.0,0.0,16.6,23.0,11.2,10.0,14.1,20.1,26.3,44.7,Summer
2016-12-03,73.0,7.1,208.0,0.0,15.5,20.3,11.4,10.1,11.3,19.4,21.54,43.8,Summer
2016-12-04,241.0,13.5,345.0,0.0,15.4,21.6,8.6,6.9,12.6,19.6,30.65,40.6,Summer
2016-12-05,86.0,12.2,333.0,4.1,16.3,22.6,11.9,10.6,15.1,19.8,12.48,38.3,Summer
2016-12-06,279.0,8.8,164.0,0.0,16.9,23.0,10.5,10.2,15.7,20.2,28.32,37.6,Summer
2016-12-07,256.0,11.5,338.0,0.1,16.6,21.2,9.6,9.3,16.2,19.6,15.71,35.5,Summer
2016-12-08,86.0,11.4,303.0,9.4,16.9,20.0,14.8,15.3,18.2,19.1,7.03,39.0,Summer
2016-12-09,242.0,17.2,571.0,0.0,18.5,23.1,14.5,15.0,19.4,20.7,28.2,40.4,Summer
2016-12-10,86.0,11.4,303.0,8.6,17.7,21.3,15.0,14.8,18.0,20.4,7.7,41.4,Summer
2016-12-11,234.0,13.8,542.0,0.1,15.0,18.4,12.0,10.8,11.2,17.8,21.55,43.7,Summer
2016-12-12,172.0,7.6,211.0,1.8,14.8,18.7,11.9,10.9,11.8,17.2,22.39,43.1,Summer
2016-12-13,278.0,8.3,284.0,0.0,14.8,19.0,10.0,7.1,10.0,17.1,23.75,42.6,Summer
2016-12-14,300.0,12.5,284.0,0.0,15.3,20.4,8.8,6.7,12.9,17.6,24.32,41.8,Summer
2016-12-15,271.0,14.1,620.0,0.6,17.8,23.0,14.5,14.0,15.9,19.0,20.91,40.5,Summer
2016-12-16,122.0,12.8,328.0,0.0,16.1,19.9,12.4,9.5,11.0,18.9,30.94,38.9,Summer
2016-12-17,253.0,11.3,284.0,0.0,16.3,22.1,9.2,6.8,12.3,20.0,27.19,36.6,Summer
2016-12-18,57.0,8.4,207.0,0.0,16.1,22.8,8.1,6.3,13.3,20.3,20.45,34.4,Summer
2016-12-19,235.0,11.5,283.0,1.2,16.6,23.1,10.9,8.6,15.2,19.9,17.23,32.7,Summer
2016-12-20,252.0,11.0,300.0,0.0,16.1,21.7,9.3,7.1,11.5,20.6,31.05,31.2,Summer
2016-12-21,273.0,10.8,366.0,0.0,16.4,22.5,9.2,7.3,14.9,21.1,26.02,29.1,Summer
2016-12-22,76.0,8.8,228.0,0.1,18.7,24.2,13.5,12.5,16.6,22.1,25.45,27.3,Summer
2016-12-23,251.0,16.3,529.0,5.3,15.9,18.8,12.4,10.7,12.3,20.2,25.48,28.2,Summer
2016-12-24,230.0,12.2,329.0,0.2,15.4,19.2,11.1,7.8,11.4,18.5,23.04,27.2,Summer
2016-12-25,203.0,12.2,310.0,0.0,16.8,20.7,13.7,12.2,13.1,19.0,19.67,25.9,Summer
2016-12-26,227.0,10.7,327.0,0.0,16.8,21.0,12.4,8.8,12.3,19.8,23.2,24.6,Summer
2016-12-27,224.0,9.7,294.0,0.0,15.2,20.4,9.6,7.0,12.8,19.3,18.61,23.6,Summer
2016-12-28,91.0,8.8,282.0,0.4,16.7,19.8,12.8,10.7,16.5,18.9,11.79,23.3,Summer
2016-12-29,6.0,9.5,222.0,0.0,14.9,18.6,10.8,9.2,11.9,18.1,17.42,23.0,Summer
2016-12-30,228.0,11.4,299.0,0.0,15.2,21.8,8.1,6.3,12.2,18.5,16.92,22.5,Summer
2016-12-31,181.0,6.7,155.0,0.0,16.7,21.9,10.3,8.7,13.8,19.5,16.19,22.0,Summer
2017-01-01,200.0,7.8,208.0,0.0,17.9,24.6,11.1,9.6,14.2,20.1,20.97,21.5,Summer
2017-01-02,276.0,16.5,390.0,1.9,19.2,24.8,14.4,13.2,17.9,20.3,16.33,21.1,Summer
2017-01-03,261.0,12.5,483.0,2.1,20.7,25.2,18.5,19.3,19.2,21.2,24.86,21.5,Summer
2017-01-04,208.0,13.5,375.0,0.3,17.1,19.9,14.6,13.5,13.9,19.6,19.5,21.2,Summer
2017-01-05,234.0,13.6,389.0,0.0,16.0,21.4,9.9,6.9,9.1,19.7,30.23,20.8,Summer
2017-01-06,224.0,8.8,240.0,0.0,14.3,21.4,6.7,4.3,10.0,19.7,26.87,20.1,Summer
2017-01-07,174.0,7.8,236.0,0.0,15.9,21.3,10.1,7.3,10.9,19.8,25.39,19.6,Summer
2017-01-08,232.0,14.6,433.0,0.0,16.8,21.0,14.5,13.8,11.3,19.5,23.99,19.1,Summer
2017-01-09,248.0,12.8,327.0,0.0,17.5,22.1,13.9,11.9,13.0,19.5,23.09,18.7,Summer
2017-01-10,262.0,13.2,370.0,1.4,17.7,21.5,12.9,11.8,17.5,19.1,10.21,18.4,Summer
2017-01-11,82.0,7.8,181.0,0.2,19.5,24.2,15.9,13.9,17.7,20.4,20.62,18.4,Summer
2017-01-12,77.0,11.4,320.0,0.0,19.1,25.1,13.9,13.0,15.4,21.2,29.95,18.2,Summer
2017-01-13,224.0,6.7,206.0,0.2,19.3,24.2,11.9,9.8,15.9,20.9,18.33,17.8,Summer
2017-01-14,71.0,9.8,246.0,0.0,17.6,25.2,9.4,7.8,13.7,21.3,28.17,17.5,Summer
2017-01-15,288.0,8.7,198.0,1.0,21.2,27.6,15.2,14.7,19.9,22.3,18.27,17.2,Summer
2017-01-16,256.0,13.5,418.0,0.0,17.7,22.0,13.2,9.6,13.1,20.8,31.34,16.9,Summer
2017-01-17,187.0,10.3,326.0,0.0,17.9,22.9,13.1,11.0,12.6,20.8,31.51,16.6,Summer
2017-01-18,204.0,12.4,334.0,0.0,18.1,24.2,13.0,10.9,14.6,20.7,24.19,16.3,Summer
2017-01-19,202.0,12.2,348.0,2.4,16.7,20.7,14.2,13.4,13.8,19.3,15.33,16.1,Summer
2017-01-20,234.0,13.6,389.0,0.3,16.0,20.5,9.5,6.9,10.3,18.3,27.54,16.1,Summer
2017-01-21,271.0,12.9,280.0,15.6,15.1,21.5,6.7,4.8,12.6,18.1,17.98,16.3,Summer
2017-01-22,272.0,22.6,678.0,9.8,17.9,21.8,14.7,14.4,15.4,19.1,23.77,20.7,Summer
2017-01-23,226.0,18.5,598.0,0.1,16.7,20.2,13.4,10.4,12.1,18.0,20.4,20.6,Summer
2017-01-24,215.0,15.1,499.0,0.0,17.6,23.7,13.0,10.3,12.9,19.7,27.17,20.0,Summer
2017-01-25,236.0,9.8,258.0,1.7,16.2,22.5,11.8,10.6,14.5,19.6,14.9,19.6,Summer
2017-01-26,58.0,7.5,249.0,0.0,16.2,21.7,9.6,9.0,11.5,19.0,28.53,20.0,Summer
2017-01-27,228.0,10.8,272.0,0.0,15.6,22.4,8.5,7.1,11.8,19.8,30.99,18.8,Summer
2017-01-28,255.0,8.2,205.0,0.0,18.0,25.6,10.6,8.6,13.0,21.2,30.15,18.2,Summer
2017-01-29,290.0,8.1,277.0,0.0,17.4,24.0,11.6,9.8,14.3,21.5,20.55,17.7,Summer
2017-01-30,267.0,9.6,262.0,0.0,17.7,24.9,10.0,7.9,13.9,21.5,24.88,17.2,Summer
2017-01-31,257.0,10.8,289.0,0.0,19.1,26.8,12.5,10.4,15.0,22.8,26.12,16.8,Summer
2017-02-01,53.0,7.6,180.0,0.0,18.2,24.4,12.5,11.6,15.3,22.0,20.03,16.6,Summer
2017-02-02,58.0,7.6,187.0,0.0,19.7,25.2,14.4,14.0,15.7,21.9,22.77,16.1,Summer
2017-02-03,58.0,7.6,187.0,1.2,20.1,25.8,14.8,13.4,17.7,22.0,23.19,16.0,Summer
2017-02-04,111.0,7.9,177.0,0.0,17.4,24.5,9.3,7.1,12.6,21.2,30.72,15.8,Summer
2017-02-05,73.0,8.3,188.0,0.0,18.6,26.2,12.2,10.8,14.6,22.3,29.81,15.5,Summer
2017-02-06,73.0,8.3,188.0,0.0,19.2,28.5,10.3,8.9,14.4,23.1,30.5,15.2,Summer
2017-02-07,225.0,7.6,243.0,0.0,21.9,28.5,16.1,14.5,18.7,24.0,27.13,14.9,Summer
2017-02-08,271.0,18.6,516.0,2.8,19.8,25.0,16.2,17.0,17.2,23.1,12.82,14.6,Summer
2017-02-09,229.0,20.8,597.0,9.0,17.1,21.4,13.3,11.4,14.5,20.3,14.79,16.8,Summer
2017-02-10,225.0,10.0,249.0,0.0,16.4,22.6,11.5,9.9,13.7,20.2,17.15,16.5,Summer
2017-02-11,233.0,11.8,329.0,0.0,16.2,22.7,9.9,8.0,12.3,20.5,30.19,16.2,Summer
2017-02-12,163.0,10.5,216.0,0.2,17.5,24.4,9.2,7.5,16.7,20.1,16.18,15.9,Summer
2017-02-13,260.0,7.7,187.0,1.3,22.0,28.4,18.5,19.7,21.1,21.7,17.57,15.8,Summer
2017-02-14,285.0,10.8,283.0,2.0,19.7,25.0,17.0,17.9,20.2,21.5,9.25,16.1,Summer
2017-02-15,100.0,13.6,410.0,10.2,18.1,22.5,14.8,15.5,16.7,20.7,9.62,16.8,Summer
2017-02-16,118.0,21.7,570.0,41.5,16.8,19.5,14.1,14.9,17.7,19.1,3.34,21.9,Summer
2017-02-17,4.0,8.3,215.0,9.8,20.3,25.0,17.5,17.2,20.7,20.9,14.13,26.5,Summer
2017-02-18,221.0,10.3,228.0,1.4,19.8,25.3,16.1,15.9,20.2,21.6,17.11,26.4,Summer
2017-02-19,6.0,10.2,309.0,32.7,20.3,24.4,18.1,17.7,20.5,22.0,16.1,34.4,Summer
2017-02-20,262.0,10.0,381.0,0.1,20.9,24.4,18.7,16.8,17.2,22.2,23.07,35.5,Summer
2017-02-21,86.0,7.5,228.0,0.0,19.6,23.5,14.5,12.9,17.7,21.8,27.08,34.3,Summer
2017-02-22,267.0,10.2,262.0,0.0,18.6,24.5,12.7,10.8,14.2,21.7,19.98,33.1,Summer
2017-02-23,258.0,10.4,238.0,0.0,19.2,25.6,12.6,10.6,16.5,22.2,26.07,31.8,Summer
2017-02-24,22.0,8.2,262.0,0.0,19.3,24.5,14.9,13.5,21.0,23.0,21.53,30.5,Summer
2017-02-25,294.0,9.8,224.0,0.0,18.7,24.9,13.3,12.7,17.1,22.3,15.85,29.4,Summer
2017-02-26,211.0,12.7,355.0,0.0,18.1,24.6,11.6,10.7,15.9,21.8,19.08,28.4,Summer
2017-02-27,226.0,8.0,167.0,0.0,18.5,25.0,11.9,10.8,16.7,22.2,24.05,27.2,Summer
2017-02-28,58.0,7.6,187.0,0.1,19.0,24.6,14.3,13.1,17.4,22.7,24.31,26.1,Summer
2017-03-01,53.0,8.2,217.0,0.0,18.4,23.6,12.9,11.8,15.8,22.4,16.64,25.1,Autumn
2017-03-02,259.0,9.8,297.0,0.0,19.5,24.7,14.9,12.3,19.2,22.8,21.4,24.3,Autumn
2017-03-03,47.0,8.1,212.0,0.0,16.6,23.8,9.8,8.3,15.5,22.0,27.06,23.4,Autumn
2017-03-04,66.0,7.2,175.0,0.1,17.7,24.3,11.0,9.5,14.2,21.3,19.38,22.6,Autumn
2017-03-05,60.0,10.5,311.0,0.2,18.5,23.0,12.6,10.6,17.1,21.4,17.53,22.0,Autumn
2017-03-06,227.0,11.4,300.0,0.0,16.9,23.5,10.4,8.2,12.6,21.1,25.66,21.3,Autumn
2017-03-07,268.0,8.7,250.0,27.5,17.8,21.7,13.0,12.0,18.1,20.5,6.38,23.5,Autumn
2017-03-08,96.0,13.8,496.0,53.6,18.6,21.6,16.5,17.6,18.4,19.9,3.86,45.8,Autumn
2017-03-09,69.0,13.7,512.0,7.6,18.9,20.1,17.7,18.2,20.6,19.1,2.4,43.3,Autumn
2017-03-10,96.0,13.8,496.0,51.8,19.4,21.4,14.7,18.4,20.0,20.0,2.07,47.0,Autumn
2017-03-11,85.0,12.5,445.0,0.7,20.8,22.6,19.6,19.7,21.0,20.8,9.14,51.2,Autumn
2017-03-12,188.0,13.4,357.0,26.3,19.8,22.8,17.8,18.1,20.2,20.6,7.77,48.8,Autumn
2017-03-13,58.0,7.1,220.0,0.7,18.5,21.4,13.4,12.0,16.0,19.8,18.46,44.9,Autumn
2017-03-14,260.0,16.1,486.0,0.0,15.6,20.6,11.0,9.2,13.5,18.0,17.59,41.9,Autumn
2017-03-15,254.0,11.8,312.0,0.1,15.8,21.9,10.8,8.8,12.3,18.4,25.67,40.8,Autumn
2017-03-16,105.0,6.6,191.0,0.1,14.9,21.2,8.6,8.0,12.7,18.8,24.58,40.1,Autumn
2017-03-17,66.0,8.5,243.0,0.0,16.1,21.8,10.7,9.2,14.8,19.3,18.67,39.3,Autumn
2017-03-18,64.0,8.0,219.0,0.0,17.0,22.6,12.7,12.0,15.0,19.7,16.86,38.5,Autumn
2017-03-19,200.0,7.8,208.0,0.0,16.7,22.8,11.1,9.6,15.0,19.8,19.28,37.5,Autumn
2017-03-20,275.0,14.4,464.0,0.1,15.9,22.0,9.4,8.5,14.1,19.1,16.88,36.4,Autumn
2017-03-21,202.0,12.2,348.0,0.0,18.1,21.4,15.1,13.7,14.9,19.4,14.37,35.1,Autumn
2017-03-22,335.0,12.2,329.0,0.8,18.9,22.0,16.7,16.8,17.5,20.0,10.65,34.0,Autumn
2017-03-23,220.0,6.6,184.0,0.1,19.0,22.8,14.4,13.4,18.0,20.1,11.64,33.0,Autumn
2017-03-24,220.0,6.6,184.0,0.0,17.7,23.0,13.4,12.8,16.8,20.1,11.19,31.9,Autumn
2017-03-25,220.0,6.6,184.0,0.3,17.9,22.8,13.9,13.8,16.8,20.1,12.89,31.1,Autumn
2017-03-26,96.0,13.8,496.0,49.4,18.4,21.0,15.8,17.6,18.6,19.9,6.4,36.8,Autumn
2017-03-27,80.0,10.3,330.0,14.1,18.9,23.6,15.3,14.8,19.2,20.0,10.83,49.7,Autumn
2017-03-28,220.0,6.6,184.0,0.0,17.8,22.8,12.3,12.9,18.1,20.0,12.06,43.4,Autumn
2017-03-29,166.0,13.4,375.0,26.9,17.8,21.4,15.3,16.7,18.3,19.6,7.69,50.2,Autumn
2017-03-30,262.0,10.5,346.0,0.0,17.9,23.4,13.4,11.9,16.8,19.7,20.0,44.3,Autumn
2017-03-31,200.0,7.8,208.0,0.1,15.9,23.0,9.8,9.3,14.6,19.1,19.37,43.1,Autumn
2017-04-01,91.0,8.2,195.0,0.1,16.4,23.4,10.6,10.3,16.1,19.1,14.7,43.8,Autumn
2017-04-02,228.0,11.0,360.0,6.6,19.6,24.2,16.2,16.9,20.3,20.6,10.36,43.2,Autumn
2017-04-03,68.0,12.1,397.0,4.7,20.4,24.9,17.2,17.5,21.1,21.5,12.98,43.0,Autumn
2017-04-04,7.0,10.2,256.0,46.7,19.8,22.2,14.4,19.8,22.0,21.2,3.15,50.1,Autumn
2017-04-05,91.0,17.3,489.0,23.0,18.1,20.9,14.5,15.8,19.1,20.8,4.97,52.2,Autumn
2017-04-06,239.0,9.9,282.0,0.9,16.5,20.3,14.2,12.3,13.5,18.1,14.98,48.2,Autumn
2017-04-07,251.0,13.5,306.0,0.0,15.7,20.5,10.4,10.0,14.0,17.5,16.84,44.7,Autumn
2017-04-08,256.0,11.9,348.0,0.1,15.2,19.1,9.4,8.6,13.9,16.7,10.28,43.4,Autumn
2017-04-09,315.0,16.9,469.0,3.1,16.6,20.7,11.7,10.9,15.0,17.5,12.64,43.1,Autumn
2017-04-10,271.0,14.1,620.0,0.0,18.3,21.8,14.3,13.2,16.4,18.6,19.52,42.9,Autumn
2017-04-11,47.0,6.5,150.0,0.0,19.6,22.6,14.7,13.2,18.9,19.2,12.68,42.7,Autumn
2017-04-12,8.0,21.9,719.0,87.8,18.1,20.8,16.2,18.4,18.8,19.5,2.53,49.2,Autumn
2017-04-13,124.0,13.0,327.0,24.5,17.4,18.8,14.2,15.6,18.1,18.8,3.59,51.9,Autumn
2017-04-14,257.0,11.9,330.0,3.4,16.6,22.0,13.9,13.6,15.6,18.2,13.06,46.7,Autumn
2017-04-15,264.0,13.8,536.0,3.2,15.5,20.6,10.6,10.6,14.7,17.2,14.34,46.0,Autumn
2017-04-16,211.0,8.3,170.0,3.3,14.7,21.0,9.7,10.0,13.9,16.5,12.5,45.8,Autumn
2017-04-17,292.0,14.2,404.0,1.2,14.9,19.2,11.6,10.5,13.6,16.1,13.77,45.6,Autumn
2017-04-18,339.0,12.8,254.0,0.0,15.4,20.7,10.0,10.2,13.5,16.2,13.45,44.5,Autumn
2017-04-19,85.0,6.4,170.0,0.0,13.1,19.5,7.3,7.7,12.3,15.5,15.21,44.1,Autumn
2017-04-20,89.0,8.2,260.0,1.4,12.9,19.0,8.1,8.2,12.5,15.2,11.75,43.7,Autumn
2017-04-21,205.0,9.3,309.0,0.1,14.1,18.0,8.0,7.6,12.5,15.4,10.44,43.7,Autumn
2017-04-22,10.0,7.5,181.0,5.6,15.8,19.6,12.2,11.3,15.2,16.9,9.82,47.1,Autumn
2017-04-23,57.0,10.2,249.0,0.8,15.7,18.0,11.5,11.0,14.5,16.6,8.41,46.8,Autumn
2017-04-24,339.0,12.8,254.0,0.0,15.8,20.1,10.5,9.6,13.2,16.5,13.12,44.9,Autumn
2017-04-25,85.0,6.4,170.0,0.1,12.7,19.6,7.1,7.4,11.9,15.4,16.57,44.2,Autumn
2017-04-26,216.0,10.1,273.0,0.1,13.1,20.6,7.0,7.0,12.5,15.2,13.31,43.9,Autumn
2017-04-27,145.0,7.7,215.0,0.1,13.7,21.8,8.0,7.8,12.8,15.3,14.06,43.8,Autumn
2017-04-28,227.0,8.4,155.0,0.1,15.4,21.5,8.4,8.0,14.9,15.7,13.27,43.5,Autumn
2017-04-29,65.0,16.4,547.0,15.5,17.4,18.8,15.8,15.2,17.9,17.1,2.61,45.1,Autumn
2017-04-30,57.0,10.2,249.0,2.5,16.3,18.4,12.3,11.4,14.8,16.9,8.84,47.9,Autumn
2017-05-01,226.0,13.6,433.0,1.2,12.9,16.6,9.2,6.4,9.7,14.4,15.61,46.9,Autumn
2017-05-02,256.0,9.8,256.0,0.0,9.7,16.4,3.8,1.5,8.5,12.9,15.93,46.2,Autumn
2017-05-03,340.0,9.7,251.0,0.1,11.0,18.7,3.0,0.9,10.3,12.8,12.48,46.1,Autumn
2017-05-04,127.0,5.9,166.0,2.3,14.1,16.7,11.7,10.0,10.9,14.0,11.48,45.6,Autumn
2017-05-05,9.0,9.0,268.0,0.0,13.3,17.9,6.3,4.6,11.1,13.9,11.18,45.4,Autumn
2017-05-06,101.0,5.1,105.0,0.1,10.8,18.5,5.2,3.2,10.8,13.2,13.48,45.2,Autumn
2017-05-07,3.0,10.1,275.0,0.1,11.3,19.2,4.9,2.9,10.6,13.5,15.17,45.1,Autumn
2017-05-08,65.0,6.2,142.0,0.0,13.8,20.2,9.6,9.1,12.0,14.9,14.93,45.0,Autumn
2017-05-09,285.0,8.3,242.0,0.0,13.9,21.2,8.1,6.0,12.9,14.8,10.8,44.8,Autumn
2017-05-10,51.0,9.3,257.0,0.5,15.3,18.7,11.2,10.8,15.1,15.3,6.15,44.6,Autumn
2017-05-11,3.0,12.7,289.0,16.5,18.2,19.2,16.2,16.7,18.0,16.6,2.6,47.5,Autumn
2017-05-12,255.0,23.4,553.0,20.7,16.1,19.9,13.2,12.0,16.2,17.0,4.82,52.1,Autumn
2017-05-13,227.0,12.7,287.0,0.0,11.6,15.5,5.1,2.0,9.4,14.1,14.24,49.1,Autumn
2017-05-14,192.0,8.7,199.0,0.1,9.8,16.6,3.0,0.3,9.9,12.2,12.18,49.7,Autumn
2017-05-15,217.0,7.3,183.0,0.0,12.8,16.3,10.2,8.9,12.6,13.9,5.46,49.1,Autumn
2017-05-16,237.0,21.1,809.0,0.1,14.4,17.2,11.4,11.7,12.9,14.4,5.34,48.9,Autumn
2017-05-17,255.0,23.4,553.0,16.2,16.2,21.4,13.5,14.2,16.3,16.2,8.16,52.0,Autumn
2017-05-18,272.0,19.3,777.0,3.9,15.5,17.1,13.7,12.1,13.7,15.4,5.22,51.6,Autumn
2017-05-19,274.0,8.7,246.0,0.3,14.0,16.0,12.1,10.6,11.0,13.8,7.84,48.8,Autumn
2017-05-20,218.0,22.4,721.0,5.3,12.1,16.4,9.6,7.0,10.4,12.8,7.63,50.0,Autumn
2017-05-21,8.0,11.3,307.0,0.0,9.2,14.2,1.5,-1.0,7.5,11.2,13.47,49.5,Autumn
2017-05-22,255.0,10.1,243.0,0.1,6.0,14.2,0.6,-2.1,7.0,9.7,13.78,50.1,Autumn
2017-05-23,105.0,5.0,122.0,1.4,7.5,16.6,0.2,-1.9,8.5,9.9,9.23,49.5,Autumn
2017-05-24,274.0,15.1,521.0,4.2,13.1,18.7,8.2,6.2,12.3,12.8,12.01,49.3,Autumn
2017-05-25,262.0,7.9,170.0,0.0,10.5,17.3,4.7,3.0,10.8,13.0,11.8,50.1,Autumn
2017-05-26,276.0,11.7,318.0,0.6,14.7,17.5,6.7,5.9,14.2,13.6,5.08,49.8,Autumn
2017-05-27,57.0,10.2,249.0,2.2,15.0,18.7,12.6,12.0,15.1,15.3,8.74,48.6,Autumn
2017-05-28,231.0,12.4,294.0,2.4,13.3,17.6,8.2,7.8,13.5,14.9,8.54,47.9,Autumn
2017-05-29,205.0,6.8,160.0,0.0,11.5,18.2,6.8,6.6,11.8,14.0,11.19,47.9,Autumn
2017-05-30,256.0,13.9,303.0,2.2,11.0,16.5,5.1,3.7,11.4,13.4,7.69,49.5,Autumn
2017-05-31,275.0,11.1,249.0,7.3,11.3,16.3,6.6,5.9,11.9,13.4,8.27,50.1,Autumn
2017-06-01,219.0,8.0,201.0,0.0,11.0,16.0,4.7,4.6,12.0,12.7,6.13,49.6,Winter
2017-06-02,46.0,15.4,575.0,51.5,13.2,14.9,11.6,12.0,13.4,13.7,1.67,51.4,Winter
2017-06-03,246.0,9.1,256.0,5.4,11.6,13.2,6.9,5.2,11.4,13.3,4.51,51.8,Winter
2017-06-04,20.0,9.5,167.0,0.0,8.9,15.4,4.1,2.3,9.7,11.6,8.93,52.1,Winter
2017-06-05,31.0,9.4,199.0,0.1,9.3,15.6,5.3,4.2,10.5,11.6,7.4,50.8,Winter
2017-06-06,62.0,9.7,267.0,1.8,9.0,14.9,2.5,1.0,10.2,11.2,8.75,49.2,Winter
2017-06-07,76.0,13.4,379.0,1.4,10.3,15.9,5.0,3.3,10.5,11.8,10.97,49.3,Winter
2017-06-08,248.0,9.7,278.0,0.0,9.0,13.9,4.9,2.1,8.8,10.9,11.86,49.1,Winter
2017-06-09,204.0,6.4,114.0,0.0,7.7,14.6,1.9,-0.2,8.4,9.8,11.51,50.9,Winter
2017-06-10,291.0,13.8,312.0,1.0,11.5,15.4,8.3,6.1,11.1,11.4,7.92,50.6,Winter
2017-06-11,209.0,9.0,256.0,0.0,10.5,15.9,4.7,2.6,9.3,11.2,11.34,50.4,Winter
2017-06-12,31.0,9.4,199.0,0.2,9.6,15.5,5.0,2.6,10.4,10.7,8.19,50.2,Winter
2017-06-13,270.0,14.0,707.0,3.7,12.1,15.0,9.0,8.5,12.4,11.9,7.55,50.2,Winter
2017-06-14,246.0,19.2,707.0,0.5,12.7,14.4,10.4,8.8,10.1,12.2,8.67,50.4,Winter
2017-06-15,192.0,12.4,334.0,0.0,11.4,14.2,8.8,4.8,9.3,11.4,6.64,50.4,Winter
2017-06-16,224.0,8.6,225.0,0.1,12.0,15.3,8.6,8.3,11.1,12.2,8.73,50.3,Winter
2017-06-17,266.0,15.4,296.0,0.8,9.9,16.3,5.6,3.9,10.4,11.9,11.26,50.2,Winter
2017-06-18,260.0,11.6,255.0,6.9,10.4,14.8,4.5,3.5,11.7,11.7,4.04,50.4,Winter
2017-06-19,279.0,8.0,312.0,1.0,13.3,14.6,11.6,11.9,13.0,13.1,3.18,51.7,Winter
2017-06-20,237.0,21.1,809.0,0.0,14.3,15.7,12.9,11.0,12.4,13.5,4.0,50.1,Winter
2017-06-21,53.0,13.9,758.0,0.6,14.0,14.6,12.8,11.4,12.2,13.3,2.46,49.1,Winter
2017-06-22,319.0,19.4,250.0,26.3,14.5,16.4,13.3,13.8,15.6,14.4,1.73,51.3,Winter
2017-06-23,53.0,14.8,306.0,11.0,14.6,17.2,13.6,13.2,15.5,15.3,5.09,51.5,Winter
2017-06-24,282.0,10.1,233.0,7.7,12.2,13.9,9.9,8.9,12.0,14.4,4.92,51.6,Winter
2017-06-25,266.0,18.0,457.0,0.0,10.8,16.0,6.7,4.7,10.9,12.4,8.2,51.9,Winter
2017-06-26,96.0,8.1,202.0,0.2,8.3,13.2,3.4,1.6,8.9,11.2,8.04,51.7,Winter
2017-06-27,204.0,6.4,114.0,0.1,7.1,13.9,2.3,0.4,8.0,10.1,10.36,50.7,Winter
2017-06-28,268.0,12.4,361.0,16.0,7.7,14.6,1.1,-0.3,9.4,9.8,10.52,49.9,Winter
2017-06-29,20.0,9.5,167.0,1.1,9.7,15.6,4.0,2.6,10.4,11.5,9.69,51.6,Winter
2017-06-30,242.0,11.4,291.0,0.2,9.2,15.6,1.9,0.9,9.4,10.4,11.09,51.7,Winter
2017-07-01,45.0,18.9,467.0,22.6,13.5,15.5,10.5,11.4,13.4,12.5,1.69,51.5,Winter
2017-07-02,268.0,23.9,531.0,12.7,10.0,13.9,6.6,6.0,11.6,12.4,5.2,51.4,Winter
2017-07-03,68.0,12.2,346.0,9.6,9.7,12.8,6.8,5.2,11.2,11.7,4.03,51.3,Winter
2017-07-04,31.0,9.4,199.0,0.1,9.3,14.9,5.7,3.9,10.1,10.9,7.76,51.7,Winter
2017-07-05,240.0,15.1,370.0,5.4,9.9,15.0,6.0,4.4,10.8,11.2,8.44,51.9,Winter
2017-07-06,239.0,33.0,816.0,21.2,11.8,15.4,9.6,9.8,12.7,12.4,4.59,51.4,Winter
2017-07-07,291.0,13.8,312.0,2.7,11.0,14.8,8.3,6.3,11.7,12.5,9.04,51.5,Winter
2017-07-08,75.0,17.1,481.0,4.2,9.8,15.5,4.7,4.3,11.1,11.6,7.31,51.9,Winter
2017-07-09,229.0,13.6,492.0,14.8,9.8,15.0,5.3,5.7,11.0,11.9,7.59,51.4,Winter
2017-07-10,235.0,10.7,285.0,1.2,10.8,14.5,5.5,4.5,10.3,11.4,9.92,51.7,Winter
2017-07-11,233.0,18.4,432.0,2.9,8.8,14.2,4.7,3.6,9.8,10.8,10.09,51.9,Winter
2017-07-12,169.0,7.5,229.0,4.1,7.1,11.6,2.7,1.9,8.5,10.1,9.05,51.9,Winter
2017-07-13,240.0,14.7,391.0,7.5,6.2,10.4,1.6,0.2,7.5,8.7,9.07,52.0,Winter
2017-07-14,188.0,5.5,138.0,1.8,8.3,11.5,4.2,2.9,8.2,8.8,4.03,51.9,Winter
2017-07-15,218.0,11.3,263.0,0.0,9.2,13.8,4.0,1.5,8.5,9.1,11.29,52.1,Winter
2017-07-16,204.0,6.4,114.0,0.1,7.7,15.3,2.6,0.9,8.5,9.1,10.21,52.3,Winter
2017-07-17,21.0,5.0,119.0,0.1,8.9,15.4,1.6,0.3,9.0,9.4,8.11,51.8,Winter
2017-07-18,219.0,8.0,201.0,0.0,10.8,16.3,6.4,6.1,11.2,10.9,5.69,50.8,Winter
2017-07-19,269.0,19.2,385.0,2.3,10.8,16.7,5.6,4.9,11.6,11.7,9.17,50.7,Winter
2017-07-20,7.0,16.2,344.0,14.7,11.9,16.5,5.1,4.6,12.9,11.6,2.14,51.2,Winter
2017-07-21,229.0,18.6,577.0,18.4,11.0,13.8,8.6,8.8,11.0,11.8,5.09,51.4,Winter
2017-07-22,14.0,5.5,176.0,12.4,11.5,13.8,9.4,8.1,11.6,11.7,5.07,51.5,Winter
2017-07-23,291.0,13.8,312.0,1.7,11.0,14.1,8.9,7.3,11.5,11.6,6.41,52.0,Winter
2017-07-24,231.0,13.4,321.0,1.9,9.6,13.7,5.7,5.5,10.1,11.3,8.47,52.1,Winter
2017-07-25,230.0,11.6,347.0,4.6,10.1,15.1,6.3,5.0,10.4,11.4,10.76,52.1,Winter
2017-07-26,227.0,15.1,283.0,1.8,9.7,14.6,4.5,4.3,9.6,10.8,12.42,52.3,Winter
2017-07-27,237.0,12.0,242.0,6.0,9.0,13.8,3.4,3.7,10.3,10.3,5.35,52.2,Winter
2017-07-28,242.0,19.5,468.0,1.8,9.8,14.3,5.9,4.2,10.2,11.2,9.41,52.2,Winter
2017-07-29,240.0,7.9,216.0,0.1,5.6,11.1,-0.2,0.1,6.3,9.3,14.25,52.4,Winter
2017-07-30,240.0,7.9,216.0,0.1,4.0,11.9,-1.8,-1.5,6.5,8.0,12.61,51.9,Winter
2017-07-31,240.0,7.9,216.0,0.1,5.0,12.5,-1.7,-1.8,7.2,7.8,13.97,50.9,Winter
2017-08-01,285.0,11.9,231.0,0.0,8.7,15.1,4.3,4.0,9.3,9.5,8.55,50.1,Winter
2017-08-02,229.0,13.6,492.0,15.9,11.0,14.8,6.8,8.1,11.8,10.9,5.48,50.5,Winter
2017-08-03,122.0,13.3,446.0,5.5,11.4,12.0,10.3,10.1,11.0,11.6,2.19,51.5,Winter
2017-08-04,187.0,8.1,168.0,0.0,8.8,13.3,2.9,2.9,8.6,10.8,13.19,52.2,Winter
2017-08-05,155.0,10.6,256.0,0.1,8.2,14.2,1.8,1.9,9.1,10.0,11.14,51.7,Winter
2017-08-06,19.0,11.0,262.0,0.6,12.7,15.2,7.7,7.7,10.9,11.4,7.65,50.6,Winter
2017-08-07,254.0,21.0,717.0,1.8,13.9,16.2,12.5,10.9,13.9,13.1,6.25,50.1,Winter
2017-08-08,284.0,14.0,427.0,4.8,13.6,16.2,10.4,10.7,13.7,13.5,5.15,50.3,Winter
2017-08-09,276.0,12.4,285.0,18.2,14.0,15.6,11.6,11.8,14.5,13.9,2.64,51.7,Winter
2017-08-10,286.0,24.4,763.0,4.0,10.7,15.9,7.4,8.2,10.9,13.1,11.27,51.9,Winter
2017-08-11,286.0,24.4,763.0,4.1,11.2,14.5,8.0,8.4,10.8,12.2,10.9,51.8,Winter
2017-08-12,282.0,16.2,674.0,0.0,14.1,17.2,11.2,10.2,13.2,13.0,7.99,52.0,Winter
2017-08-13,183.0,13.9,775.0,3.1,13.4,17.4,10.2,10.3,12.7,13.7,8.24,50.7,Winter
2017-08-14,250.0,13.5,390.0,1.7,11.4,15.4,7.5,8.8,10.8,13.2,12.88,52.0,Winter
2017-08-15,260.0,11.8,314.0,0.5,9.3,14.8,5.6,6.1,9.2,11.8,14.92,52.0,Winter
2017-08-16,224.0,8.5,235.0,0.0,9.7,15.6,3.3,5.0,9.8,11.4,13.89,51.2,Winter
2017-08-17,88.0,13.7,479.0,1.2,12.7,17.1,8.0,8.1,11.6,12.2,6.37,50.3,Winter
2017-08-18,248.0,9.8,266.0,0.5,12.7,16.7,9.3,9.8,13.1,13.6,8.57,50.2,Winter
2017-08-19,286.0,24.4,763.0,3.2,11.2,16.5,7.8,9.1,10.8,13.2,10.45,50.5,Winter
2017-08-20,261.0,22.5,880.0,5.6,11.3,15.4,6.6,8.1,10.3,12.9,16.72,51.6,Winter
2017-08-21,229.0,9.5,180.0,0.2,10.9,16.7,5.8,7.7,9.7,12.6,15.15,52.1,Winter
2017-08-22,258.0,12.1,344.0,0.2,9.2,15.9,5.4,7.0,9.4,12.3,11.89,51.1,Winter
2017-08-23,86.0,6.2,137.0,0.1,8.0,15.0,1.6,4.5,8.8,11.6,14.78,50.3,Winter
2017-08-24,228.0,6.5,178.0,0.7,8.9,14.0,2.5,5.7,9.5,11.4,9.4,49.8,Winter
2017-08-25,89.0,7.1,179.0,0.0,9.5,16.4,3.3,6.1,9.2,11.7,16.72,49.5,Winter
2017-08-26,54.0,4.8,130.0,1.2,10.7,16.9,4.4,6.6,10.8,11.9,10.22,49.3,Winter
2017-08-27,85.0,14.6,555.0,9.3,13.3,14.6,11.8,11.0,12.6,12.7,4.04,49.3,Winter
2017-08-28,158.0,13.6,355.0,16.8,13.8,17.5,10.9,12.3,13.6,14.0,6.4,51.9,Winter
2017-08-29,292.0,13.0,318.0,0.0,12.6,18.0,7.6,10.3,11.7,14.1,17.59,52.3,Winter
2017-08-30,260.0,16.6,409.0,32.8,11.5,16.0,5.6,9.7,12.3,13.9,9.34,52.1,Winter
2017-08-31,241.0,12.4,369.0,1.5,12.4,16.5,9.4,11.6,12.3,14.3,12.57,52.2,Winter
2017-09-01,26.0,11.3,341.0,4.3,12.1,16.6,6.9,10.1,11.5,14.1,14.27,52.3,Spring
2017-09-02,74.0,12.2,319.0,11.6,11.7,14.8,10.4,12.8,12.2,14.2,6.34,52.2,Spring
2017-09-03,85.0,6.6,157.0,0.0,11.1,15.5,8.9,9.9,9.8,13.5,10.8,52.5,Spring
2017-09-04,229.0,9.5,180.0,0.0,10.4,15.7,5.0,7.6,9.6,12.8,16.0,52.3,Spring
2017-09-05,72.0,5.8,125.0,0.2,11.2,16.9,4.0,7.6,10.5,12.9,12.89,51.5,Spring
2017-09-06,158.0,13.6,355.0,16.7,13.1,14.6,12.3,12.0,12.2,13.5,3.75,51.5,Spring
2017-09-07,273.0,17.1,489.0,7.6,12.4,15.3,9.6,10.7,10.8,13.3,13.39,52.1,Spring
2017-09-08,276.0,13.9,584.0,1.9,11.9,16.4,8.1,9.2,10.4,12.9,14.58,52.1,Spring
2017-09-09,262.0,26.9,777.0,6.8,10.3,13.8,6.5,9.9,9.7,12.8,13.43,52.3,Spring
2017-09-10,261.0,26.0,687.0,17.2,7.8,11.4,5.3,8.4,8.3,11.6,8.61,52.2,Spring
2017-09-11,260.0,17.8,437.0,17.7,8.4,12.5,5.4,7.1,8.4,11.2,12.26,52.3,Spring
2017-09-12,233.0,13.8,352.0,2.0,10.2,14.0,6.4,7.4,7.9,11.2,16.67,52.4,Spring
2017-09-13,270.0,13.9,707.0,0.2,12.2,15.6,8.5,8.4,10.2,12.1,15.81,52.8,Spring
2017-09-14,274.0,15.6,492.0,0.1,15.4,18.0,12.8,13.4,13.6,14.3,15.18,52.1,Spring
2017-09-15,232.0,19.4,614.0,3.3,14.3,19.1,7.1,10.4,12.0,14.8,19.46,50.9,Spring
2017-09-16,292.0,13.0,318.0,1.4,12.8,16.2,7.6,10.7,10.1,14.6,17.93,50.9,Spring
2017-09-17,250.0,14.4,175.0,6.3,11.5,18.3,5.5,9.3,9.9,13.7,13.92,50.6,Spring
2017-09-18,246.0,31.8,716.0,9.7,9.4,13.4,6.7,10.0,9.1,13.2,15.58,51.4,Spring
2017-09-19,262.0,17.6,494.0,5.5,10.6,15.6,5.2,9.8,8.8,13.4,22.32,51.9,Spring
2017-09-20,74.0,7.3,165.0,0.1,10.5,17.9,3.4,8.0,8.9,13.3,20.65,52.1,Spring
2017-09-21,268.0,13.9,571.0,6.7,11.6,16.4,6.7,11.0,10.1,14.2,17.58,52.1,Spring
2017-09-22,276.0,13.9,584.0,2.4,10.8,15.0,6.6,10.7,9.7,13.7,14.98,52.2,Spring
2017-09-23,90.0,10.6,301.0,0.0,12.7,17.0,9.3,10.8,10.0,13.9,18.93,51.7,Spring
2017-09-24,215.0,12.2,295.0,0.0,12.5,15.0,9.3,11.1,10.8,14.0,7.57,50.6,Spring
2017-09-25,229.0,11.8,296.0,0.0,14.1,18.1,10.0,12.1,12.3,14.8,17.66,50.0,Spring
2017-09-26,260.0,20.0,664.0,25.6,15.7,20.3,12.9,14.3,13.1,15.3,8.88,49.9,Spring
2017-09-27,264.0,13.8,536.0,4.3,13.6,17.2,11.2,14.1,12.6,15.7,12.65,51.9,Spring
2017-09-28,223.0,12.4,332.0,0.0,12.4,17.5,8.4,11.9,10.8,15.3,22.74,51.8,Spring
2017-09-29,85.0,6.6,157.0,0.3,11.3,16.9,6.8,11.6,10.7,14.6,10.12,50.9,Spring
2017-09-30,234.0,13.4,393.0,0.6,13.1,17.4,10.2,13.3,11.7,15.5,19.05,50.1,Spring
2017-10-01,312.0,12.7,406.0,21.1,10.6,14.2,7.5,11.1,10.1,14.3,12.03,50.6,Spring
2017-10-02,268.0,13.9,571.0,7.4,12.8,15.8,9.2,11.2,11.1,13.9,17.81,51.7,Spring
2017-10-03,272.0,21.6,900.0,0.1,13.2,16.5,11.3,12.3,11.8,14.6,15.49,51.7,Spring
2017-10-04,234.0,13.4,393.0,0.0,13.1,16.8,11.3,13.2,10.7,15.0,18.25,50.7,Spring
2017-10-05,232.0,11.4,316.0,0.0,13.8,17.8,11.1,12.8,12.2,15.1,12.36,49.8,Spring
2017-10-06,232.0,11.2,298.0,0.3,14.0,17.3,9.6,10.6,13.0,15.6,9.87,49.4,Spring
2017-10-07,268.0,18.4,715.0,5.3,14.4,16.7,12.2,11.9,12.9,15.6,9.17,49.2,Spring
2017-10-08,242.0,15.8,510.0,11.6,15.4,19.9,12.8,14.0,14.2,16.4,14.66,51.4,Spring
2017-10-09,232.0,11.4,316.0,0.7,14.0,17.5,10.3,12.9,13.2,16.8,14.32,52.0,Spring
2017-10-10,232.0,11.4,316.0,0.2,13.9,18.2,11.3,12.9,13.2,16.4,13.33,52.0,Spring
2017-10-11,234.0,13.8,542.0,3.0,13.7,16.2,11.7,12.1,11.2,15.9,22.34,52.0,Spring
2017-10-12,248.0,15.6,540.0,0.2,12.6,16.7,9.3,9.5,9.8,15.4,23.94,51.1,Spring
2017-10-13,217.0,9.5,206.0,0.0,13.3,17.4,8.1,9.9,11.0,15.5,17.04,50.0,Spring
2017-10-14,71.0,8.2,190.0,1.9,14.7,19.1,12.4,14.4,13.9,16.5,9.92,49.6,Spring
2017-10-15,234.0,13.9,475.0,0.5,12.7,16.6,9.0,10.3,9.6,16.2,24.04,49.4,Spring
2017-10-16,270.0,16.0,406.0,0.1,12.7,16.9,7.2,8.9,10.2,15.6,20.72,49.2,Spring
2017-10-17,234.0,13.9,475.0,0.4,13.0,16.2,10.8,11.6,10.2,15.9,20.69,48.7,Spring
2017-10-18,236.0,9.9,292.0,0.0,13.1,16.1,10.6,11.8,10.4,15.7,16.33,48.2,Spring
2017-10-19,64.0,13.8,404.0,0.1,12.7,17.7,8.8,9.9,8.3,16.5,29.91,48.0,Spring
2017-10-20,215.0,12.2,295.0,0.0,12.9,15.3,9.2,12.0,11.4,16.0,6.91,47.6,Spring
2017-10-21,237.0,21.1,809.0,0.2,12.9,15.5,11.2,12.9,11.1,15.5,10.48,49.2,Spring
2017-10-22,98.0,13.4,453.0,0.0,14.2,17.3,12.6,12.9,12.6,15.4,7.52,49.4,Spring
2017-10-23,74.0,7.4,218.0,3.3,14.9,19.8,11.9,14.0,13.8,16.1,10.59,49.0,Spring
2017-10-24,234.0,13.9,475.0,1.1,13.3,18.0,9.4,10.8,11.1,16.4,24.4,48.8,Spring
2017-10-25,267.0,12.0,405.0,0.0,13.5,16.9,9.6,12.1,9.8,16.1,15.49,48.5,Spring
2017-10-26,222.0,12.4,396.0,0.1,15.5,19.2,12.6,12.6,12.6,16.7,21.37,46.7,Spring
2017-10-27,268.0,14.0,743.0,2.9,15.5,17.6,13.8,14.5,14.3,17.1,7.3,44.5,Spring
2017-10-28,260.0,13.4,483.0,0.0,16.0,19.0,14.5,16.2,14.9,17.8,11.63,44.4,Spring
2017-10-29,271.0,14.0,530.0,0.0,16.5,19.8,15.1,16.2,14.0,18.6,18.87,43.9,Spring
2017-10-30,239.0,9.9,282.0,0.0,15.8,19.0,13.5,14.1,13.5,18.5,16.15,44.0,Spring
2017-10-31,271.0,14.0,530.0,0.2,15.7,19.1,13.5,14.1,13.3,18.3,16.98,44.0,Spring
2017-11-01,238.0,10.0,382.0,0.0,15.8,19.0,13.8,14.1,12.0,18.6,23.93,40.4,Spring
2017-11-02,78.0,12.1,446.0,0.1,15.9,18.1,14.3,15.3,12.8,18.3,14.79,38.6,Spring
2017-11-03,72.0,13.8,616.0,0.9,16.7,19.1,15.0,15.8,15.1,18.1,8.43,37.7,Spring
2017-11-04,279.0,8.8,235.0,6.1,17.5,22.1,14.4,15.6,16.1,18.8,11.34,38.0,Spring
2017-11-05,275.0,13.9,423.0,0.0,16.7,21.8,13.0,16.0,13.6,19.6,21.81,38.3,Spring
2017-11-06,169.0,10.0,285.0,0.0,13.8,17.4,7.2,10.5,9.2,18.7,25.94,37.0,Spring
2017-11-07,259.0,12.2,317.0,0.0,12.5,17.9,4.1,7.6,9.3,17.6,22.04,35.5,Spring
2017-11-08,78.0,8.9,219.0,9.2,15.2,18.0,10.3,11.7,11.1,18.1,16.82,38.3,Spring
2017-11-09,248.0,13.3,375.0,0.0,12.5,18.7,6.5,9.2,7.9,17.4,22.0,38.4,Spring
2017-11-10,267.0,12.0,405.0,0.0,12.8,17.0,8.2,11.3,9.6,16.9,9.75,36.6,Spring
2017-11-11,214.0,12.5,362.0,0.0,14.2,17.3,11.5,11.2,8.0,16.8,12.89,35.2,Spring
2017-11-12,36.0,11.2,257.0,0.0,12.5,18.0,6.2,8.3,7.6,16.9,29.12,33.4,Spring
2017-11-13,247.0,13.6,358.0,0.0,12.9,18.9,6.5,8.6,9.9,17.1,14.89,31.5,Spring
2017-11-14,312.0,12.7,406.0,16.3,12.3,17.3,8.4,9.9,11.2,17.1,15.84,37.6,Spring
2017-11-15,136.0,7.1,177.0,0.0,12.5,17.9,6.1,8.8,9.8,17.3,21.94,42.0,Spring
2017-11-16,250.0,13.8,350.0,2.2,13.4,18.1,8.5,10.8,10.8,17.6,19.29,41.4,Spring
2017-11-17,68.0,9.1,234.0,0.0,15.6,20.6,11.0,13.0,11.2,18.9,27.64,40.4,Spring
2017-11-18,45.0,10.4,240.0,12.3,14.3,16.2,11.5,13.8,11.3,17.6,8.48,41.1,Spring
2017-11-19,234.0,13.4,393.0,3.9,14.5,19.0,11.1,12.8,10.4,17.1,20.11,48.2,Spring
2017-11-20,72.0,6.6,219.0,0.0,16.3,21.6,11.1,12.7,9.8,18.7,26.44,46.0,Spring
2017-11-21,44.0,7.6,179.0,0.0,15.8,22.3,9.5,12.6,12.1,19.5,22.44,44.8,Spring
2017-11-22,72.0,6.6,219.0,0.0,14.9,20.4,9.1,11.9,11.6,19.5,25.24,44.9,Spring
2017-11-23,72.0,6.6,219.0,0.0,16.3,23.2,8.8,11.2,11.5,20.3,25.61,44.4,Spring
2017-11-24,53.0,8.7,210.0,0.0,17.2,23.7,10.8,13.8,12.2,21.0,21.11,40.0,Spring
2017-11-25,203.0,12.2,310.0,0.0,16.7,20.8,12.1,14.4,12.3,20.9,17.68,37.8,Spring
2017-11-26,72.0,9.9,275.0,0.0,16.6,20.8,12.8,15.2,12.0,20.7,20.42,35.7,Spring
2017-11-27,219.0,11.4,299.0,0.0,17.5,21.3,13.6,15.7,12.0,21.2,25.4,33.4,Spring
2017-11-28,44.0,7.6,179.0,0.0,16.1,21.3,10.9,12.9,12.5,21.1,22.54,31.1,Spring
2017-11-29,86.0,9.3,256.0,0.0,16.5,22.2,10.8,12.4,12.6,21.6,28.33,29.3,Spring
2017-11-30,58.0,8.8,223.0,0.0,17.2,23.4,11.4,13.5,12.5,22.6,29.21,27.3,Spring
2017-12-01,108.0,7.9,193.0,0.0,16.7,21.9,11.1,12.5,12.4,22.6,29.89,25.4,Summer
2017-12-02,65.0,8.3,195.0,0.0,16.4,21.9,10.3,11.5,11.7,22.6,28.34,23.7,Summer
2017-12-03,58.0,8.8,223.0,0.0,17.6,23.7,11.2,12.8,12.6,23.6,31.36,22.2,Summer
2017-12-04,64.0,6.9,168.0,0.0,18.6,26.0,10.6,11.5,11.8,24.4,32.35,20.8,Summer
2017-12-05,87.0,8.4,217.0,0.0,18.0,23.1,12.8,13.5,12.6,24.5,26.54,19.6,Summer
2017-12-06,78.0,8.2,194.0,0.0,18.1,23.9,11.6,11.9,12.2,24.9,31.0,18.8,Summer
2017-12-07,78.0,8.2,194.0,0.0,17.9,23.2,11.6,12.7,12.8,24.8,31.01,17.9,Summer
2017-12-08,53.0,8.7,210.0,0.0,18.6,22.8,13.8,13.9,13.2,24.4,21.59,17.3,Summer
2017-12-09,252.0,11.9,330.0,0.5,18.3,23.7,11.9,12.5,13.3,24.2,30.82,16.7,Summer
2017-12-10,223.0,9.5,229.0,0.0,18.0,23.5,13.0,13.6,14.5,23.3,16.29,16.3,Summer
2017-12-11,87.0,7.8,230.0,0.4,19.0,24.7,15.4,14.4,14.6,23.4,18.98,16.1,Summer
2017-12-12,87.0,8.4,217.0,1.1,19.1,24.4,14.6,14.4,13.4,23.1,27.35,15.9,Summer
2017-12-13,262.0,13.0,336.0,0.0,19.0,24.2,14.3,12.3,12.3,22.8,25.52,15.7,Summer
2017-12-14,140.0,9.5,294.0,3.9,19.1,24.9,14.9,14.1,12.1,22.5,28.0,16.0,Summer
2017-12-15,53.0,8.7,210.0,0.0,18.6,22.8,13.6,13.1,11.7,23.0,20.52,15.9,Summer
2017-12-16,269.0,13.0,328.0,0.0,18.3,24.4,11.4,11.1,12.4,22.5,25.65,15.6,Summer
2017-12-17,225.0,7.6,243.0,0.1,20.4,25.7,16.0,14.8,14.3,24.1,26.09,15.4,Summer
2017-12-18,223.0,9.5,229.0,0.2,18.6,24.4,13.5,13.2,15.9,23.2,15.66,15.2,Summer
2017-12-19,70.0,7.3,224.0,0.0,18.4,22.4,14.0,13.0,12.7,22.5,26.88,15.0,Summer
2017-12-20,232.0,13.0,354.0,2.2,18.5,22.3,15.7,13.7,12.7,21.1,25.5,14.9,Summer
2017-12-21,179.0,9.4,288.0,0.0,18.4,23.4,13.8,10.9,11.7,21.4,31.0,14.8,Summer
2017-12-22,221.0,10.3,228.0,0.0,21.0,26.4,16.1,15.6,18.0,22.9,17.89,14.6,Summer
2017-12-23,77.0,16.1,546.0,0.2,19.1,21.9,16.8,15.7,14.7,23.0,16.98,14.5,Summer
2017-12-24,235.0,10.4,289.0,0.0,19.1,23.0,14.8,14.6,13.6,23.0,25.44,14.4,Summer
2017-12-25,28.0,7.0,215.0,0.1,17.9,23.5,11.7,11.4,13.7,22.6,19.11,14.2,Summer
2017-12-26,243.0,15.1,427.0,4.0,18.7,22.3,15.3,13.5,14.9,21.9,18.14,14.4,Summer
2017-12-27,238.0,11.6,290.0,0.5,17.5,22.2,11.9,10.4,10.1,20.6,22.91,13.3,Summer
2017-12-28,218.0,10.7,328.0,0.0,16.2,20.6,12.5,10.0,7.7,20.3,30.21,14.0,Summer
2017-12-29,68.0,9.8,238.0,0.0,17.7,23.8,13.1,10.8,11.1,21.1,28.62,14.0,Summer
2017-12-30,262.0,13.0,336.0,0.0,18.2,24.9,13.3,11.2,12.7,22.1,24.15,13.8,Summer
2017-12-31,258.0,8.0,186.0,0.0,17.0,23.7,9.3,8.0,11.8,21.7,20.1,13.6,Summer
2018-01-01,192.0,7.4,206.0,5.2,19.0,23.9,14.8,15.5,16.1,21.8,12.14,13.7,Summer
2018-01-02,74.0,7.6,192.0,1.5,19.7,24.9,15.9,16.3,16.6,22.3,25.62,14.3,Summer
2018-01-03,229.0,11.2,253.0,0.4,20.9,26.3,17.5,16.8,17.9,23.0,23.05,14.2,Summer
2018-01-04,76.0,12.7,494.0,21.3,19.9,21.0,18.2,19.5,20.1,21.8,3.69,18.2,Summer
2018-01-05,48.0,10.9,354.0,22.8,18.4,19.7,16.9,16.7,17.8,20.2,4.98,29.4,Summer
2018-01-06,38.0,11.7,405.0,0.6,18.5,21.4,16.3,16.4,16.3,19.9,17.38,31.7,Summer
2018-01-07,87.0,8.4,217.0,0.0,18.4,22.1,14.7,14.7,14.5,20.7,27.14,30.6,Summer
2018-01-08,246.0,10.8,324.0,0.0,19.0,24.6,14.1,13.6,13.7,21.2,31.62,29.2,Summer
2018-01-09,77.0,11.4,320.0,0.1,19.0,25.7,11.4,11.5,15.1,22.5,31.02,27.3,Summer
2018-01-10,249.0,8.4,221.0,0.0,19.9,25.2,15.5,14.2,16.3,23.3,29.99,25.2,Summer
2018-01-11,46.0,12.8,439.0,0.0,20.8,25.4,15.7,14.6,16.6,23.9,27.82,23.4,Summer
2018-01-12,234.0,8.2,195.0,0.0,21.0,27.6,14.8,15.0,16.8,24.9,30.52,21.8,Summer
2018-01-13,89.0,14.3,461.0,0.0,20.8,25.2,16.6,16.8,18.1,24.8,23.05,20.4,Summer
2018-01-14,66.0,7.3,206.0,0.0,20.6,24.0,17.0,17.2,18.4,24.0,19.59,19.2,Summer
2018-01-15,66.0,7.3,206.0,0.1,20.9,23.9,18.8,18.1,18.1,23.5,19.48,18.7,Summer
2018-01-16,68.0,12.4,505.0,1.1,20.2,23.4,18.6,18.3,16.9,22.7,20.83,17.9,Summer
2018-01-17,85.0,17.8,639.0,1.0,20.1,22.0,19.1,18.8,17.4,21.8,9.88,17.5,Summer
2018-01-18,344.0,13.4,313.0,39.6,19.3,20.3,18.7,19.4,20.1,21.0,3.98,25.3,Summer
2018-01-19,262.0,10.0,381.0,3.1,21.1,25.6,18.8,19.9,20.1,22.2,24.31,34.6,Summer
2018-01-20,282.0,12.5,381.0,0.0,21.4,25.3,18.7,18.0,19.3,23.1,26.09,32.7,Summer
2018-01-21,180.0,7.8,200.0,0.3,20.5,23.6,17.5,17.9,20.1,22.8,10.59,31.6,Summer
2018-01-22,25.0,14.9,511.0,3.7,20.7,24.0,18.7,20.1,21.0,22.6,8.91,31.8,Summer
2018-01-23,6.0,13.9,474.0,17.9,21.2,25.2,19.0,20.3,22.0,23.4,15.73,36.3,Summer
2018-01-24,242.0,9.5,236.0,0.0,21.2,27.3,15.5,17.3,19.1,23.9,24.53,36.8,Summer
2018-01-25,242.0,9.5,236.0,0.1,20.9,27.0,14.9,16.5,18.4,23.8,24.16,35.3,Summer
2018-01-26,66.0,7.3,206.0,0.0,22.0,27.1,17.9,19.0,18.8,23.9,20.67,33.6,Summer
2018-01-27,46.0,12.8,439.0,0.0,21.1,26.4,16.0,17.5,19.5,24.0,27.14,31.5,Summer
2018-01-28,262.0,10.0,381.0,0.0,22.0,25.6,19.7,19.6,19.1,24.2,24.42,29.1,Summer
2018-01-29,60.0,9.4,309.0,0.0,22.2,26.0,19.8,20.1,19.1,24.4,30.65,26.7,Summer
2018-01-30,60.0,9.4,309.0,0.0,21.7,24.9,19.0,18.7,18.1,24.7,30.17,24.3,Summer
2018-01-31,66.0,7.3,206.0,0.0,21.2,25.0,19.2,19.0,17.6,23.7,17.41,22.4,Summer
2018-02-01,356.0,10.8,287.0,25.8,20.9,22.0,19.1,20.6,21.2,22.6,3.31,27.8,Summer
2018-02-02,235.0,10.4,289.0,0.1,18.8,22.7,13.3,15.5,15.0,22.3,24.73,38.3,Summer
2018-02-03,270.0,16.4,497.0,20.7,16.6,21.7,12.2,14.6,16.1,21.3,19.53,39.1,Summer
2018-02-04,46.0,11.4,392.0,37.5,17.4,20.5,15.3,17.8,17.3,20.7,9.79,49.9,Summer
2018-02-05,40.0,11.0,345.0,23.4,18.4,23.8,13.9,16.5,17.8,21.3,19.52,47.8,Summer
2018-02-06,223.0,12.4,343.0,0.0,17.5,23.2,11.1,14.7,14.3,21.0,25.4,44.6,Summer
2018-02-07,87.0,8.4,217.0,1.4,18.8,23.4,13.6,15.6,15.3,21.1,27.2,40.2,Summer
2018-02-08,76.0,7.4,264.0,0.9,18.8,21.3,17.2,17.2,13.6,20.5,10.1,39.2,Summer
2018-02-09,48.0,10.9,354.0,26.8,17.8,20.2,15.8,18.0,18.6,19.9,4.1,49.0,Summer
2018-02-10,76.0,12.7,494.0,20.7,20.1,20.6,19.0,20.6,22.8,21.0,2.48,51.8,Summer
2018-02-11,344.0,13.4,313.0,36.2,20.6,21.9,20.0,21.6,24.1,21.6,3.87,51.0,Summer
2018-02-12,54.0,8.5,263.0,0.0,21.7,25.1,18.2,19.8,24.2,22.4,15.28,46.5,Summer
2018-02-13,354.0,10.4,368.0,18.4,21.1,22.6,19.6,21.4,24.3,22.7,5.28,50.6,Summer
2018-02-14,303.0,12.2,309.0,7.6,21.2,25.5,18.4,20.6,22.5,22.9,16.99,47.6,Summer
2018-02-15,261.0,12.2,412.0,0.6,21.1,26.6,16.7,17.7,19.5,23.8,24.46,46.4,Summer
2018-02-16,234.0,8.2,195.0,0.0,20.3,27.4,13.6,15.0,17.9,23.9,29.16,45.1,Summer
2018-02-17,229.0,11.2,253.0,0.0,20.8,26.1,15.9,17.4,19.2,23.7,19.39,43.6,Summer
2018-02-18,260.0,7.7,187.0,0.0,21.7,26.5,17.6,18.7,21.5,24.1,16.63,43.1,Summer
2018-02-19,54.0,8.5,263.0,0.0,22.6,26.7,19.6,20.8,22.2,24.5,16.48,43.1,Summer
2018-02-20,303.0,12.2,309.0,4.9,22.5,25.3,20.3,19.8,21.1,23.6,15.07,43.9,Summer
2018-02-21,57.0,10.6,419.0,1.5,19.2,22.2,14.8,15.0,16.6,22.2,23.28,43.2,Summer
2018-02-22,248.0,12.8,327.0,1.7,17.1,22.3,13.4,14.0,14.5,20.7,23.52,43.3,Summer
2018-02-23,223.0,12.4,343.0,0.0,16.9,23.1,11.4,12.0,13.4,20.5,25.4,43.7,Summer
2018-02-24,200.0,7.8,208.0,0.0,16.8,23.9,10.3,11.2,13.1,20.6,20.7,40.7,Summer
2018-02-25,55.0,6.6,131.0,0.0,17.3,23.6,10.8,11.7,14.2,21.2,18.39,39.3,Summer
2018-02-26,269.0,13.0,328.0,0.0,17.9,23.8,12.1,12.7,14.8,21.1,25.67,37.5,Summer
2018-02-27,222.0,9.5,240.0,0.0,19.8,24.4,17.0,17.9,17.3,22.5,18.3,35.4,Summer
2018-02-28,76.0,7.4,264.0,2.1,19.9,21.8,18.6,18.6,17.1,21.5,8.61,33.9,Summer
2018-03-01,180.0,7.8,200.0,2.6,19.8,23.0,17.8,17.8,19.1,21.4,11.47,34.3,Autumn
2018-03-02,180.0,7.8,200.0,1.4,20.4,23.8,18.2,18.7,19.2,21.8,12.11,33.6,Autumn
2018-03-03,222.0,9.5,240.0,1.1,20.5,23.8,17.8,18.0,17.3,21.7,16.64,32.8,Autumn
2018-03-04,180.0,7.8,200.0,0.4,20.3,23.6,17.7,17.0,18.4,21.8,12.8,31.9,Autumn
2018-03-05,74.0,7.6,192.0,0.1,20.0,26.0,14.5,14.7,17.5,22.6,27.14,31.0,Autumn
2018-03-06,264.0,13.7,313.0,0.0,19.7,25.5,14.3,15.0,18.4,22.7,15.8,29.9,Autumn
2018-03-07,49.0,9.1,293.0,12.3,20.0,24.2,15.1,17.1,18.3,22.7,18.81,29.7,Autumn
2018-03-08,164.0,9.6,254.0,16.6,16.9,21.2,12.0,14.1,17.3,20.7,11.63,42.6,Autumn
2018-03-09,226.0,7.0,188.0,0.0,18.9,24.7,13.4,14.8,16.4,21.0,18.54,43.7,Autumn
2018-03-10,235.0,10.4,289.0,0.0,18.5,22.4,15.4,14.8,14.3,21.3,24.06,42.2,Autumn
2018-03-11,46.0,12.0,487.0,0.4,18.1,20.9,14.6,16.0,13.7,20.5,14.65,41.3,Autumn
2018-03-12,16.0,18.6,449.0,35.5,16.6,18.6,14.6,16.0,15.3,18.9,2.26,46.3,Autumn
2018-03-13,261.0,13.7,384.0,0.5,18.6,21.7,16.3,15.3,14.7,18.8,22.82,46.6,Autumn
2018-03-14,44.0,7.6,179.0,2.3,17.4,21.7,12.2,14.0,13.6,19.2,21.24,44.8,Autumn
2018-03-15,14.0,9.8,229.0,0.0,15.3,21.8,9.4,11.4,12.9,18.6,13.67,43.8,Autumn
2018-03-16,48.0,8.0,188.0,0.0,16.9,23.3,11.5,11.6,14.6,19.4,18.94,43.5,Autumn
2018-03-17,21.0,8.6,265.0,0.6,16.8,21.1,12.2,11.8,15.5,19.0,6.84,43.3,Autumn
2018-03-18,238.0,9.9,236.0,1.4,18.5,21.8,16.5,16.0,14.0,19.3,12.69,43.1,Autumn
2018-03-19,83.0,14.1,673.0,0.8,19.2,22.9,16.8,15.6,15.8,20.0,17.88,43.1,Autumn
2018-03-20,83.0,14.1,673.0,0.3,19.1,22.9,17.0,15.2,16.5,20.3,14.13,43.8,Autumn
2018-03-21,299.0,19.7,530.0,2.6,18.0,22.3,13.6,12.2,15.9,20.2,19.85,43.5,Autumn
2018-03-22,200.0,7.8,208.0,0.2,16.7,23.1,10.4,9.8,14.6,19.9,22.09,43.0,Autumn
2018-03-23,192.0,8.9,304.0,6.2,18.0,21.7,15.4,14.6,16.3,19.8,11.64,40.5,Autumn
2018-03-24,51.0,15.5,483.0,36.2,17.6,22.2,15.0,14.9,17.4,19.6,10.61,49.8,Autumn
2018-03-25,64.0,8.0,219.0,0.2,17.4,22.7,13.5,12.8,16.6,20.3,16.09,47.9,Autumn
2018-03-26,72.0,6.3,208.0,0.1,17.3,23.5,11.8,11.3,16.3,20.2,22.9,45.5,Autumn
2018-03-27,178.0,6.9,180.0,0.1,17.3,23.2,11.8,11.3,16.1,20.1,20.23,44.6,Autumn
2018-03-28,295.0,10.5,354.0,0.1,17.2,22.9,11.8,11.6,16.2,19.8,13.72,44.2,Autumn
2018-03-29,112.0,10.7,381.0,0.0,17.4,23.4,14.8,14.1,17.4,19.8,7.84,43.9,Autumn
2018-03-30,269.0,13.8,479.0,3.2,17.6,22.6,13.7,12.3,18.2,20.0,13.33,43.5,Autumn
2018-03-31,282.0,12.2,305.0,0.5,16.1,21.7,9.5,8.2,16.1,18.9,15.56,43.2,Autumn
2018-04-01,200.0,7.8,208.0,0.1,17.6,21.8,10.2,8.3,13.7,19.5,20.3,43.5,Autumn
2018-04-02,236.0,12.9,319.0,0.0,14.5,22.2,8.7,7.1,11.7,18.3,18.48,43.8,Autumn
2018-04-03,222.0,7.8,220.0,0.0,15.4,22.4,8.4,7.1,13.5,18.7,17.2,40.9,Autumn
2018-04-04,69.0,8.2,194.0,0.9,17.7,23.2,12.7,12.0,16.9,19.2,16.85,39.5,Autumn
2018-04-05,240.0,10.4,227.0,0.5,16.8,22.6,12.0,10.2,13.9,19.0,18.19,38.2,Autumn
2018-04-06,138.0,5.1,125.0,0.0,16.2,22.5,10.8,10.2,14.5,18.7,10.0,37.0,Autumn
2018-04-07,260.0,8.0,221.0,0.9,16.1,21.6,10.7,8.2,14.5,18.5,13.53,36.0,Autumn
2018-04-08,70.0,6.6,149.0,0.3,14.4,20.5,9.1,7.3,12.2,17.8,18.14,34.8,Autumn
2018-04-09,202.0,8.5,203.0,0.1,15.2,22.4,7.3,6.1,14.0,17.5,14.5,33.8,Autumn
2018-04-10,321.0,16.6,483.0,14.8,16.5,20.4,11.5,10.5,15.0,17.6,8.18,36.6,Autumn
2018-04-11,249.0,18.0,697.0,11.4,9.5,13.1,7.6,5.1,8.7,13.8,12.12,40.1,Autumn
2018-04-12,286.0,14.0,573.0,6.7,12.5,17.2,7.9,4.4,9.7,13.4,12.58,40.6,Autumn
2018-04-13,278.0,28.0,980.0,15.4,15.7,18.8,13.6,11.3,11.6,14.8,14.24,41.6,Autumn
2018-04-14,49.0,15.4,553.0,35.7,18.5,20.0,16.9,17.9,19.9,17.7,2.81,48.3,Autumn
2018-04-15,40.0,16.6,453.0,18.7,17.8,22.3,14.6,15.1,17.7,18.7,11.93,51.2,Autumn
2018-04-16,20.0,16.4,544.0,4.2,18.1,22.2,14.7,14.5,18.0,18.3,8.21,49.0,Autumn
2018-04-17,357.0,9.2,266.0,1.0,18.0,23.2,13.8,13.6,17.9,18.2,12.4,47.8,Autumn
2018-04-18,237.0,13.6,383.0,7.5,14.9,18.2,8.6,6.7,12.6,17.0,14.27,48.9,Autumn
2018-04-19,296.0,16.5,434.0,0.1,12.1,18.5,6.2,4.5,10.8,14.8,12.98,47.8,Autumn
2018-04-20,236.0,8.2,200.0,0.1,13.1,18.7,9.0,7.6,12.5,15.4,10.23,47.0,Autumn
2018-04-21,270.0,8.4,254.0,6.1,15.0,20.3,10.1,8.8,14.5,15.9,15.33,46.3,Autumn
2018-04-22,273.0,17.9,555.0,1.8,14.7,18.6,11.1,9.8,12.9,16.2,12.58,47.2,Autumn
2018-04-23,98.0,13.4,453.0,0.0,14.1,17.7,11.8,12.9,12.3,16.2,6.86,46.9,Autumn
2018-04-24,262.0,14.2,384.0,0.0,13.7,18.1,10.1,8.1,12.0,16.2,10.61,46.3,Autumn
2018-04-25,85.0,6.4,170.0,0.0,12.7,19.7,7.4,5.9,11.3,15.4,13.43,45.9,Autumn
2018-04-26,238.0,7.1,186.0,0.5,11.7,19.0,5.6,4.6,11.3,15.0,9.66,45.8,Autumn
2018-04-27,285.0,8.3,242.0,0.1,14.7,19.4,8.9,6.8,13.8,15.6,6.97,45.7,Autumn
2018-04-28,105.0,17.1,510.0,57.9,17.2,18.2,16.2,17.0,18.3,17.0,2.09,49.0,Autumn
2018-04-29,277.0,12.7,409.0,7.4,17.6,20.8,14.4,13.9,18.1,18.0,9.87,51.0,Autumn
2018-04-30,81.0,16.6,515.0,55.3,15.8,18.0,13.4,12.7,17.4,17.3,5.77,49.9,Autumn
2018-05-01,277.0,12.7,409.0,5.9,15.8,19.2,11.9,11.7,16.0,17.2,11.0,50.8,Autumn
2018-05-02,285.0,15.8,404.0,0.0,15.5,19.7,10.7,9.4,13.8,16.8,13.24,49.4,Autumn
2018-05-03,238.0,7.8,179.0,0.0,11.8,16.8,6.1,5.0,10.0,15.3,15.76,48.2,Autumn
2018-05-04,296.0,16.5,434.0,0.4,10.6,18.3,4.4,3.8,11.1,14.2,11.57,47.7,Autumn
2018-05-05,303.0,10.6,271.0,0.0,13.5,18.1,8.9,10.1,13.3,15.4,7.03,47.5,Autumn
2018-05-06,317.0,9.9,292.0,1.4,12.8,18.6,9.0,7.2,13.4,15.0,7.82,47.4,Autumn
2018-05-07,233.0,9.8,279.0,0.7,13.3,17.8,8.5,6.6,11.2,14.5,14.21,47.2,Autumn
2018-05-08,268.0,10.7,312.0,0.0,12.3,18.2,7.8,6.4,11.0,13.8,13.59,46.7,Autumn
2018-05-09,85.0,6.4,170.0,0.8,13.6,20.0,8.4,6.0,12.6,14.3,14.22,46.4,Autumn
2018-05-10,185.0,10.2,255.0,0.8,12.6,19.0,7.5,7.4,13.0,14.6,7.43,46.2,Autumn
2018-05-11,288.0,13.6,336.0,2.2,16.6,19.2,11.5,10.3,16.0,15.8,4.84,46.0,Autumn
2018-05-12,23.0,13.4,367.0,15.1,17.0,18.0,16.2,15.9,17.8,16.9,1.85,46.9,Autumn
2018-05-13,46.0,11.4,392.0,35.0,17.9,22.4,15.2,16.5,18.7,18.1,8.79,49.9,Autumn
2018-05-14,220.0,6.6,184.0,0.7,17.3,21.8,14.2,13.8,17.0,18.3,12.62,50.5,Autumn
2018-05-15,82.0,10.8,273.0,0.2,16.0,20.4,11.8,11.8,16.7,17.5,10.01,49.7,Autumn
2018-05-16,10.0,7.5,181.0,5.3,15.5,20.2,12.2,11.2,15.7,16.6,8.1,49.1,Autumn
2018-05-17,285.0,27.1,603.0,4.8,12.3,16.2,8.6,7.2,12.7,15.4,4.16,50.1,Autumn
2018-05-18,225.0,10.4,206.0,0.3,11.3,18.1,6.9,5.5,11.3,14.1,12.17,50.3,Autumn
2018-05-19,178.0,5.5,127.0,0.9,12.7,18.8,5.1,5.0,12.9,13.6,9.1,49.6,Autumn
2018-05-20,316.0,9.3,241.0,0.9,13.5,18.5,7.7,6.6,13.5,14.4,10.76,49.2,Autumn
2018-05-21,279.0,19.0,581.0,4.2,14.6,19.1,11.1,10.1,14.6,14.7,10.24,49.0,Autumn
2018-05-22,303.0,13.0,339.0,3.9,14.4,18.9,10.4,9.9,13.9,14.6,8.78,50.0,Autumn
2018-05-23,37.0,19.7,306.0,29.4,11.1,15.3,7.7,7.0,11.5,13.5,4.42,49.8,Autumn
2018-05-24,262.0,15.6,425.0,2.4,11.8,16.4,6.7,5.5,11.3,12.1,8.71,50.3,Autumn
2018-05-25,29.0,16.4,459.0,6.1,11.7,16.0,8.4,7.6,11.9,12.6,6.6,50.4,Autumn
2018-05-26,231.0,13.4,321.0,2.4,10.5,14.5,6.9,5.7,9.9,11.6,10.4,50.4,Autumn
2018-05-27,275.0,23.4,751.0,8.4,12.1,15.8,9.0,7.6,12.1,12.3,6.96,50.5,Autumn
2018-05-28,218.0,9.0,211.0,0.9,8.5,12.3,2.6,0.7,8.1,10.9,7.14,50.5,Autumn
2018-05-29,105.0,5.0,122.0,0.0,6.8,13.8,0.9,-1.1,7.5,9.2,11.67,49.6,Autumn
2018-05-30,105.0,5.0,122.0,0.0,6.0,14.4,0.0,-1.6,8.0,8.9,10.27,50.0,Autumn
2018-05-31,105.0,5.0,122.0,0.0,6.6,15.2,0.5,-1.2,8.4,9.0,10.78,49.5,Autumn
2018-06-01,264.0,8.2,161.0,0.0,9.8,16.5,1.0,-1.0,10.4,9.6,9.72,48.9,Winter
2018-06-02,53.0,13.9,758.0,0.0,14.9,16.2,12.9,12.6,12.4,12.1,2.68,48.5,Winter
2018-06-03,68.0,10.9,398.0,71.3,14.8,18.2,12.3,12.6,15.6,13.5,5.23,49.7,Winter
2018-06-04,56.0,19.1,670.0,19.3,15.5,18.2,12.9,12.9,16.4,14.7,3.42,50.2,Winter
2018-06-05,254.0,21.0,717.0,1.0,14.1,16.6,11.7,10.0,13.6,14.2,6.24,50.3,Winter
2018-06-06,256.0,13.9,303.0,5.0,9.8,14.0,3.7,2.9,9.7,12.1,5.53,50.5,Winter
2018-06-07,172.0,11.1,298.0,1.6,8.9,12.4,4.4,3.0,8.3,10.3,10.67,50.7,Winter
2018-06-08,286.0,8.0,196.0,0.0,10.4,16.3,3.8,2.3,9.2,10.5,10.4,50.6,Winter
2018-06-09,62.0,9.7,267.0,0.2,8.9,16.6,2.3,1.1,10.6,10.1,8.51,50.1,Winter
2018-06-10,46.0,15.5,392.0,0.1,12.0,14.6,6.0,4.7,12.1,11.1,3.39,49.6,Winter
2018-06-11,122.0,13.3,446.0,6.1,11.4,13.8,9.8,9.4,11.4,11.5,2.27,49.3,Winter
2018-06-12,84.0,9.2,252.0,1.6,12.5,13.6,10.7,10.4,13.0,12.0,3.29,50.3,Winter
2018-06-13,267.0,12.9,299.0,3.3,12.5,16.1,9.1,6.9,13.1,12.8,9.26,50.4,Winter
2018-06-14,266.0,15.4,296.0,0.0,11.2,16.8,5.4,3.7,11.4,11.7,10.1,50.4,Winter
2018-06-15,355.0,11.2,212.0,0.9,11.0,17.7,4.7,3.6,12.4,11.4,6.45,50.2,Winter
2018-06-16,303.0,13.0,339.0,1.2,14.1,19.2,10.7,9.2,14.5,12.9,8.1,49.9,Winter
2018-06-17,353.0,10.6,247.0,0.0,12.7,17.8,7.5,6.4,12.3,13.0,9.83,50.1,Winter
2018-06-18,178.0,5.9,114.0,0.4,13.1,19.0,6.8,6.0,12.7,12.5,7.41,49.5,Winter
2018-06-19,356.0,16.8,421.0,3.4,12.8,17.6,9.4,6.5,12.9,12.8,7.81,50.0,Winter
2018-06-20,291.0,11.8,346.0,19.8,11.9,13.8,10.1,10.0,12.8,12.4,0.52,50.1,Winter
2018-06-21,276.0,21.3,462.0,13.3,11.2,12.6,8.3,7.0,11.4,12.1,2.29,50.0,Winter
2018-06-22,155.0,10.6,256.0,0.0,8.0,13.9,3.0,1.0,8.8,10.4,10.57,50.2,Winter
2018-06-23,253.0,10.7,233.0,0.8,9.2,15.1,3.7,3.8,10.1,10.4,9.46,50.2,Winter
2018-06-24,248.0,17.6,611.0,3.4,11.6,16.1,7.9,6.5,11.8,11.5,9.26,50.2,Winter
2018-06-25,328.0,13.9,312.0,18.6,10.4,13.7,5.5,4.8,10.9,11.5,5.46,50.0,Winter
2018-06-26,268.0,12.4,361.0,20.3,8.1,13.3,2.5,0.6,9.4,9.8,4.06,50.1,Winter
2018-06-27,105.0,5.0,122.0,0.0,5.9,13.8,-0.1,-1.5,8.1,8.5,10.01,50.6,Winter
2018-06-28,225.0,9.4,224.0,4.1,7.5,14.3,2.2,0.3,9.7,8.8,7.84,50.8,Winter
2018-06-29,209.0,5.1,150.0,0.4,7.0,13.0,1.1,-1.0,8.7,9.0,10.74,50.7,Winter
2018-06-30,33.0,4.3,119.0,0.0,4.9,13.9,-1.2,-3.4,7.3,7.6,10.85,50.7,Winter
2018-07-01,83.0,15.6,378.0,6.0,8.7,13.7,2.8,2.2,10.4,8.5,2.42,50.4,Winter
2018-07-02,262.0,15.6,425.0,1.1,11.6,16.6,7.7,5.0,11.4,10.3,8.17,50.7,Winter
2018-07-03,228.0,7.1,201.0,1.0,8.7,14.0,1.7,-0.2,9.0,9.5,10.8,50.4,Winter
2018-07-04,236.0,11.0,249.0,0.1,6.3,13.5,-0.5,-2.5,8.2,8.0,9.36,50.5,Winter
2018-07-05,353.0,4.5,93.0,0.0,10.2,14.9,6.3,6.4,10.1,9.8,4.92,50.1,Winter
2018-07-06,276.0,5.6,138.0,0.0,7.8,15.3,1.8,0.1,9.0,9.6,9.85,49.7,Winter
2018-07-07,25.0,10.3,207.0,0.0,9.2,15.9,2.5,1.0,10.1,9.5,7.74,49.3,Winter
2018-07-08,93.0,6.1,179.0,0.0,13.4,17.1,7.8,5.4,12.6,10.7,4.1,49.2,Winter
2018-07-09,249.0,11.1,345.0,0.0,12.1,15.8,9.1,7.3,11.6,11.4,6.15,50.5,Winter
2018-07-10,31.0,9.4,199.0,0.0,9.4,14.8,6.4,3.7,9.9,10.2,8.18,50.7,Winter
2018-07-11,194.0,7.5,218.0,0.0,9.0,15.1,3.6,1.5,10.1,9.5,9.38,50.5,Winter
2018-07-12,70.0,6.5,125.0,0.0,9.1,15.5,3.1,0.6,9.7,9.7,10.48,51.0,Winter
2018-07-13,21.0,5.0,119.0,0.0,8.2,14.3,2.0,-0.2,10.2,9.1,6.68,50.8,Winter
2018-07-14,312.0,13.3,403.0,0.0,12.7,15.3,6.4,4.7,13.5,11.0,4.07,50.7,Winter
2018-07-15,3.0,10.1,223.0,1.1,12.9,15.4,7.5,6.3,13.6,12.9,4.98,50.3,Winter
2018-07-16,266.0,18.0,457.0,0.5,10.9,16.3,7.3,5.2,11.6,11.6,8.88,50.7,Winter
2018-07-17,235.0,10.7,285.0,0.0,10.0,16.4,5.0,3.0,10.7,10.9,10.22,50.7,Winter
2018-07-18,260.0,9.1,266.0,0.0,10.3,16.0,4.6,2.9,11.3,10.7,7.33,50.7,Winter
2018-07-19,319.0,15.3,378.0,4.6,10.8,17.2,5.7,4.8,11.7,11.3,7.99,50.7,Winter
2018-07-20,82.0,5.8,117.0,0.2,9.0,15.2,3.8,3.6,10.1,10.9,8.13,50.8,Winter
2018-07-21,240.0,4.2,118.0,0.0,9.9,16.0,3.2,2.5,10.8,10.5,7.55,50.8,Winter
2018-07-22,45.0,18.7,443.0,4.9,12.1,15.6,6.4,5.6,12.5,12.0,6.36,50.7,Winter
2018-07-23,82.0,5.8,117.0,0.3,8.5,14.3,3.4,3.1,9.8,10.7,9.44,50.9,Winter
2018-07-24,82.0,5.8,117.0,2.6,6.4,13.6,2.0,1.6,8.7,9.7,8.74,50.9,Winter
2018-07-25,269.0,5.2,126.0,0.0,8.3,14.6,1.0,0.8,9.8,9.2,9.29,51.0,Winter
2018-07-26,299.0,11.5,309.0,0.0,12.4,17.2,6.1,4.4,11.6,11.1,9.72,50.8,Winter
2018-07-27,240.0,4.2,118.0,0.1,9.3,16.1,3.5,3.0,10.7,10.3,7.9,50.8,Winter
2018-07-28,285.0,18.6,555.0,0.3,11.9,17.0,7.7,7.3,11.9,11.2,10.92,50.7,Winter
2018-07-29,235.0,9.4,293.0,2.6,11.9,16.5,8.6,6.4,12.2,11.3,9.15,50.8,Winter
2018-07-30,286.0,8.0,196.0,0.0,10.0,15.1,2.9,2.9,9.4,11.4,11.57,50.8,Winter
2018-07-31,54.0,5.7,135.0,0.0,9.4,16.3,2.8,2.9,10.2,10.7,6.77,50.9,Winter
2018-08-01,305.0,5.5,146.0,0.0,10.5,17.2,4.7,4.2,11.3,11.1,8.98,50.7,Winter
2018-08-02,286.0,8.0,196.0,0.0,9.1,16.2,2.6,2.7,10.3,11.0,9.11,50.1,Winter
2018-08-03,232.0,8.6,228.0,0.9,10.0,15.3,3.8,3.4,11.0,11.6,7.08,50.1,Winter
2018-08-04,256.0,8.5,169.0,0.0,8.1,15.6,1.5,1.2,9.0,10.5,13.36,50.1,Winter
2018-08-05,259.0,4.9,139.0,0.0,9.2,14.2,3.9,3.6,10.4,10.3,6.19,49.7,Winter
2018-08-06,69.0,5.8,141.0,0.0,9.5,16.4,3.1,2.4,10.9,10.5,10.35,49.4,Winter
2018-08-07,96.0,5.7,135.0,0.0,10.0,17.4,4.0,4.6,11.2,11.4,10.5,49.1,Winter
2018-08-08,261.0,13.6,311.0,3.8,11.8,15.5,6.4,7.2,12.4,11.6,2.91,49.3,Winter
2018-08-09,263.0,12.8,275.0,0.8,11.0,16.5,5.0,4.6,10.9,11.6,13.49,50.9,Winter
2018-08-10,82.0,5.5,130.0,0.0,9.5,17.0,3.9,2.6,10.1,10.9,12.32,50.5,Winter
2018-08-11,286.0,8.0,196.0,0.0,9.5,16.4,3.0,3.2,10.5,10.8,9.34,49.9,Winter
2018-08-12,76.0,13.4,379.0,0.0,10.2,15.6,4.1,3.7,10.3,11.3,12.53,49.5,Winter
2018-08-13,260.0,11.6,255.0,7.4,10.0,14.3,3.6,3.0,11.5,11.1,6.79,49.2,Winter
2018-08-14,283.0,13.8,467.0,3.7,11.6,15.1,8.9,8.4,11.1,11.6,9.74,50.6,Winter
2018-08-15,234.0,16.9,584.0,1.5,11.7,15.3,9.5,7.2,10.7,11.2,11.12,51.0,Winter
2018-08-16,263.0,12.5,399.0,0.2,12.8,16.4,8.3,6.7,12.8,11.7,9.72,51.0,Winter
2018-08-17,231.0,12.4,294.0,1.2,12.6,16.1,8.4,7.8,12.7,12.6,9.3,50.9,Winter
2018-08-18,260.0,11.8,314.0,0.5,10.2,15.0,4.7,5.1,10.5,11.7,13.5,51.0,Winter
2018-08-19,256.0,8.5,169.0,0.0,8.4,15.4,1.7,2.7,9.5,11.0,12.43,50.9,Winter
2018-08-20,88.0,13.7,479.0,0.6,13.1,17.4,6.5,7.9,12.6,12.0,6.96,50.7,Winter
2018-08-21,231.0,13.4,321.0,3.1,10.2,14.0,7.1,7.5,10.7,11.7,9.45,50.8,Winter
2018-08-22,247.0,11.2,293.0,3.4,10.5,15.6,6.9,6.4,10.4,10.8,6.91,50.8,Winter
2018-08-23,222.0,9.5,244.0,5.5,11.0,15.2,5.8,7.0,11.0,11.7,11.96,50.7,Winter
2018-08-24,217.0,10.8,221.0,1.3,9.3,14.5,5.0,4.9,9.3,11.2,13.93,51.3,Winter
2018-08-25,293.0,17.2,358.0,1.0,11.2,15.4,6.4,5.9,10.5,11.1,12.14,51.4,Winter
2018-08-26,226.0,6.1,174.0,0.4,11.2,14.6,7.0,7.0,10.7,11.6,7.31,51.5,Winter
2018-08-27,229.0,9.5,180.0,0.0,10.3,16.6,6.0,7.2,9.4,12.3,14.05,51.3,Winter
2018-08-28,96.0,5.7,135.0,1.4,11.0,16.8,3.9,5.2,11.0,12.1,9.65,50.9,Winter
2018-08-29,67.0,10.0,253.0,44.2,14.0,18.4,8.6,10.2,13.4,14.0,14.6,50.8,Winter
2018-08-30,274.0,14.0,402.0,0.0,10.9,16.7,6.2,7.5,10.4,13.2,11.71,51.1,Winter
2018-08-31,72.0,5.8,125.0,0.0,10.3,17.9,4.2,5.9,10.5,12.5,13.74,51.0,Winter
2018-09-01,229.0,9.5,180.0,0.0,11.2,17.2,4.1,6.1,10.9,12.7,15.84,50.6,Spring
2018-09-02,268.0,21.6,705.0,2.0,13.8,18.2,11.1,10.8,12.5,13.5,10.15,50.6,Spring
2018-09-03,277.0,12.8,365.0,2.3,9.2,14.3,3.5,6.0,9.7,12.6,9.97,50.9,Spring
2018-09-04,56.0,5.8,134.0,0.0,8.1,14.2,1.8,4.3,8.6,11.4,11.58,51.1,Spring
2018-09-05,216.0,12.1,329.0,0.0,10.2,15.5,6.7,6.6,9.1,11.6,13.15,51.1,Spring
2018-09-06,171.0,10.7,310.0,6.0,10.0,12.1,6.4,8.9,9.6,11.9,5.99,50.9,Spring
2018-09-07,216.0,12.1,329.0,0.2,11.3,16.2,7.0,7.1,7.8,11.7,11.83,51.2,Spring
2018-09-08,206.0,10.6,339.0,0.0,11.9,18.1,8.1,7.8,7.4,12.2,18.79,51.1,Spring
2018-09-09,175.0,13.8,412.0,0.0,10.8,14.0,7.2,6.6,6.6,11.6,10.38,50.9,Spring
2018-09-10,85.0,6.6,157.0,0.9,11.5,15.2,7.4,9.1,10.2,12.4,8.9,50.4,Spring
2018-09-11,286.0,24.4,763.0,3.9,12.4,16.0,7.4,9.7,12.6,13.8,10.87,50.7,Spring
2018-09-12,229.0,9.5,180.0,0.0,10.3,17.3,3.8,6.8,10.6,13.4,14.59,51.0,Spring
2018-09-13,260.0,11.8,314.0,0.0,10.5,15.6,3.8,6.6,9.9,13.0,12.01,50.5,Spring
2018-09-14,249.0,15.5,474.0,0.0,12.1,16.5,7.6,8.1,10.4,13.2,14.78,50.0,Spring
2018-09-15,217.0,9.5,206.0,0.0,13.3,17.7,9.0,8.8,12.8,14.2,15.9,49.7,Spring
2018-09-16,232.0,11.4,316.0,0.0,14.2,17.6,10.8,12.4,11.7,14.9,12.27,49.4,Spring
2018-09-17,264.0,13.8,536.0,2.9,15.3,18.6,12.4,12.2,14.7,15.4,12.65,49.2,Spring
2018-09-18,56.0,19.1,670.0,20.8,14.5,16.0,12.6,12.8,15.1,15.1,2.45,49.7,Spring
2018-09-19,95.0,12.1,297.0,4.0,14.9,17.6,13.2,14.3,14.3,15.7,10.02,50.8,Spring
2018-09-20,232.0,11.2,298.0,0.0,14.9,19.5,11.8,12.6,13.4,15.8,9.94,51.0,Spring
2018-09-21,232.0,11.2,298.0,1.3,13.7,18.1,11.0,12.5,12.9,15.5,9.88,50.8,Spring
2018-09-22,285.0,13.2,318.0,6.1,13.2,17.2,9.4,12.4,12.9,15.8,11.95,50.8,Spring
2018-09-23,94.0,7.6,176.0,0.0,11.7,16.6,5.6,9.7,10.5,15.1,17.14,51.1,Spring
2018-09-24,26.0,11.3,341.0,2.1,12.7,17.3,8.8,10.7,11.2,14.8,14.58,50.8,Spring
2018-09-25,233.0,13.8,352.0,2.5,10.4,13.5,6.2,8.0,8.5,13.1,16.64,50.9,Spring
2018-09-26,291.0,14.0,707.0,0.7,11.3,15.4,8.4,8.7,9.8,12.8,18.8,51.1,Spring
2018-09-27,74.0,7.3,165.0,0.0,10.6,16.4,4.7,7.7,9.3,13.3,18.67,51.0,Spring
2018-09-28,96.0,6.8,176.0,0.0,9.4,17.0,2.5,6.1,8.6,13.1,18.99,50.5,Spring
2018-09-29,86.0,6.2,137.0,0.0,9.2,17.5,2.0,5.2,8.6,13.1,17.74,50.1,Spring
2018-09-30,30.0,10.4,256.0,0.0,11.0,18.2,1.7,5.2,9.2,13.5,18.29,49.6,Spring
2018-10-01,232.0,11.2,298.0,0.0,14.3,18.4,9.6,10.5,11.3,14.9,10.02,49.3,Spring
2018-10-02,218.0,8.4,246.0,0.5,13.9,18.7,8.0,10.0,12.1,15.6,11.49,49.2,Spring
2018-10-03,87.0,3.9,111.0,0.0,11.4,18.0,4.8,7.7,10.8,15.0,13.89,49.0,Spring
2018-10-04,205.0,6.8,160.0,0.0,12.1,17.8,7.1,8.9,11.8,15.0,9.2,48.9,Spring
2018-10-05,255.0,10.7,279.0,0.0,12.3,19.8,3.9,7.0,10.4,15.2,18.29,48.7,Spring
2018-10-06,82.0,8.3,206.0,0.0,12.9,18.8,5.7,8.2,11.6,15.8,17.8,48.6,Spring
2018-10-07,205.0,6.8,160.0,0.0,12.5,19.1,6.1,8.4,11.5,15.6,9.67,48.3,Spring
2018-10-08,269.0,9.3,254.0,0.0,12.6,18.6,5.7,8.1,10.4,16.0,20.87,48.0,Spring
2018-10-09,255.0,10.7,279.0,0.0,10.1,17.9,2.9,5.9,8.8,15.0,17.96,47.1,Spring
2018-10-10,255.0,10.7,279.0,0.0,10.9,17.7,4.9,7.2,9.7,14.9,14.5,46.4,Spring
2018-10-11,201.0,13.4,251.0,8.7,12.1,18.4,4.0,6.5,13.0,14.5,8.58,46.7,Spring
2018-10-12,242.0,14.8,428.0,5.9,12.6,16.2,7.4,8.8,11.4,14.6,13.68,51.2,Spring
2018-10-13,233.0,13.8,352.0,1.7,9.5,14.2,5.4,7.6,7.8,13.4,19.03,51.2,Spring
2018-10-14,86.0,6.2,137.0,0.0,9.6,16.7,1.1,5.2,8.5,13.0,17.38,50.4,Spring
2018-10-15,72.0,5.8,125.0,0.0,10.5,18.4,3.0,6.3,9.4,13.6,12.74,49.6,Spring
2018-10-16,30.0,10.4,256.0,0.0,10.2,17.2,2.6,6.1,9.0,13.8,19.63,49.1,Spring
2018-10-17,236.0,9.9,292.0,0.0,12.4,16.2,9.7,9.9,9.3,14.2,16.47,48.6,Spring
2018-10-18,246.0,12.9,298.0,0.7,12.5,17.6,7.8,9.5,11.1,14.6,14.63,48.3,Spring
2018-10-19,24.0,8.6,232.0,0.0,12.8,19.3,5.8,8.0,10.1,15.5,25.62,47.9,Spring
2018-10-20,19.0,11.9,267.0,0.0,13.2,21.6,5.0,7.7,11.2,16.4,21.08,46.7,Spring
2018-10-21,218.0,6.4,156.0,0.0,14.6,21.4,8.7,10.9,12.0,16.9,16.07,45.9,Spring
2018-10-22,216.0,5.9,130.0,0.0,13.4,20.9,7.1,9.3,11.0,16.8,18.66,45.3,Spring
2018-10-23,216.0,5.9,130.0,0.0,13.1,20.7,5.9,8.5,10.8,16.7,16.7,44.4,Spring
2018-10-24,145.0,7.7,215.0,0.0,13.4,20.5,5.7,8.3,11.0,16.8,14.03,43.0,Spring
2018-10-25,216.0,5.9,130.0,0.0,14.2,20.4,7.3,10.0,11.6,16.9,17.73,39.7,Spring
2018-10-26,245.0,11.7,305.0,3.0,14.8,19.4,8.2,12.1,11.3,17.7,25.58,39.9,Spring
2018-10-27,7.0,12.2,311.0,6.1,14.4,21.8,7.4,10.8,12.8,17.1,14.0,40.4,Spring
2018-10-28,229.0,11.8,296.0,2.9,15.5,20.2,9.6,12.6,13.0,17.9,16.61,48.0,Spring
2018-10-29,268.0,13.9,571.0,5.7,13.3,17.5,7.3,11.3,12.2,16.6,14.66,47.6,Spring
2018-10-30,268.0,13.9,571.0,6.3,12.9,16.6,9.2,11.6,11.8,15.6,14.89,51.4,Spring
2018-10-31,257.0,14.2,477.0,0.1,14.0,20.0,9.0,11.1,11.3,16.0,21.15,51.0,Spring
2018-11-01,280.0,20.8,732.0,3.4,12.5,16.0,9.0,9.5,10.3,15.2,17.67,50.6,Spring
2018-11-02,64.0,13.8,404.0,0.0,12.8,18.0,7.0,8.4,9.7,14.6,24.82,50.4,Spring
2018-11-03,232.0,11.2,298.0,0.0,14.9,19.6,11.0,11.7,13.4,15.1,10.17,49.2,Spring
2018-11-04,265.0,25.3,851.0,5.0,15.6,18.5,11.8,12.2,13.3,16.5,23.42,50.4,Spring
2018-11-05,234.0,13.4,393.0,1.7,14.1,18.2,10.1,11.5,11.5,15.5,19.93,49.9,Spring
2018-11-06,216.0,5.9,130.0,0.0,13.9,20.9,7.6,10.0,12.5,16.0,19.18,48.9,Spring
2018-11-07,218.0,6.4,156.0,0.7,14.6,21.4,6.2,9.8,14.5,17.1,15.81,48.5,Spring
2018-11-08,65.0,10.0,323.0,0.5,17.1,21.4,13.6,15.5,17.7,18.3,8.42,48.2,Spring
2018-11-09,91.0,8.2,195.0,0.1,17.4,22.9,11.8,13.9,16.2,18.4,16.17,48.0,Spring
2018-11-10,245.0,11.7,305.0,1.4,13.7,18.5,7.0,11.6,10.8,18.2,25.62,47.4,Spring
2018-11-11,308.0,7.5,173.0,0.0,12.4,19.3,4.7,9.7,12.1,17.0,12.12,46.7,Spring
2018-11-12,73.0,7.1,208.0,0.0,15.0,20.6,9.6,12.5,13.0,18.1,20.31,45.9,Spring
2018-11-13,230.0,9.0,220.0,0.0,14.4,20.9,7.4,11.1,12.4,18.1,18.4,44.0,Spring
2018-11-14,73.0,7.1,208.0,0.0,15.0,20.8,8.1,11.7,14.2,18.5,18.98,44.0,Spring
2018-11-15,68.0,9.1,234.0,0.0,16.2,20.2,10.2,13.5,13.1,19.6,27.14,40.0,Spring
2018-11-16,73.0,7.1,208.0,0.0,14.4,20.6,7.8,11.3,12.6,19.6,22.64,37.4,Spring
2018-11-17,21.0,4.5,94.0,0.0,14.6,21.0,7.6,11.4,12.8,18.9,11.26,35.3,Spring
2018-11-18,216.0,6.6,155.0,0.0,15.2,21.5,9.4,12.1,13.3,19.0,16.2,33.7,Spring
2018-11-19,250.0,8.4,231.0,0.7,13.0,18.4,5.6,10.2,11.7,17.9,17.41,32.3,Spring
2018-11-20,255.0,10.7,279.0,1.4,10.3,16.9,3.8,8.5,9.4,16.0,17.6,31.7,Spring
2018-11-21,259.0,13.6,536.0,5.4,10.4,17.4,4.2,8.8,10.7,15.0,13.59,32.2,Spring
2018-11-22,264.0,25.8,764.0,5.7,13.0,19.4,6.3,9.5,11.7,16.2,25.85,45.1,Spring
2018-11-23,251.0,10.2,300.0,0.0,14.0,21.1,4.8,9.8,11.9,17.5,29.16,44.6,Spring
2018-11-24,9.0,12.8,361.0,13.3,16.2,17.5,14.6,16.6,17.4,17.8,4.25,48.1,Spring
2018-11-25,279.0,8.8,235.0,5.9,17.2,22.2,13.0,15.6,17.4,18.5,13.27,51.1,Spring
2018-11-26,286.0,14.0,460.0,0.0,16.6,23.1,9.3,13.2,15.2,18.7,22.97,50.7,Spring
2018-11-27,277.0,11.4,392.0,0.7,16.8,20.8,13.5,16.8,16.6,19.4,15.57,49.3,Spring
2018-11-28,275.0,13.9,423.0,0.0,17.2,21.9,13.7,16.3,16.4,19.4,22.2,48.4,Spring
2018-11-29,82.0,8.0,175.0,0.0,17.4,22.6,12.2,14.6,16.2,19.3,14.68,47.5,Spring
2018-11-30,270.0,7.0,198.0,0.0,17.9,20.5,15.0,17.5,16.9,19.2,12.3,46.7,Spring
2018-12-01,119.0,15.8,457.0,1.5,17.5,20.2,14.2,16.6,17.9,18.2,4.66,46.1,Summer
2018-12-02,278.0,12.3,325.0,0.0,18.7,21.9,15.5,15.9,18.2,19.5,20.11,45.6,Summer
2018-12-03,38.0,13.9,530.0,14.1,17.4,20.6,14.6,17.2,18.1,19.3,8.42,49.1,Summer
2018-12-04,186.0,13.2,400.0,9.6,17.4,21.1,13.9,16.9,16.6,18.9,21.37,51.4,Summer
2018-12-05,49.0,7.6,222.0,1.0,16.4,20.4,11.5,14.9,13.9,18.3,19.95,51.0,Summer
2018-12-06,258.0,11.5,433.0,1.8,14.1,18.6,10.3,14.2,12.3,17.3,23.7,50.4,Summer
2018-12-07,245.0,11.7,305.0,0.0,14.3,20.2,7.2,12.2,11.3,17.5,25.52,49.2,Summer
2018-12-08,68.0,9.1,234.0,0.0,15.8,21.6,9.1,13.1,13.8,18.8,29.65,48.0,Summer
2018-12-09,87.0,8.4,217.0,0.0,17.3,22.4,13.1,16.1,14.1,19.8,28.67,46.3,Summer
2018-12-10,268.0,12.2,396.0,0.0,17.2,20.6,14.0,16.3,15.2,19.4,15.8,44.4,Summer
2018-12-11,36.0,8.3,228.0,0.4,16.8,21.2,12.4,15.4,16.3,19.5,8.93,43.4,Summer
2018-12-12,277.0,11.4,392.0,1.6,16.9,22.6,12.7,16.4,16.7,19.8,15.79,41.3,Summer
2018-12-13,277.0,11.4,392.0,0.0,17.7,23.0,13.1,16.7,16.3,20.2,15.62,40.3,Summer
2018-12-14,277.0,11.4,392.0,0.2,17.9,23.0,13.0,16.8,17.2,20.6,15.97,39.5,Summer
2018-12-15,279.0,14.3,744.0,8.8,17.5,22.0,13.0,16.8,17.5,20.8,21.67,42.4,Summer
2018-12-16,234.0,8.2,195.0,0.0,18.9,24.7,12.8,17.4,16.6,22.2,29.75,46.7,Summer
2018-12-17,74.0,7.6,192.0,0.0,18.6,25.1,11.8,17.5,16.6,23.0,28.49,44.2,Summer
2018-12-18,226.0,7.0,188.0,0.0,19.0,25.7,13.6,18.1,16.5,22.8,19.97,41.4,Summer
2018-12-19,57.0,10.6,419.0,0.0,18.8,23.4,14.0,17.4,16.9,22.0,21.94,37.7,Summer
2018-12-20,40.0,11.0,345.0,24.3,17.4,22.2,13.8,17.4,16.5,20.7,22.25,48.9,Summer
2018-12-21,79.0,9.4,368.0,7.7,17.2,21.7,14.0,17.5,15.9,19.9,19.07,51.7,Summer
2018-12-22,277.0,11.4,392.0,0.8,17.4,22.5,12.2,16.0,16.3,20.0,15.77,51.4,Summer
2018-12-23,38.0,13.9,530.0,14.9,18.4,19.9,16.6,19.5,20.2,20.1,4.23,51.6,Summer
2018-12-24,95.0,20.2,508.0,58.4,18.9,20.5,17.4,19.1,21.0,20.0,3.17,51.6,Summer
2018-12-25,188.0,13.4,357.0,21.4,17.6,22.8,15.0,17.2,17.8,19.7,12.27,51.5,Summer
2018-12-26,275.0,13.9,423.0,0.2,18.0,22.0,15.1,17.4,16.3,19.5,21.76,51.7,Summer
2018-12-27,70.0,7.3,181.0,0.0,17.0,21.4,11.1,15.9,13.6,19.8,29.6,50.9,Summer
2018-12-28,70.0,7.3,181.0,0.0,16.3,23.4,8.5,14.5,13.6,20.4,25.37,49.5,Summer
2018-12-29,82.0,8.0,175.0,0.0,17.9,23.8,10.7,16.3,16.6,21.0,15.97,48.5,Summer
2018-12-30,87.0,8.4,217.0,0.0,18.5,24.5,11.6,16.5,15.9,22.2,28.07,47.7,Summer
2018-12-31,277.0,11.4,392.0,0.0,17.8,23.1,12.0,16.7,16.9,21.4,16.54,46.4,Summer
2019-01-01,180.0,7.8,200.0,0.0,19.4,23.0,16.4,18.4,18.6,21.4,12.78,45.0,Summer
2019-01-02,74.0,7.6,192.0,0.0,19.7,23.7,14.4,17.5,17.9,22.4,27.37,43.8,Summer
2019-01-03,226.0,7.0,188.0,0.0,19.6,23.9,13.2,17.3,19.5,22.0,18.36,41.9,Summer
2019-01-04,255.0,13.1,454.0,0.3,20.2,23.3,15.8,17.7,17.8,22.4,26.32,39.1,Summer
2019-01-05,234.0,8.2,195.0,0.0,19.0,25.6,11.8,15.8,16.7,22.9,29.76,36.3,Summer
2019-01-06,234.0,8.2,195.0,0.0,18.3,24.4,10.8,15.9,17.1,22.7,29.85,33.6,Summer
2019-01-07,60.0,9.4,309.0,0.0,20.5,25.6,15.5,18.1,18.8,23.4,30.02,31.1,Summer
2019-01-08,249.0,8.4,221.0,0.0,21.1,26.6,16.1,18.4,17.2,24.1,26.35,29.0,Summer
2019-01-09,74.0,7.6,192.0,0.0,18.9,25.0,11.8,16.4,16.9,23.8,27.18,27.1,Summer
2019-01-10,288.0,8.7,198.0,0.0,20.1,26.4,12.7,17.2,18.9,23.9,17.35,25.7,Summer
2019-01-11,229.0,11.2,253.0,0.0,21.4,27.3,16.1,18.5,19.9,24.5,22.35,24.6,Summer
2019-01-12,234.0,8.2,195.0,0.0,20.1,25.5,12.9,17.2,16.2,24.6,28.76,23.5,Summer
2019-01-13,229.0,11.2,253.0,0.3,21.6,27.0,16.3,20.2,19.2,24.8,22.03,22.2,Summer
2019-01-14,235.0,8.2,204.0,3.8,16.9,22.6,11.9,16.8,15.7,21.9,21.22,22.7,Summer
2019-01-15,277.0,11.4,392.0,0.6,16.4,21.4,11.6,16.2,15.1,20.4,16.59,23.1,Summer
2019-01-16,87.0,8.4,217.0,0.0,18.6,24.3,11.9,15.6,17.0,21.6,29.03,22.4,Summer
2019-01-17,68.0,9.1,260.0,0.0,19.8,23.7,16.8,18.1,17.1,22.5,26.14,21.4,Summer
2019-01-18,222.0,9.5,240.0,0.0,20.1,24.3,16.0,17.3,18.6,22.0,16.12,20.6,Summer
2019-01-19,60.0,9.4,309.0,0.0,20.9,26.4,15.2,17.5,18.6,23.6,28.3,20.1,Summer
2019-01-20,89.0,14.3,461.0,0.3,20.3,24.6,15.0,17.5,17.8,23.0,22.91,19.4,Summer
2019-01-21,87.0,8.4,217.0,0.0,19.2,23.5,14.4,16.4,15.6,21.9,25.44,18.8,Summer
2019-01-22,80.0,14.5,501.0,0.0,19.3,23.5,16.3,17.2,15.6,21.6,20.48,18.4,Summer
2019-01-23,58.0,7.6,187.0,0.0,19.5,24.7,14.1,15.9,17.3,22.1,23.57,17.9,Summer
2019-01-24,252.0,8.0,129.0,0.9,19.4,23.1,12.1,16.0,17.7,21.7,16.55,17.7,Summer
2019-01-25,343.0,8.2,239.0,0.0,17.9,24.8,10.3,14.5,15.6,21.5,21.07,17.5,Summer
2019-01-26,87.0,8.4,217.0,0.0,18.1,24.2,12.0,15.9,14.5,22.7,26.78,17.2,Summer
2019-01-27,343.0,8.2,239.0,0.0,18.1,24.3,11.1,15.4,17.2,22.3,20.39,16.8,Summer
2019-01-28,262.0,10.0,381.0,0.1,21.6,26.4,18.5,19.9,20.5,23.6,23.58,16.6,Summer
2019-01-29,252.0,12.7,350.0,0.0,22.9,28.9,17.4,18.7,20.8,25.4,26.01,16.3,Summer
2019-01-30,262.0,10.0,381.0,0.0,22.3,26.9,18.0,20.5,22.0,25.9,23.74,16.0,Summer
2019-01-31,225.0,7.6,243.0,0.0,20.7,25.7,15.9,18.4,18.4,25.3,24.51,15.7,Summer
2019-02-01,221.0,10.3,228.0,0.0,19.7,25.4,13.8,18.1,17.1,24.6,18.54,15.5,Summer
2019-02-02,82.0,8.0,175.0,0.0,19.0,25.9,12.3,16.1,17.5,23.3,12.35,15.3,Summer
2019-02-03,265.0,21.7,846.0,4.2,19.8,23.5,16.9,18.7,17.8,22.7,20.46,16.0,Summer
2019-02-04,46.0,12.8,439.0,0.0,20.3,24.9,14.7,17.4,17.1,23.5,28.36,15.9,Summer
2019-02-05,246.0,9.7,242.0,0.0,19.4,26.9,12.1,15.3,16.1,23.8,22.99,15.5,Summer
2019-02-06,252.0,8.0,129.0,0.0,19.9,27.3,11.2,15.1,16.3,23.4,18.17,15.3,Summer
2019-02-07,80.0,13.2,520.0,1.0,18.7,21.0,16.7,17.4,15.6,20.9,4.73,15.4,Summer
2019-02-08,101.0,11.8,345.0,0.1,19.5,23.2,17.0,16.7,14.3,21.7,23.89,15.3,Summer
2019-02-09,4.0,8.3,215.0,9.1,18.9,23.1,16.4,17.5,17.8,21.2,14.68,16.8,Summer
2019-02-10,58.0,7.6,187.0,0.0,19.5,25.8,13.2,15.0,15.7,21.7,24.89,17.0,Summer
2019-02-11,234.0,8.2,195.0,0.0,20.3,26.8,12.6,15.1,16.2,22.6,29.12,16.4,Summer
2019-02-12,74.0,7.6,192.0,0.0,20.6,27.0,15.2,17.3,18.7,23.2,25.1,15.9,Summer
2019-02-13,234.0,8.2,195.0,0.0,20.3,28.1,12.1,14.9,17.7,23.7,26.98,15.5,Summer
2019-02-14,95.0,7.8,209.0,0.0,19.9,26.9,11.8,14.8,18.6,24.4,26.44,15.3,Summer
2019-02-15,225.0,7.6,243.0,0.0,20.4,27.8,12.9,15.4,17.4,24.3,23.7,15.0,Summer
2019-02-16,77.0,11.4,320.0,0.0,19.3,25.4,12.6,14.4,14.3,23.3,28.25,14.6,Summer
2019-02-17,246.0,9.7,242.0,0.0,18.7,25.8,11.7,14.8,16.0,23.2,22.68,14.3,Summer
2019-02-18,226.0,7.0,188.0,0.2,18.7,26.0,12.5,15.4,16.0,23.0,19.72,14.2,Summer
2019-02-19,270.0,8.7,221.0,0.0,17.6,25.5,9.3,12.3,15.0,23.2,26.34,14.0,Summer
2019-02-20,263.0,8.2,178.0,0.0,19.1,25.1,12.6,14.6,18.9,23.1,13.51,13.9,Summer
2019-02-21,245.0,9.2,274.0,0.0,22.2,25.5,19.4,20.0,21.4,23.7,13.91,13.9,Summer
2019-02-22,88.0,13.5,383.0,23.3,20.2,22.9,18.4,19.6,20.7,22.2,5.96,14.5,Summer
2019-02-23,39.0,9.9,270.0,4.2,18.8,22.0,14.2,16.2,19.5,21.4,8.68,18.9,Summer
2019-02-24,48.0,8.0,188.0,1.7,16.7,22.5,10.7,14.0,14.6,19.9,19.37,19.0,Summer
2019-02-25,261.0,11.6,382.0,0.0,16.7,22.1,11.3,12.4,11.1,19.1,25.56,18.7,Summer
2019-02-26,223.0,12.4,343.0,0.0,17.1,22.8,11.2,12.2,12.1,20.5,26.72,18.2,Summer
2019-02-27,224.0,12.9,318.0,0.0,15.6,23.7,7.8,11.2,12.3,20.6,22.21,17.7,Summer
2019-02-28,223.0,12.4,343.0,0.0,17.4,23.5,11.3,13.6,12.8,21.3,26.49,17.1,Summer
2019-03-01,246.0,9.6,257.0,0.0,17.7,22.4,11.8,14.1,13.1,21.5,14.48,16.6,Autumn
2019-03-02,268.0,9.7,201.0,0.0,15.9,22.8,9.4,11.3,12.4,21.4,26.31,16.2,Autumn
2019-03-03,256.0,9.2,218.0,0.0,16.5,25.9,7.5,10.3,12.6,21.6,25.76,15.9,Autumn
2019-03-04,29.0,11.1,255.0,0.0,17.8,25.8,10.1,11.8,15.2,21.8,22.96,15.5,Autumn
2019-03-05,24.0,7.9,165.0,0.0,16.9,24.1,10.2,12.6,13.7,21.8,25.39,15.2,Autumn
2019-03-06,256.0,9.2,218.0,0.0,16.1,24.5,8.2,10.6,13.0,21.9,25.86,15.0,Autumn
2019-03-07,50.0,6.9,151.0,0.0,17.9,26.1,10.0,12.0,17.2,22.0,17.37,14.7,Autumn
2019-03-08,267.0,6.6,124.0,13.7,16.9,23.9,12.7,13.0,17.5,20.3,5.83,16.0,Autumn
2019-03-09,198.0,6.5,162.0,3.0,14.9,22.0,8.3,11.0,14.5,18.4,15.94,18.1,Autumn
2019-03-10,48.0,8.0,188.0,0.0,17.0,24.4,10.9,11.8,14.9,18.7,20.85,18.3,Autumn
2019-03-11,93.0,7.0,172.0,0.0,17.0,24.5,9.2,11.3,15.5,19.8,18.9,17.2,Autumn
2019-03-12,82.0,8.0,175.0,0.0,18.5,24.5,13.8,14.9,16.6,21.1,14.79,16.7,Autumn
2019-03-13,252.0,8.0,129.0,0.0,19.5,26.4,13.0,14.8,17.4,22.0,18.3,16.4,Autumn
2019-03-14,252.0,8.0,129.0,0.0,18.9,26.0,12.3,14.0,16.7,22.2,18.78,16.0,Autumn
2019-03-15,279.0,7.6,183.0,0.0,17.9,24.6,11.3,12.8,16.3,21.4,18.39,15.7,Autumn
2019-03-16,250.0,6.6,155.0,0.0,18.0,25.2,11.8,12.5,17.8,21.2,12.77,15.4,Autumn
2019-03-17,10.0,12.3,303.0,0.0,19.0,25.1,12.7,14.0,18.6,21.7,14.65,15.2,Autumn
2019-03-18,221.0,10.3,228.0,0.0,20.2,24.8,15.2,15.5,18.7,22.5,17.99,15.0,Autumn
2019-03-19,42.0,12.7,446.0,0.1,18.1,20.6,13.0,13.7,17.7,21.5,4.32,14.9,Autumn
2019-03-20,250.0,6.6,155.0,0.5,16.8,23.0,12.1,12.7,16.1,20.4,13.36,15.0,Autumn
2019-03-21,273.0,8.7,233.0,0.0,17.7,24.4,11.4,11.7,16.5,21.3,21.85,14.9,Autumn
2019-03-22,203.0,7.0,183.0,0.0,18.2,25.1,11.6,11.9,16.6,22.0,20.52,14.7,Autumn
2019-03-23,86.0,9.7,224.0,2.1,18.3,24.9,12.3,13.0,17.4,21.7,12.23,14.6,Autumn
2019-03-24,30.0,10.1,270.0,0.0,17.8,24.0,12.4,13.7,16.5,21.3,20.52,14.7,Autumn
2019-03-25,53.0,8.7,210.0,0.0,17.2,24.3,11.6,12.5,14.9,21.0,21.06,14.6,Autumn
2019-03-26,200.0,7.8,208.0,0.0,17.3,24.5,10.3,11.0,14.7,20.7,19.9,14.4,Autumn
2019-03-27,220.0,6.6,184.0,0.0,19.1,24.5,12.9,12.6,16.7,20.4,11.39,14.3,Autumn
2019-03-28,100.0,13.6,410.0,11.7,19.0,22.4,16.5,17.7,19.3,20.6,7.37,15.7,Autumn
2019-03-29,243.0,10.7,402.0,3.9,19.6,23.0,16.7,17.5,19.8,20.5,10.99,16.9,Autumn
2019-03-30,71.0,8.5,230.0,0.8,19.8,23.2,18.0,17.7,19.1,20.3,10.25,17.4,Autumn
2019-03-31,180.0,7.8,200.0,0.8,20.5,23.6,17.2,17.7,19.9,20.5,12.78,17.0,Autumn
2019-04-01,344.0,13.4,313.0,41.5,20.1,22.8,17.6,18.8,21.7,20.5,3.19,20.0,Autumn
2019-04-02,52.0,7.6,228.0,0.7,17.2,21.8,10.0,11.3,14.6,19.4,15.76,21.6,Autumn
2019-04-03,286.0,7.8,224.0,5.6,13.6,18.6,7.7,9.8,14.0,16.7,7.02,22.2,Autumn
2019-04-04,246.0,9.6,257.0,0.0,16.9,21.2,12.0,12.9,14.6,18.5,13.62,22.4,Autumn
2019-04-05,308.0,7.5,173.0,0.0,14.6,21.4,8.1,10.4,12.3,17.5,13.29,22.1,Autumn
2019-04-06,55.0,16.8,521.0,19.4,14.5,17.0,10.6,12.1,15.0,17.3,4.18,24.2,Autumn
2019-04-07,247.0,13.6,358.0,0.0,12.7,18.8,7.9,10.0,11.4,15.9,16.21,24.6,Autumn
2019-04-08,216.0,5.9,130.0,1.3,14.0,20.2,7.7,9.6,12.3,15.7,17.58,24.4,Autumn
2019-04-09,216.0,5.9,130.0,0.0,15.0,21.9,8.8,9.4,12.6,16.1,17.84,23.9,Autumn
2019-04-10,216.0,5.9,130.0,0.0,13.7,22.3,6.6,8.5,12.4,16.3,17.33,23.5,Autumn
2019-04-11,90.0,5.3,157.0,2.2,14.2,21.4,8.1,10.0,13.7,16.0,9.35,23.3,Autumn
2019-04-12,264.0,13.8,536.0,3.0,14.8,19.6,11.2,11.2,13.7,15.8,13.72,24.6,Autumn
2019-04-13,206.0,10.6,339.0,0.0,12.6,18.4,6.4,8.9,9.6,15.0,18.5,25.4,Autumn
2019-04-14,87.0,3.9,111.0,0.0,11.3,19.9,3.4,7.0,11.2,14.1,12.48,25.2,Autumn
2019-04-15,308.0,7.5,173.0,0.0,12.5,20.2,5.9,8.1,12.1,14.8,13.97,24.8,Autumn
2019-04-16,87.0,3.9,111.0,0.0,11.8,19.4,5.3,8.3,11.6,14.7,12.59,24.5,Autumn
2019-04-17,97.0,10.4,230.0,0.0,12.2,19.3,5.5,8.1,11.0,14.9,17.81,24.2,Autumn
2019-04-18,86.0,8.1,188.0,0.0,12.2,19.5,6.4,8.2,11.4,15.1,16.06,23.7,Autumn
2019-04-19,205.0,6.8,160.0,0.0,12.1,19.4,6.3,8.3,11.4,15.0,10.31,23.3,Autumn
2019-04-20,308.0,7.5,173.0,0.0,12.9,20.1,6.9,8.6,12.8,15.4,11.13,23.0,Autumn
2019-04-21,308.0,7.5,173.0,0.0,14.6,21.2,6.5,8.7,13.5,15.8,12.13,22.7,Autumn
2019-04-22,286.0,7.8,224.0,8.1,14.3,19.5,8.2,10.8,14.7,16.3,7.25,24.1,Autumn
2019-04-23,231.0,12.4,294.0,1.6,11.5,17.7,7.7,9.8,12.7,14.7,8.04,26.4,Autumn
2019-04-24,308.0,7.5,173.0,0.0,14.4,20.4,6.8,9.2,13.9,14.8,12.8,26.8,Autumn
2019-04-25,225.0,9.4,245.0,0.0,16.6,21.1,13.9,13.2,15.1,16.0,12.14,26.4,Autumn
2019-04-26,274.0,18.1,620.0,0.0,16.6,20.8,13.2,12.7,15.1,16.1,7.07,26.1,Autumn
2019-04-27,22.0,7.6,173.0,0.0,16.6,22.3,13.2,13.2,16.0,16.9,10.75,25.8,Autumn
2019-04-28,57.0,10.2,249.0,3.8,14.2,19.6,9.8,11.5,15.0,16.1,5.73,26.2,Autumn
2019-04-29,286.0,16.4,443.0,5.1,13.0,18.5,7.4,10.0,12.9,14.8,8.56,28.0,Autumn
2019-04-30,247.0,13.6,358.0,0.2,13.5,18.9,9.2,10.2,10.3,14.2,15.2,29.7,Autumn
2019-05-01,255.0,10.7,279.0,0.0,11.9,17.6,5.3,7.6,8.9,13.3,15.35,28.9,Autumn
2019-05-02,87.0,3.9,111.0,0.0,12.1,18.2,3.5,6.9,11.3,13.1,11.98,28.6,Autumn
2019-05-03,65.0,6.2,142.0,0.0,14.6,20.5,8.2,9.9,13.9,15.4,14.25,28.2,Autumn
2019-05-04,308.0,7.5,173.0,0.0,12.3,20.5,5.8,8.5,12.3,14.8,13.49,27.9,Autumn
2019-05-05,77.0,4.5,101.0,0.0,12.6,20.1,7.1,8.7,12.9,14.5,8.84,27.5,Autumn
2019-05-06,303.0,10.6,271.0,0.0,13.7,18.7,7.9,9.7,13.1,14.7,2.58,27.2,Autumn
2019-05-07,234.0,7.2,149.0,0.0,13.8,19.8,8.6,7.1,12.2,14.5,7.79,27.0,Autumn
2019-05-08,287.0,7.4,227.0,0.0,13.6,20.0,8.8,6.8,12.0,14.4,10.35,26.6,Autumn
2019-05-09,11.0,7.9,181.0,0.0,14.3,20.8,7.1,4.8,12.1,14.5,13.61,26.2,Autumn
2019-05-10,280.0,8.3,219.0,0.6,16.1,21.4,9.1,7.2,14.8,16.2,11.01,26.0,Autumn
2019-05-11,11.0,7.9,181.0,0.0,14.1,20.5,6.8,5.7,13.6,15.5,12.68,25.7,Autumn
2019-05-12,82.0,13.9,793.0,8.1,17.5,20.1,15.8,14.9,16.5,16.5,3.04,27.0,Autumn
2019-05-13,172.0,7.4,167.0,0.9,15.4,18.0,9.9,6.7,11.9,15.1,10.34,30.7,Autumn
2019-05-14,147.0,4.4,80.0,0.0,11.8,17.1,6.2,3.6,10.5,13.8,6.63,30.2,Autumn
2019-05-15,280.0,13.8,440.0,0.2,14.1,18.9,8.4,6.6,13.0,14.3,7.5,30.1,Autumn
2019-05-16,183.0,13.9,775.0,3.4,14.8,17.5,12.8,11.7,12.8,14.5,8.72,30.4,Autumn
2019-05-17,220.0,7.4,179.0,2.3,13.3,16.5,6.7,4.4,11.7,13.9,7.26,31.1,Autumn
2019-05-18,228.0,9.0,205.0,0.0,12.0,18.2,8.0,7.2,11.9,13.6,7.95,31.7,Autumn
2019-05-19,270.0,13.9,457.0,0.4,13.6,18.6,10.4,8.4,12.7,13.8,9.37,31.4,Autumn
2019-05-20,88.0,13.7,479.0,0.3,12.9,16.2,8.7,6.1,11.4,13.4,5.03,31.3,Autumn
2019-05-21,217.0,7.3,183.0,0.0,13.3,17.0,10.8,9.6,11.6,14.2,5.33,31.3,Autumn
2019-05-22,280.0,10.6,239.0,0.1,12.8,16.9,10.5,8.4,12.9,14.2,5.33,31.3,Autumn
2019-05-23,220.0,7.4,179.0,0.2,12.9,17.8,8.8,5.5,12.3,14.1,7.78,31.1,Autumn
2019-05-24,226.0,8.0,177.0,0.0,11.7,17.4,6.4,4.3,11.9,13.2,6.43,31.0,Autumn
2019-05-25,219.0,8.0,201.0,0.0,11.1,17.5,5.7,3.8,11.7,12.9,6.96,31.1,Autumn
2019-05-26,303.0,10.6,271.0,0.0,13.6,18.4,9.8,9.5,12.3,14.2,7.04,31.1,Autumn
2019-05-27,275.0,14.0,478.0,0.6,14.9,20.1,10.6,9.6,15.0,15.1,7.25,31.1,Autumn
2019-05-28,10.0,7.5,181.0,4.4,16.6,20.2,10.6,11.4,15.7,15.6,5.6,31.7,Autumn
2019-05-29,101.0,8.8,209.0,3.1,13.3,18.8,6.5,4.4,11.6,13.9,11.25,35.5,Autumn
2019-05-30,257.0,6.0,160.0,0.0,13.3,20.1,5.9,3.3,12.2,13.1,9.1,35.0,Autumn
2019-05-31,274.0,16.3,476.0,9.2,14.1,17.4,10.3,9.6,13.1,13.8,4.62,37.0,Autumn
2019-06-01,311.0,13.0,261.0,3.5,10.6,14.0,7.3,5.8,9.9,11.6,4.44,38.5,Winter
2019-06-02,195.0,9.0,220.0,1.4,8.9,14.5,4.1,1.4,8.5,10.3,11.21,38.6,Winter
2019-06-03,246.0,8.8,246.0,0.0,8.1,14.6,2.6,0.0,8.5,10.2,9.35,37.5,Winter
2019-06-04,230.0,13.6,305.0,0.0,10.8,15.8,5.2,4.3,9.6,11.3,7.1,37.4,Winter
2019-06-05,110.0,12.5,244.0,12.1,13.1,16.8,7.5,6.6,12.9,12.5,4.68,40.2,Winter
2019-06-06,57.0,13.7,484.0,0.6,12.1,15.0,10.2,9.5,10.6,11.9,7.99,41.6,Winter
2019-06-07,301.0,18.5,310.0,11.3,10.8,13.3,8.9,7.8,10.2,11.2,5.53,45.6,Winter
2019-06-08,57.0,13.7,484.0,0.1,13.8,16.2,11.6,10.9,11.0,11.9,6.27,40.2,Winter
2019-06-09,306.0,13.7,345.0,0.0,11.4,16.9,5.8,5.0,9.3,11.9,10.94,38.3,Winter
2019-06-10,311.0,5.4,140.0,0.0,10.9,15.3,7.4,7.1,11.3,11.9,5.67,40.9,Winter
2019-06-11,86.0,5.4,134.0,0.0,10.7,17.4,5.6,4.5,10.7,11.8,9.4,40.8,Winter
2019-06-12,244.0,7.6,206.0,0.7,10.2,14.5,6.6,5.8,11.4,11.7,3.62,40.7,Winter
2019-06-13,36.0,6.2,190.0,0.0,9.4,16.1,3.8,3.3,10.7,11.1,7.69,40.7,Winter
2019-06-14,86.0,5.4,134.0,0.0,10.6,17.4,3.1,2.9,11.4,11.3,10.11,40.6,Winter
2019-06-15,58.0,13.1,403.0,1.1,14.0,17.6,11.5,10.4,13.2,13.2,7.16,40.6,Winter
2019-06-16,270.0,14.0,707.0,2.2,12.8,16.9,9.6,8.2,11.3,12.2,7.76,40.6,Winter
2019-06-17,231.0,17.0,426.0,1.9,10.4,14.6,5.8,4.5,10.3,11.1,7.32,41.1,Winter
2019-06-18,28.0,13.8,321.0,0.1,8.6,15.0,2.5,1.5,9.0,10.4,6.94,39.2,Winter
2019-06-19,28.0,13.8,321.0,0.0,8.4,14.9,1.3,0.4,9.2,9.0,6.66,39.2,Winter
2019-06-20,28.0,16.4,483.0,5.6,13.3,15.1,10.9,9.6,11.0,11.3,3.95,40.0,Winter
2019-06-21,268.0,13.3,476.0,10.1,13.7,16.7,9.3,9.1,14.1,13.6,3.7,47.3,Winter
2019-06-22,260.0,9.0,195.0,0.0,9.8,13.9,5.4,5.6,10.8,11.9,4.92,46.1,Winter
2019-06-23,247.0,11.2,293.0,4.5,10.7,15.1,6.9,7.2,11.2,11.5,7.78,47.3,Winter
2019-06-24,270.0,7.5,215.0,1.0,10.9,15.2,6.7,5.6,11.0,11.1,7.21,46.5,Winter
2019-06-25,270.0,15.4,388.0,1.7,10.4,14.9,5.0,3.9,10.0,11.2,9.23,46.2,Winter
2019-06-26,232.0,11.6,287.0,0.0,8.2,14.7,3.2,2.0,9.2,10.0,8.29,45.9,Winter
2019-06-27,210.0,9.2,172.0,0.7,7.9,14.5,0.8,0.1,9.1,9.2,8.74,45.7,Winter
2019-06-28,191.0,6.8,202.0,0.0,10.2,16.0,5.1,4.1,9.8,10.4,9.73,45.7,Winter
2019-06-29,191.0,6.8,202.0,0.0,10.7,15.1,5.0,3.6,10.0,10.3,10.02,45.6,Winter
2019-06-30,85.0,6.6,157.0,0.0,11.9,15.0,8.9,8.5,10.9,11.5,8.97,45.5,Winter
2019-07-01,284.0,14.0,427.0,5.9,13.7,15.5,11.8,10.6,13.1,12.7,4.23,47.7,Winter
2019-07-02,110.0,12.8,377.0,5.3,14.0,16.6,11.7,11.3,14.0,13.4,4.44,51.4,Winter
2019-07-03,4.0,13.9,518.0,3.3,16.4,18.1,14.9,15.2,16.3,15.0,3.47,51.2,Winter
2019-07-04,31.0,13.7,443.0,47.1,13.9,17.8,10.3,10.1,14.6,14.6,1.24,51.1,Winter
2019-07-05,218.0,9.0,211.0,0.0,8.8,13.0,2.9,1.7,9.5,11.4,7.05,51.5,Winter
2019-07-06,204.0,6.4,114.0,0.0,7.3,14.4,2.0,1.3,7.8,9.4,10.48,50.4,Winter
2019-07-07,209.0,5.1,150.0,0.0,6.9,13.6,0.9,0.0,8.2,8.9,9.63,50.9,Winter
2019-07-08,291.0,13.8,312.0,1.1,10.9,14.9,7.6,6.8,10.1,10.5,7.69,50.7,Winter
2019-07-09,285.0,11.9,231.0,0.3,8.8,14.0,4.6,3.9,10.3,10.2,8.08,50.7,Winter
2019-07-10,82.0,5.8,117.0,0.4,9.0,15.8,2.6,2.3,10.1,10.1,9.06,50.6,Winter
2019-07-11,266.0,18.0,457.0,0.2,11.5,16.3,5.3,4.9,11.9,11.7,9.19,50.5,Winter
2019-07-12,237.0,16.8,328.0,3.1,10.7,16.0,4.5,3.7,11.9,10.7,2.85,50.7,Winter
2019-07-13,266.0,18.0,457.0,0.1,12.1,17.0,5.7,5.3,11.9,11.6,9.1,50.9,Winter
2019-07-14,352.0,15.0,326.0,7.8,12.8,17.5,7.8,7.5,12.2,12.0,3.48,50.5,Winter
2019-07-15,80.0,11.4,369.0,1.3,11.7,15.6,7.5,5.9,10.4,10.9,9.45,51.1,Winter
2019-07-16,283.0,13.8,467.0,3.3,12.4,15.5,8.4,7.8,11.2,11.8,8.18,51.0,Winter
2019-07-17,275.0,15.6,473.0,2.3,12.0,15.5,7.8,7.4,10.4,11.1,10.7,51.1,Winter
2019-07-18,235.0,10.7,285.0,0.7,10.4,16.3,6.0,4.8,10.3,10.9,9.49,51.0,Winter
2019-07-19,48.0,15.3,352.0,17.7,11.4,15.2,4.7,4.0,12.0,11.4,4.38,50.5,Winter
2019-07-20,266.0,15.4,296.0,1.9,10.6,15.3,5.8,4.9,10.9,11.2,10.08,50.8,Winter
2019-07-21,82.0,5.8,117.0,0.2,8.3,15.6,3.5,2.7,9.3,10.1,9.67,50.9,Winter
2019-07-22,82.0,5.8,117.0,0.0,8.8,16.3,2.6,2.1,9.8,9.7,8.63,50.7,Winter
2019-07-23,31.0,9.4,199.0,0.0,9.1,15.5,4.5,3.7,9.9,10.0,7.77,49.9,Winter
2019-07-24,194.0,7.5,218.0,1.6,7.9,15.7,2.5,2.0,9.4,9.7,9.15,49.9,Winter
2019-07-25,230.0,10.3,230.0,0.0,8.1,15.2,1.7,0.7,10.2,9.8,8.86,49.8,Winter
2019-07-26,229.0,18.0,360.0,3.8,12.5,16.1,9.3,9.2,13.0,11.7,5.42,49.7,Winter
2019-07-27,282.0,16.2,674.0,0.0,13.3,16.9,11.0,9.4,12.3,12.5,9.57,50.6,Winter
2019-07-28,228.0,9.0,205.0,0.0,12.8,16.2,7.5,7.1,11.9,12.0,7.73,50.2,Winter
2019-07-29,303.0,10.6,271.0,0.7,13.6,17.3,9.8,9.6,13.4,13.0,7.04,49.7,Winter
2019-07-30,224.0,8.6,225.0,1.1,12.0,15.7,9.0,9.2,12.0,12.6,8.58,49.6,Winter
2019-07-31,231.0,13.4,321.0,2.8,9.0,13.6,5.7,5.0,9.4,10.9,8.88,49.6,Winter
2019-08-01,218.0,9.3,249.0,1.9,8.6,12.4,5.4,4.1,8.6,9.5,10.96,50.5,Winter
2019-08-02,231.0,13.4,321.0,3.8,10.9,14.8,7.2,5.9,9.5,10.1,7.97,50.5,Winter
2019-08-03,252.0,18.1,711.0,3.6,10.7,14.0,7.9,6.9,9.7,10.0,10.35,50.7,Winter
2019-08-04,277.0,21.1,706.0,9.4,11.5,15.2,7.5,6.3,10.7,10.9,8.87,50.5,Winter
2019-08-05,223.0,21.6,600.0,10.1,8.9,11.6,6.6,5.8,8.2,9.2,8.86,50.5,Winter
2019-08-06,218.0,9.3,249.0,2.1,9.4,14.1,5.0,3.8,9.4,9.5,10.29,50.8,Winter
2019-08-07,230.0,13.3,311.0,2.7,10.0,15.0,5.0,4.6,10.5,10.1,12.11,50.8,Winter
2019-08-08,275.0,23.4,751.0,6.9,11.9,16.2,9.6,8.9,12.3,11.7,6.47,50.6,Winter
2019-08-09,91.0,14.4,485.0,7.2,12.3,14.1,10.0,9.6,13.0,12.2,2.36,50.1,Winter
2019-08-10,265.0,20.1,688.0,2.6,13.7,18.3,10.4,9.7,12.4,12.5,10.99,50.2,Winter
2019-08-11,270.0,13.9,457.0,3.0,14.2,19.1,10.2,9.6,12.4,13.1,10.18,50.2,Winter
2019-08-12,286.0,24.4,763.0,5.6,12.4,16.0,9.5,9.2,11.5,12.2,9.04,50.0,Winter
2019-08-13,247.0,18.3,539.0,0.0,11.6,15.4,8.1,7.5,10.9,11.8,11.21,49.9,Winter
2019-08-14,247.0,18.3,539.0,0.0,11.3,15.1,7.0,6.0,10.4,11.3,11.69,50.3,Winter
2019-08-15,248.0,9.7,278.0,0.0,8.8,14.2,4.2,2.7,9.8,10.4,9.98,50.4,Winter
2019-08-16,259.0,12.4,297.0,0.0,10.1,14.6,6.8,5.9,9.9,10.9,9.13,50.2,Winter
2019-08-17,266.0,15.4,296.0,0.0,11.5,16.1,6.9,4.7,11.4,11.2,10.04,50.1,Winter
2019-08-18,195.0,10.4,356.0,0.0,9.7,11.0,8.6,8.3,9.8,11.0,3.74,50.1,Winter
2019-08-19,216.0,12.1,329.0,0.0,10.0,13.8,5.1,4.4,7.9,10.3,14.45,50.2,Winter
2019-08-20,276.0,13.7,344.0,0.0,11.5,14.4,8.0,6.8,10.2,11.1,9.07,50.1,Winter
2019-08-21,286.0,24.4,763.0,4.4,11.4,14.5,9.3,9.4,10.8,11.7,12.22,49.9,Winter
2019-08-22,286.0,24.4,763.0,5.7,11.8,15.0,9.5,9.0,10.9,11.7,10.22,50.0,Winter
2019-08-23,311.0,13.0,261.0,6.9,10.6,13.3,7.2,5.8,11.2,11.4,3.81,49.8,Winter
2019-08-24,216.0,12.1,329.0,0.5,11.1,15.3,6.9,6.0,9.6,10.8,13.99,50.1,Winter
2019-08-25,283.0,13.8,467.0,2.1,11.9,15.1,9.8,7.8,10.7,11.4,8.68,50.0,Winter
2019-08-26,247.0,24.6,919.0,1.5,13.1,16.8,10.6,9.6,10.9,12.0,12.19,49.9,Winter
2019-08-27,233.0,12.6,334.0,0.0,10.7,15.2,6.1,3.7,8.7,11.1,14.17,50.0,Winter
2019-08-28,209.0,9.0,256.0,0.0,9.4,15.7,4.6,2.9,9.1,10.9,11.88,49.8,Winter
2019-08-29,212.0,6.5,151.0,0.8,9.6,15.6,3.3,2.2,9.4,10.8,15.48,49.4,Winter
2019-08-30,76.0,13.4,379.0,0.0,10.6,16.4,3.7,2.6,10.9,11.2,11.53,49.2,Winter
2019-08-31,253.0,18.7,575.0,2.0,11.6,15.1,7.4,6.5,9.9,12.3,14.12,49.1,Winter
2019-09-01,212.0,6.5,151.0,0.0,9.6,16.2,3.5,2.7,9.4,12.0,15.53,49.0,Spring
2019-09-02,242.0,12.5,284.0,0.0,10.4,17.1,5.2,4.6,10.4,12.6,14.98,48.8,Spring
2019-09-03,279.0,8.0,312.0,0.9,13.7,15.2,11.6,11.5,14.5,13.5,2.23,49.5,Spring
2019-09-04,274.0,11.7,394.0,0.0,15.2,17.0,13.9,13.3,15.7,14.9,5.51,50.4,Spring
2019-09-05,183.0,13.9,775.0,1.8,14.2,17.7,10.8,10.8,13.7,14.6,8.83,50.4,Spring
2019-09-06,252.0,18.1,711.0,4.7,10.9,14.1,7.4,6.7,9.9,12.4,12.23,50.2,Spring
2019-09-07,234.0,12.5,341.0,0.6,11.4,15.8,7.0,5.8,9.7,11.7,14.25,50.7,Spring
2019-09-08,292.0,12.4,264.0,8.7,13.1,17.2,7.7,6.6,12.1,12.7,11.83,50.3,Spring
2019-09-09,292.0,12.4,264.0,9.0,12.4,18.2,7.7,6.9,12.4,13.3,11.05,50.3,Spring
2019-09-10,100.0,8.9,197.0,15.7,11.7,14.2,10.3,10.7,12.3,13.0,3.42,50.1,Spring
2019-09-11,247.0,18.3,539.0,0.5,10.9,15.4,7.1,6.4,10.6,12.4,12.03,50.4,Spring
2019-09-12,247.0,18.3,539.0,0.0,11.3,15.7,7.9,6.6,9.8,12.1,13.42,50.5,Spring
2019-09-13,227.0,16.7,445.0,0.2,12.1,16.6,8.6,6.3,11.1,12.7,13.98,50.5,Spring
2019-09-14,247.0,18.3,539.0,0.2,11.9,16.9,7.9,7.3,10.9,12.9,13.01,50.1,Spring
2019-09-15,262.0,7.9,170.0,0.0,11.5,18.0,5.9,4.3,10.9,13.1,14.34,49.7,Spring
2019-09-16,280.0,9.0,241.0,0.1,11.7,16.3,6.3,4.6,10.3,13.0,19.64,49.4,Spring
2019-09-17,321.0,12.2,244.0,1.4,14.1,17.9,9.5,7.8,12.7,14.0,14.37,49.1,Spring
2019-09-18,280.0,9.0,241.0,0.0,11.5,16.8,6.0,4.3,8.9,14.4,19.7,48.9,Spring
2019-09-19,39.0,7.6,174.0,0.0,11.5,17.8,5.4,4.3,10.1,14.3,18.79,48.9,Spring
2019-09-20,241.0,11.0,212.0,0.0,10.0,15.7,4.3,2.8,9.4,13.4,13.01,48.8,Spring
2019-09-21,231.0,10.6,215.0,0.0,10.7,18.2,3.9,2.1,9.3,13.2,20.26,48.7,Spring
2019-09-22,256.0,14.0,437.0,0.0,10.2,17.1,3.7,2.5,9.5,13.2,20.97,48.5,Spring
2019-09-23,17.0,11.6,342.0,0.0,18.3,21.8,16.0,14.0,13.4,19.5,20.3,41.9,Spring
2019-09-24,74.0,8.2,232.0,8.4,13.4,16.9,10.0,6.1,16.2,13.2,9.68,30.1,Spring
2019-09-25,295.0,17.8,448.0,6.9,16.8,19.2,12.0,10.9,15.2,16.2,3.16,19.5,Spring
2019-09-26,54.0,13.2,430.0,3.1,13.7,16.0,8.0,4.3,14.1,14.0,4.07,40.5,Spring
2019-09-27,257.0,16.7,454.0,3.6,14.6,18.7,11.7,8.6,13.1,17.1,21.8,21.2,Spring
2019-09-28,31.0,12.4,416.0,1.8,14.9,17.1,13.3,12.0,8.1,13.4,5.42,32.4,Spring
2019-09-29,197.0,7.4,202.0,0.3,15.7,20.5,10.8,8.2,14.9,20.1,20.62,18.5,Spring
2019-09-30,66.0,10.4,266.0,4.8,15.1,20.3,8.9,6.0,15.9,17.9,16.78,28.1,Spring
2019-10-01,282.0,13.9,456.0,4.7,15.6,17.4,14.2,12.7,10.9,14.8,5.17,47.9,Spring
2019-10-02,261.0,22.5,880.0,7.3,11.0,14.5,8.1,7.2,10.0,11.8,14.99,51.0,Spring
2019-10-03,233.0,12.6,334.0,0.9,10.4,14.8,6.9,4.3,9.8,11.8,12.49,51.3,Spring
2019-10-04,268.0,11.0,284.0,1.3,10.8,15.9,6.6,4.4,10.3,12.4,16.29,51.5,Spring
2019-10-05,262.0,7.9,170.0,0.0,11.9,17.8,5.2,3.5,11.9,13.0,14.1,51.1,Spring
2019-10-06,102.0,6.7,177.0,0.4,13.3,17.0,10.7,11.6,12.6,14.7,12.12,50.5,Spring
2019-10-07,189.0,10.5,250.0,2.7,16.1,21.0,12.6,9.5,11.8,19.1,19.27,11.6,Spring
2019-10-08,17.0,11.6,342.0,0.0,18.3,21.8,16.0,14.0,13.4,19.5,20.3,41.9,Spring
2019-10-09,17.0,11.6,342.0,0.0,18.3,21.8,16.0,14.0,13.4,19.5,20.3,41.9,Spring
2019-10-10,17.0,11.6,342.0,0.0,18.3,21.8,16.0,14.0,13.4,19.5,20.3,41.9,Spring
2019-10-11,17.0,11.6,342.0,0.0,18.3,21.8,16.0,14.0,13.4,19.5,20.3,41.9,Spring
2019-10-12,17.0,11.6,342.0,0.0,18.3,21.8,16.0,14.0,13.4,19.5,20.3,41.9,Spring
2019-10-13,17.0,11.6,342.0,0.0,18.3,21.8,16.0,14.0,13.4,19.5,20.3,41.9,Spring
2019-10-14,17.0,11.6,342.0,0.0,18.3,21.8,16.0,14.0,13.4,19.5,20.3,41.9,Spring
2019-10-15,17.0,11.6,342.0,0.0,18.3,21.8,16.0,14.0,13.4,19.5,20.3,41.9,Spring
2019-10-16,17.0,11.6,342.0,0.0,18.3,21.8,16.0,14.0,13.4,19.5,20.3,41.9,Spring
2019-10-17,224.0,12.3,357.0,0.0,14.2,17.2,10.7,9.2,13.1,14.7,11.31,51.2,Spring
2019-10-18,46.0,7.5,160.0,0.2,14.3,19.7,8.8,7.5,12.6,15.3,17.93,51.0,Spring
2019-10-19,241.0,15.6,548.0,3.0,15.0,19.0,10.8,8.4,13.4,16.0,17.6,50.6,Spring
2019-10-20,289.0,17.8,601.0,0.0,13.2,18.7,9.2,8.2,11.1,15.9,19.41,50.2,Spring
2019-10-21,281.0,15.9,482.0,2.8,12.7,18.6,7.4,5.7,11.6,15.4,19.86,49.8,Spring
2019-10-22,232.0,19.4,614.0,2.2,13.6,16.8,11.5,10.7,12.7,15.1,19.13,49.6,Spring
2019-10-23,248.0,21.2,580.0,6.4,11.7,15.2,9.0,7.3,9.7,13.8,22.42,50.0,Spring
2019-10-24,256.0,20.5,657.0,0.0,13.0,17.0,9.8,7.9,10.5,13.6,16.64,50.0,Spring
2019-10-25,63.0,13.4,470.0,0.0,12.6,16.2,9.8,7.0,9.0,13.3,16.49,49.7,Spring
2019-10-26,236.0,11.2,348.0,0.0,13.1,18.0,8.9,5.7,11.1,14.4,24.68,49.5,Spring
2019-10-27,270.0,16.1,613.0,0.0,15.3,21.4,9.8,6.6,11.4,16.4,27.23,49.2,Spring
2019-10-28,283.0,11.4,346.0,0.0,15.5,21.7,9.0,6.9,14.1,17.5,23.76,48.9,Spring
2019-10-29,224.0,15.7,491.0,1.8,13.6,17.4,10.3,8.0,11.6,16.8,16.11,48.6,Spring
2019-10-30,270.0,12.9,390.0,0.0,12.6,17.2,8.2,6.1,10.0,14.9,17.58,48.2,Spring
2019-10-31,244.0,13.6,471.0,0.2,14.5,18.2,9.6,8.1,11.6,16.2,25.4,47.6,Spring
2019-11-01,206.0,10.6,339.0,0.0,13.1,17.2,10.4,8.9,9.4,15.3,19.24,46.4,Spring
2019-11-02,216.0,10.8,340.0,0.0,13.9,18.4,8.5,5.9,11.1,16.3,26.58,45.1,Spring
2019-11-03,259.0,9.5,296.0,0.0,16.1,25.0,9.4,7.4,13.2,17.9,26.0,43.4,Spring
2019-11-04,279.0,8.8,164.0,0.0,17.1,26.4,10.3,8.2,12.9,19.2,26.79,41.1,Spring
2019-11-05,266.0,9.6,253.0,0.0,16.5,26.8,6.7,5.5,11.8,19.9,27.2,38.3,Spring
2019-11-06,234.0,7.2,182.0,0.0,16.2,23.7,8.3,7.4,12.4,19.6,17.39,35.4,Spring
2019-11-07,247.0,10.9,275.0,0.0,17.9,24.2,11.8,11.3,13.7,20.5,27.51,32.6,Spring
2019-11-08,257.0,14.2,414.0,0.0,18.5,22.1,15.2,13.3,16.7,20.6,21.14,29.5,Spring
2019-11-09,83.0,14.1,673.0,1.0,18.1,20.7,16.6,16.6,17.3,20.0,14.51,27.5,Spring
2019-11-10,352.0,22.2,553.0,10.5,17.8,21.4,12.0,12.1,17.4,19.5,14.65,29.9,Spring
2019-11-11,354.0,9.0,217.0,12.7,13.5,18.0,11.0,9.4,11.9,16.9,8.32,35.5,Spring
2019-11-12,211.0,13.0,378.0,4.2,12.2,17.1,7.6,6.2,10.3,15.8,22.28,42.3,Spring
2019-11-13,79.0,6.5,193.0,0.0,13.2,19.2,7.1,4.7,11.1,16.4,22.27,41.7,Spring
2019-11-14,172.0,7.6,211.0,4.9,15.8,20.0,10.4,8.6,13.1,16.8,22.5,41.6,Spring
2019-11-15,244.0,20.9,644.0,1.1,14.3,18.6,9.5,7.3,11.2,16.2,20.82,40.7,Spring
2019-11-16,222.0,9.9,254.0,0.0,15.7,21.8,8.3,7.1,14.1,17.2,24.85,39.1,Spring
2019-11-17,57.0,8.4,207.0,1.9,16.2,22.3,9.0,7.7,14.6,18.1,20.66,37.1,Spring
2019-11-18,22.0,7.6,173.0,2.8,16.2,22.6,11.2,11.7,15.2,18.1,11.27,35.8,Spring
2019-11-19,20.0,7.9,232.0,0.0,13.0,18.4,7.1,5.5,10.7,17.0,17.83,34.6,Spring
2019-11-20,244.0,8.6,242.0,0.0,13.9,21.1,5.4,4.2,12.2,16.8,21.31,33.0,Spring
2019-11-21,234.0,13.6,389.0,0.0,13.7,19.0,8.0,5.7,9.8,17.2,28.59,31.0,Spring
2019-11-22,227.0,11.0,311.0,0.0,13.3,20.3,5.2,4.1,10.9,17.4,27.63,28.7,Spring
2019-11-23,254.0,11.8,312.0,0.0,16.4,23.1,11.6,9.6,13.6,18.8,27.98,26.6,Spring
2019-11-24,70.0,7.3,224.0,0.0,16.9,21.6,13.1,13.1,15.0,19.7,26.39,24.5,Spring
2019-11-25,77.0,8.1,197.0,0.0,17.6,23.8,10.7,9.7,13.9,20.5,27.37,22.5,Spring
2019-11-26,72.0,5.8,127.0,0.0,17.1,24.6,9.9,9.4,15.2,20.5,15.99,20.9,Spring
2019-11-27,72.0,5.8,127.0,0.0,17.1,24.8,9.4,8.8,14.8,20.4,17.19,20.0,Spring
2019-11-28,236.0,9.8,258.0,0.0,17.3,22.6,11.3,10.8,15.5,20.1,13.97,19.2,Spring
2019-11-29,278.0,20.6,528.0,1.7,18.0,22.9,13.4,12.6,16.2,20.1,15.76,18.8,Spring
2019-11-30,118.0,7.6,212.0,0.0,17.5,22.7,11.5,11.0,15.7,20.2,24.97,18.5,Spring
2019-12-01,200.0,7.8,208.0,1.0,17.6,22.6,10.8,10.2,15.7,20.3,21.18,17.9,Summer
2019-12-02,222.0,9.5,240.0,0.0,19.1,22.5,16.2,15.5,17.5,20.5,16.65,17.4,Summer
2019-12-03,276.0,16.5,390.0,3.5,19.0,25.2,14.0,12.1,16.3,20.1,16.37,17.7,Summer
2019-12-04,8.0,9.8,293.0,0.0,18.2,25.3,10.8,10.1,14.5,20.6,22.9,17.7,Summer
2019-12-05,73.0,8.3,188.0,0.0,18.9,26.0,11.6,11.7,15.4,21.9,28.15,17.0,Summer
2019-12-06,29.0,11.1,255.0,0.2,18.4,25.1,12.1,11.8,16.5,21.9,22.02,16.5,Summer
2019-12-07,22.0,10.1,244.0,2.2,19.1,25.8,12.9,13.1,18.4,21.8,14.17,16.1,Summer
2019-12-08,54.0,7.6,168.0,10.2,19.6,24.8,14.2,14.2,19.2,21.3,16.18,16.9,Summer
2019-12-09,67.0,9.9,295.0,0.7,16.7,21.3,12.3,10.4,13.2,21.3,21.37,19.5,Summer
2019-12-10,233.0,12.5,288.0,0.0,16.6,22.4,11.2,8.6,11.5,20.7,28.24,18.5,Summer
2019-12-11,111.0,7.9,177.0,0.0,17.3,24.4,9.9,9.4,11.9,21.5,29.57,17.5,Summer
2019-12-12,230.0,10.1,211.0,0.0,18.1,25.6,11.0,10.8,15.2,21.7,20.7,16.7,Summer
2019-12-13,269.0,13.0,328.0,0.0,17.8,22.9,12.5,12.3,15.0,21.3,26.41,16.2,Summer
2019-12-14,118.0,7.6,212.0,2.0,18.3,23.2,11.6,10.6,15.8,21.6,23.96,15.9,Summer
2019-12-15,263.0,11.5,287.0,0.0,17.0,23.2,9.6,8.6,14.3,21.1,18.4,15.7,Summer
2019-12-16,112.0,10.7,381.0,0.6,19.4,23.4,15.0,14.6,18.7,21.2,10.01,15.6,Summer
2019-12-17,332.0,6.9,152.0,24.1,18.1,22.4,12.8,11.8,18.1,19.8,5.72,18.8,Summer
2019-12-18,251.0,16.3,529.0,5.3,16.2,20.0,12.7,9.8,12.5,18.2,29.03,24.1,Summer
2019-12-19,254.0,11.8,312.0,0.0,15.8,22.0,10.5,7.9,11.9,19.1,26.93,23.5,Summer
2019-12-20,268.0,12.8,303.0,3.4,15.3,22.2,9.5,8.9,13.8,18.6,14.09,23.0,Summer
2019-12-21,70.0,6.6,149.0,0.0,15.3,20.9,8.8,7.4,10.9,18.3,21.12,23.2,Summer
2019-12-22,215.0,13.1,363.0,0.0,16.2,21.9,9.8,7.5,10.2,19.0,29.91,22.1,Summer
2019-12-23,246.0,9.6,257.0,0.0,16.8,21.2,13.3,12.0,14.7,19.2,14.04,20.8,Summer
2019-12-24,238.0,9.9,236.0,0.0,17.5,20.9,14.3,13.6,16.1,19.6,13.81,20.0,Summer
2019-12-25,248.0,12.8,327.0,0.0,17.0,22.6,11.4,11.0,14.2,20.5,23.16,19.4,Summer
2019-12-26,200.0,7.8,208.0,0.0,17.3,23.2,10.6,10.6,14.5,21.4,20.83,18.3,Summer
2019-12-27,81.0,7.3,251.0,0.0,16.6,22.8,10.4,9.1,13.1,21.7,26.84,17.5,Summer
2019-12-28,233.0,11.8,329.0,1.1,15.1,20.4,9.4,7.7,11.7,20.6,27.02,16.9,Summer
2019-12-29,94.0,7.8,244.0,0.0,14.7,21.2,5.7,5.9,10.9,20.4,29.39,16.4,Summer
2019-12-30,244.0,6.9,181.0,0.3,16.4,20.8,9.7,9.3,15.3,19.7,10.31,16.0,Summer
2019-12-31,269.0,17.3,485.0,0.0,18.5,24.2,14.4,12.7,14.4,21.3,21.61,15.9,Summer
2020-01-01,17.0,11.6,342.0,0.0,18.3,21.8,16.0,14.0,13.4,19.5,20.3,41.9,Summer
2020-01-02,74.0,7.4,176.0,0.0,17.8,22.3,12.7,10.8,14.8,21.8,26.59,15.2,Summer
2020-01-03,87.0,7.8,230.0,0.5,18.8,22.5,14.9,14.3,15.1,21.4,19.51,14.9,Summer
2020-01-04,244.0,17.2,418.0,0.0,16.8,20.5,13.2,11.9,11.2,20.1,24.65,14.6,Summer
2020-01-05,7.0,7.9,208.0,0.0,16.5,20.0,12.5,10.7,13.2,19.4,12.57,14.4,Summer
2020-01-06,241.0,18.3,684.0,2.7,17.6,20.8,13.8,14.2,13.7,19.4,26.74,14.5,Summer
2020-01-07,238.0,13.7,397.0,0.0,15.7,19.0,12.2,9.8,10.9,18.2,16.41,14.3,Summer
2020-01-08,234.0,16.0,417.0,0.1,14.8,20.8,10.7,8.5,11.7,18.4,17.53,14.2,Summer
2020-01-09,233.0,10.3,280.0,0.0,15.4,20.9,9.6,7.8,11.7,19.1,19.03,14.1,Summer
2020-01-10,265.0,12.3,351.0,0.0,16.5,22.1,10.6,9.4,12.5,19.8,24.05,13.9,Summer
2020-01-11,254.0,9.7,217.0,0.0,16.7,24.4,8.2,7.2,12.8,21.6,27.51,13.8,Summer
2020-01-12,251.0,10.2,280.0,0.0,17.1,25.1,8.7,7.3,13.2,23.2,27.67,13.6,Summer
2020-01-13,59.0,7.0,179.0,0.0,17.7,26.2,8.5,8.1,13.5,23.7,26.86,13.4,Summer
2020-01-14,286.0,16.2,581.0,4.6,17.3,22.3,14.7,15.0,15.7,23.1,15.17,13.5,Summer
2020-01-15,236.0,11.2,338.0,2.2,16.9,20.7,14.2,13.5,15.8,21.4,14.04,14.1,Summer
2020-01-16,67.0,8.4,231.0,0.0,17.5,22.1,13.6,13.6,13.2,22.3,30.01,13.9,Summer
2020-01-17,122.0,9.9,230.0,0.0,16.8,23.0,11.1,10.2,12.2,22.6,28.86,13.7,Summer
2020-01-18,272.0,8.9,216.0,0.0,16.7,23.1,9.5,8.2,13.4,21.8,15.13,13.5,Summer
2020-01-19,40.0,7.6,200.0,0.0,18.6,27.1,9.3,9.2,13.2,23.0,29.56,13.4,Summer
2020-01-20,224.0,11.8,297.0,0.0,19.1,27.6,10.9,9.8,15.1,23.6,20.65,13.3,Summer
2020-01-21,225.0,7.6,243.0,0.0,20.0,26.5,15.2,14.3,15.4,24.3,26.97,13.2,Summer
2020-01-22,121.0,7.1,218.0,0.0,17.4,23.6,9.9,10.6,13.4,23.1,20.9,13.1,Summer
2020-01-23,251.0,10.2,280.0,0.0,18.0,25.4,7.0,7.0,14.2,22.9,27.44,12.9,Summer
2020-01-24,225.0,7.6,243.0,0.0,21.8,27.7,15.9,13.5,17.8,24.6,24.35,12.9,Summer
2020-01-25,40.0,7.6,200.0,0.0,19.8,27.2,10.3,10.8,14.9,24.7,30.67,12.8,Summer
2020-01-26,186.0,7.6,227.0,0.0,21.4,29.0,14.2,14.6,16.9,25.7,27.26,12.7,Summer
2020-01-27,238.0,8.6,211.0,0.0,20.4,27.5,13.8,12.6,16.0,26.1,28.47,12.6,Summer
2020-01-28,52.0,10.2,268.0,0.0,19.8,26.0,12.3,11.9,18.1,24.9,15.61,12.5,Summer
2020-01-29,244.0,11.2,409.0,0.0,21.8,27.8,17.4,16.9,18.5,25.1,23.6,12.4,Summer
2020-01-30,252.0,12.7,350.0,0.0,22.4,28.0,18.2,17.7,18.3,25.3,25.22,12.3,Summer
2020-01-31,225.0,7.6,243.0,0.0,22.0,27.7,17.4,15.1,16.8,25.1,25.34,12.3,Summer
2020-02-01,106.0,8.0,220.0,0.0,21.2,28.7,15.0,14.0,16.7,25.0,29.8,12.2,Summer
2020-02-02,225.0,7.6,243.0,0.0,21.2,27.3,15.9,13.9,17.3,24.8,27.68,12.1,Summer
2020-02-03,186.0,7.6,227.0,0.0,22.3,29.5,17.4,15.9,18.4,25.5,28.42,12.0,Summer
2020-02-04,186.0,7.6,227.0,0.0,22.0,29.3,14.0,13.8,18.0,26.0,27.26,11.9,Summer
2020-02-05,262.0,13.0,336.0,0.0,19.5,23.9,13.5,11.3,12.6,24.4,22.44,11.8,Summer
2020-02-06,258.0,8.0,186.0,0.0,16.7,23.5,8.6,8.3,11.3,22.6,19.65,11.7,Summer
2020-02-07,99.0,8.9,290.0,0.0,19.6,25.6,13.6,11.2,14.0,24.0,28.99,11.7,Summer
2020-02-08,89.0,7.9,168.0,0.0,18.7,26.3,11.8,11.0,14.3,24.4,22.74,11.6,Summer
2020-02-09,68.0,9.8,238.0,0.0,17.1,23.4,9.9,8.1,11.1,23.5,26.31,11.5,Summer
2020-02-10,110.0,8.7,224.0,0.0,16.3,24.5,8.1,6.6,11.6,23.3,28.32,11.4,Summer
2020-02-11,59.0,7.0,179.0,0.0,16.9,25.5,9.3,8.0,12.5,23.7,27.63,11.3,Summer
2020-02-12,40.0,7.6,200.0,0.0,17.6,26.1,9.9,8.2,13.4,24.3,28.5,11.3,Summer
2020-02-13,270.0,8.7,221.0,0.0,18.7,26.6,10.0,8.9,14.9,24.6,22.87,11.2,Summer
2020-02-14,76.0,7.2,197.0,0.0,19.1,27.3,11.7,11.0,16.3,25.0,24.35,11.2,Summer
2020-02-15,276.0,15.3,619.0,0.0,20.5,23.8,17.6,17.5,16.5,24.1,14.04,11.1,Summer
2020-02-16,245.0,9.2,274.0,0.0,21.1,25.3,19.2,18.7,17.8,23.7,13.58,11.1,Summer
2020-02-17,221.0,10.3,228.0,0.2,21.0,26.4,14.6,14.6,18.8,24.0,17.25,11.1,Summer
2020-02-18,267.0,14.5,370.0,0.0,20.2,26.7,13.6,13.4,17.3,24.5,20.46,11.1,Summer
2020-02-19,275.0,9.9,253.0,2.8,20.9,26.7,16.2,16.0,18.6,24.4,15.75,11.2,Summer
2020-02-20,247.0,9.8,285.0,0.0,21.7,28.8,14.5,14.1,16.6,24.1,23.13,11.3,Summer
2020-02-21,289.0,13.8,437.0,0.0,21.2,29.5,13.6,13.0,16.5,24.5,21.07,11.2,Summer
2020-02-22,264.0,13.7,313.0,1.4,20.6,26.2,16.2,15.4,18.5,23.5,13.66,11.2,Summer
2020-02-23,253.0,13.6,377.0,0.0,18.4,23.2,13.6,11.9,12.3,21.6,26.03,11.2,Summer
2020-02-24,67.0,8.4,210.0,0.0,18.6,25.8,11.9,11.3,11.5,22.7,28.1,11.1,Summer
2020-02-25,266.0,7.2,194.0,0.0,17.7,25.8,9.3,7.8,13.3,23.1,22.27,11.1,Summer
2020-02-26,103.0,8.6,222.0,0.0,19.0,27.2,8.9,9.8,13.8,24.0,26.94,11.0,Summer
2020-02-27,89.0,7.9,168.0,0.0,19.7,26.4,13.0,13.4,17.2,24.7,20.81,11.0,Summer
2020-02-28,254.0,9.2,212.0,0.0,20.1,27.5,13.4,13.0,17.3,24.8,21.52,10.9,Summer
2020-02-29,267.0,14.5,370.0,0.0,21.0,27.1,15.0,14.4,18.2,24.5,18.79,10.9,Summer
2020-03-01,52.0,10.2,268.0,0.0,20.0,25.5,13.8,13.3,18.2,24.1,15.6,10.9,Autumn
2020-03-02,180.0,7.8,200.0,0.0,20.6,23.7,17.8,19.3,16.9,23.4,10.28,10.9,Autumn
2020-03-03,33.0,8.6,229.0,0.2,21.1,26.0,18.0,18.1,20.2,23.3,10.56,10.8,Autumn
2020-03-04,263.0,8.2,178.0,2.6,20.3,25.7,15.6,15.3,20.0,22.9,14.53,11.1,Autumn
2020-03-05,284.0,5.6,155.0,0.3,18.1,21.0,15.3,16.3,16.1,20.8,6.52,11.0,Autumn
2020-03-06,100.0,13.7,510.0,0.0,18.7,22.4,15.7,14.6,13.1,20.8,20.6,11.0,Autumn
2020-03-07,53.0,8.7,210.0,0.0,18.9,24.0,12.6,12.0,13.2,21.5,22.02,11.0,Autumn
2020-03-08,64.0,8.9,212.0,0.0,16.9,24.3,9.6,8.1,12.7,21.5,23.53,11.0,Autumn
2020-03-09,6.0,6.4,134.0,1.2,19.0,25.8,13.0,12.8,17.0,21.9,12.9,10.9,Autumn
2020-03-10,224.0,13.5,352.0,0.0,18.3,23.6,13.7,14.0,14.8,20.7,21.24,11.0,Autumn
2020-03-11,261.0,19.3,422.0,3.1,16.6,22.8,12.7,11.7,15.4,19.8,19.14,11.0,Autumn
2020-03-12,200.0,7.8,208.0,0.0,16.8,22.1,11.1,10.3,14.7,19.6,20.07,10.9,Autumn
2020-03-13,226.0,15.7,448.0,0.0,17.4,22.2,12.2,10.8,13.2,19.7,19.6,10.9,Autumn
2020-03-14,250.0,11.9,311.0,0.0,17.2,24.3,11.5,10.4,13.5,20.7,23.45,10.9,Autumn
2020-03-15,77.0,6.7,170.0,0.0,16.8,26.4,8.8,7.9,13.0,20.9,20.27,10.9,Autumn
2020-03-16,80.0,6.4,144.0,0.0,16.3,23.3,10.5,9.9,13.8,20.3,11.28,10.8,Autumn
2020-03-17,268.0,12.2,321.0,2.5,17.9,22.6,14.6,13.4,11.7,19.6,16.43,11.2,Autumn
2020-03-18,219.0,13.1,342.0,0.0,15.0,21.0,8.1,6.5,8.2,18.6,24.42,11.1,Autumn
2020-03-19,8.0,6.8,173.0,0.4,13.7,22.4,5.6,4.3,12.0,18.0,17.33,11.0,Autumn
2020-03-20,22.0,7.6,173.0,1.6,16.8,22.6,11.6,11.8,16.1,18.9,12.48,11.0,Autumn
2020-03-21,138.0,5.1,125.0,0.0,16.6,21.8,11.1,10.7,14.7,18.6,10.21,11.0,Autumn
2020-03-22,230.0,8.6,217.0,0.0,18.1,27.3,10.5,10.0,14.5,19.2,20.0,11.0,Autumn
2020-03-23,181.0,8.7,260.0,6.0,19.0,22.2,14.6,15.0,17.0,19.7,10.06,11.2,Autumn
2020-03-24,264.0,13.8,536.0,1.1,15.4,19.2,10.6,9.6,11.3,17.1,13.97,11.7,Autumn
2020-03-25,105.0,11.7,269.0,0.6,14.5,21.7,8.8,8.2,12.1,17.0,19.29,11.5,Autumn
2020-03-26,70.0,6.6,149.0,0.2,14.2,22.0,8.1,6.5,11.7,17.2,19.28,11.6,Autumn
2020-03-27,212.0,7.3,183.0,0.2,14.0,20.2,8.6,7.1,12.1,16.8,15.15,11.5,Autumn
2020-03-28,70.0,6.6,149.0,0.0,13.7,20.8,7.8,6.2,10.8,16.6,19.94,11.4,Autumn
2020-03-29,70.0,6.6,149.0,0.0,14.4,21.0,8.1,6.3,11.8,17.3,20.37,11.4,Autumn
2020-03-30,237.0,8.7,185.0,3.0,15.0,21.0,9.1,8.2,14.5,17.7,12.14,11.7,Autumn
2020-03-31,272.0,9.4,222.0,0.0,15.7,23.3,8.4,8.1,13.9,18.0,16.93,11.8,Autumn
2020-04-01,89.0,7.2,149.0,0.0,15.8,24.0,8.4,7.7,13.6,18.2,16.71,11.8,Autumn
2020-04-02,272.0,8.9,216.0,0.0,15.7,23.7,8.0,6.9,12.5,18.1,16.79,11.7,Autumn
2020-04-03,68.0,9.7,244.0,0.0,15.2,23.3,8.3,7.4,13.6,18.3,17.52,11.6,Autumn
2020-04-04,105.0,11.7,269.0,0.0,15.3,21.6,8.8,7.4,13.2,18.3,17.49,11.5,Autumn
2020-04-05,91.0,8.3,152.0,0.0,16.1,21.0,8.8,8.3,11.9,18.4,16.72,11.4,Autumn
2020-04-06,304.0,5.1,151.0,0.0,15.1,20.1,10.4,9.2,11.5,18.1,10.75,11.4,Autumn
2020-04-07,212.0,7.3,183.0,0.0,14.4,21.9,6.8,6.7,11.5,17.9,15.98,11.3,Autumn
2020-04-08,21.0,4.5,94.0,0.4,15.8,21.3,10.8,9.9,13.6,18.1,10.7,11.3,Autumn
2020-04-09,172.0,7.4,167.0,1.7,15.3,19.2,12.0,9.0,11.2,16.6,13.15,11.3,Autumn
2020-04-10,227.0,12.1,301.0,0.0,14.4,20.5,8.0,6.4,9.9,16.0,17.8,11.3,Autumn
2020-04-11,278.0,5.4,180.0,0.0,12.7,19.7,5.3,4.1,11.2,15.4,8.01,11.2,Autumn
2020-04-12,259.0,10.2,333.0,0.0,15.4,22.5,6.1,5.4,13.7,16.1,11.12,11.2,Autumn
2020-04-13,29.0,8.7,183.0,9.0,17.2,22.3,14.3,12.8,15.0,17.3,14.4,11.9,Autumn
2020-04-14,264.0,13.8,536.0,1.7,14.9,18.2,12.3,11.8,10.3,15.1,12.15,11.9,Autumn
2020-04-15,232.0,11.2,298.0,0.5,14.1,18.0,10.8,10.2,11.7,14.7,11.85,11.8,Autumn
2020-04-16,254.0,13.4,396.0,2.1,14.8,20.1,11.3,10.0,13.7,15.1,9.88,12.1,Autumn
2020-04-17,10.0,7.5,181.0,6.8,17.4,21.7,11.4,9.6,16.8,16.5,7.37,12.9,Autumn
2020-04-18,257.0,11.9,330.0,2.1,17.6,21.8,14.1,11.9,16.2,17.2,9.97,14.2,Autumn
2020-04-19,276.0,10.3,311.0,0.4,16.9,20.8,13.9,12.6,15.9,16.9,8.48,13.9,Autumn
2020-04-20,44.0,5.0,131.0,0.0,15.1,19.3,11.8,11.1,15.3,16.5,5.42,13.8,Autumn
2020-04-21,219.0,7.6,184.0,1.2,14.4,18.1,10.0,8.7,15.1,15.9,4.02,13.8,Autumn
2020-04-22,78.0,7.2,139.0,0.6,12.6,21.5,5.2,4.8,11.8,15.1,16.79,13.8,Autumn
2020-04-23,261.0,12.3,264.0,0.6,15.0,20.3,9.2,8.9,14.1,15.8,8.57,13.7,Autumn
2020-04-24,233.0,14.0,423.0,0.0,16.7,22.5,12.2,10.2,13.6,16.8,15.07,13.6,Autumn
2020-04-25,65.0,6.2,142.0,0.0,13.7,20.8,8.0,6.9,11.9,15.3,15.04,13.5,Autumn
2020-04-26,77.0,7.2,174.0,0.0,13.9,21.6,7.2,5.7,12.1,15.1,13.93,13.4,Autumn
2020-04-27,269.0,10.0,208.0,0.0,12.7,21.4,4.5,2.6,11.6,14.7,14.85,13.3,Autumn
2020-04-28,60.0,9.8,221.0,0.0,15.4,20.2,7.9,6.5,13.0,16.1,14.57,13.2,Autumn
2020-04-29,269.0,10.0,208.0,0.0,12.7,20.5,6.2,4.7,11.0,14.7,14.02,13.0,Autumn
2020-04-30,278.0,5.4,180.0,0.0,12.9,18.9,6.4,4.4,10.8,14.5,8.0,12.9,Autumn
2020-05-01,303.0,10.6,271.0,0.0,14.0,19.0,9.0,9.1,11.0,15.4,6.61,12.9,Autumn
2020-05-02,44.0,5.0,131.0,1.2,16.4,20.0,11.4,12.1,14.6,15.9,5.84,12.9,Autumn
2020-05-03,59.0,20.3,563.0,31.0,18.2,19.5,16.9,17.0,18.1,17.0,1.85,15.4,Autumn
2020-05-04,94.0,9.4,195.0,4.3,15.6,20.2,11.7,11.1,13.9,16.1,11.48,18.1,Autumn
2020-05-05,286.0,14.0,573.0,9.4,12.1,17.7,7.9,6.5,11.2,13.9,10.15,19.7,Autumn
2020-05-06,232.0,16.1,361.0,4.1,10.5,15.9,3.8,2.0,8.4,12.2,14.76,21.0,Autumn
2020-05-07,340.0,14.4,338.0,0.3,10.8,18.2,1.6,0.9,10.7,12.1,11.29,20.8,Autumn
2020-05-08,79.0,8.5,202.0,0.2,14.0,20.2,7.9,6.2,11.8,13.9,11.42,20.7,Autumn
2020-05-09,230.0,10.0,216.0,0.0,12.4,19.3,6.0,4.7,11.4,13.2,13.84,20.7,Autumn
2020-05-10,106.0,10.2,253.0,0.0,15.4,19.5,8.8,8.8,13.8,14.7,8.97,20.6,Autumn
2020-05-11,98.0,13.4,453.0,0.3,15.3,18.5,12.7,12.4,12.4,15.1,7.69,20.5,Autumn
2020-05-12,98.0,13.4,453.0,0.9,15.3,18.0,12.4,12.7,12.3,15.0,8.84,20.3,Autumn
2020-05-13,268.0,14.0,743.0,3.6,15.6,18.0,13.3,13.4,13.0,15.0,7.47,20.3,Autumn
2020-05-14,183.0,13.9,775.0,1.5,14.5,17.6,11.5,11.6,13.0,15.1,8.4,21.5,Autumn
2020-05-15,270.0,13.9,457.0,0.1,13.8,18.1,10.4,8.9,12.0,14.8,10.41,21.4,Autumn
2020-05-16,172.0,7.4,167.0,0.0,13.5,18.6,8.2,7.1,11.3,14.3,13.13,21.3,Autumn
2020-05-17,270.0,13.9,457.0,1.3,13.5,17.1,9.0,7.5,11.9,13.8,8.94,21.3,Autumn
2020-05-18,9.0,9.0,268.0,0.1,13.1,17.4,6.6,5.0,10.6,13.8,12.2,21.2,Autumn
2020-05-19,211.0,9.3,216.0,0.0,10.8,17.7,5.0,3.4,9.3,12.3,13.71,21.1,Autumn
2020-05-20,258.0,9.4,210.0,0.0,9.8,15.7,4.3,1.8,8.6,11.7,13.51,20.9,Autumn
2020-05-21,340.0,14.4,338.0,0.0,10.5,16.8,1.6,1.2,9.5,11.5,11.15,20.7,Autumn
2020-05-22,72.0,5.8,125.0,0.0,11.2,17.5,4.9,4.2,9.6,12.1,13.31,20.5,Autumn
2020-05-23,253.0,10.7,233.0,0.0,9.5,15.3,2.9,0.8,9.9,11.1,8.85,20.5,Autumn
2020-05-24,334.0,13.8,363.0,13.5,15.7,17.7,13.5,13.4,16.3,13.9,2.17,21.7,Autumn
2020-05-25,356.0,12.8,311.0,4.9,17.6,20.8,15.6,16.4,18.4,16.2,3.26,24.8,Autumn
2020-05-26,75.0,15.0,523.0,10.5,16.1,19.4,14.6,15.2,16.9,16.6,6.05,26.4,Autumn
2020-05-27,55.0,16.8,521.0,19.3,14.0,16.4,12.1,12.6,14.2,15.4,3.51,28.6,Autumn
2020-05-28,248.0,9.8,266.0,0.0,13.3,17.4,8.7,8.2,12.8,14.5,7.27,28.0,Autumn
2020-05-29,284.0,14.0,427.0,3.2,13.2,15.1,10.4,9.6,13.4,14.0,3.81,29.1,Autumn
2020-05-30,303.0,10.6,271.0,0.4,13.5,18.7,10.0,8.9,14.0,14.5,7.92,29.7,Autumn
2020-05-31,78.0,18.3,432.0,36.8,14.4,16.8,12.8,13.3,14.7,14.5,2.07,32.8,Autumn
2020-06-01,67.0,13.8,572.0,25.0,15.0,18.6,13.2,13.2,15.1,15.1,6.55,34.1,Winter
2020-06-02,231.0,12.4,294.0,0.5,13.9,17.4,7.9,7.2,13.0,14.4,8.66,32.7,Winter
2020-06-03,273.0,9.6,301.0,21.8,12.7,17.6,5.7,5.5,12.7,13.1,7.6,34.5,Winter
2020-06-04,242.0,12.3,308.0,1.0,15.2,18.7,10.9,9.3,13.4,14.3,7.8,35.0,Winter
2020-06-05,261.0,13.6,311.0,6.2,12.6,16.5,8.7,6.9,12.2,13.0,6.79,35.0,Winter
2020-06-06,226.0,11.4,264.0,0.0,12.0,15.9,7.6,7.4,11.6,12.7,8.62,35.6,Winter
2020-06-07,252.0,16.9,575.0,3.0,11.1,14.6,7.9,6.3,10.1,11.9,8.61,35.8,Winter
2020-06-08,262.0,8.2,192.0,0.0,9.4,15.5,4.3,3.0,9.9,10.9,9.33,35.0,Winter
2020-06-09,17.0,11.6,342.0,0.0,18.3,21.8,16.0,14.0,13.4,19.5,20.3,41.9,Winter
2020-06-10,17.0,11.6,342.0,0.0,18.3,21.8,16.0,14.0,13.4,19.5,20.3,41.9,Winter
2020-06-11,17.0,11.6,342.0,0.0,18.3,21.8,16.0,14.0,13.4,19.5,20.3,41.9,Winter
2020-06-12,17.0,11.6,342.0,0.0,18.3,21.8,16.0,14.0,13.4,19.5,20.3,41.9,Winter
2020-06-13,17.0,11.6,342.0,0.0,18.3,21.8,16.0,14.0,13.4,19.5,20.3,41.9,Winter
2020-06-14,17.0,11.6,342.0,0.0,18.3,21.8,16.0,14.0,13.4,19.5,20.3,41.9,Winter
2020-06-15,17.0,11.6,342.0,0.0,18.3,21.8,16.0,14.0,13.4,19.5,20.3,41.9,Winter
2020-06-16,17.0,11.6,342.0,0.0,18.3,21.8,16.0,14.0,13.4,19.5,20.3,41.9,Winter
2020-06-17,17.0,11.6,342.0,0.0,18.3,21.8,16.0,14.0,13.4,19.5,20.3,41.9,Winter
2020-06-18,17.0,11.6,342.0,0.0,18.3,21.8,16.0,14.0,13.4,19.5,20.3,41.9,Winter
2020-06-19,17.0,11.6,342.0,0.0,18.3,21.8,16.0,14.0,13.4,19.5,20.3,41.9,Winter
2020-06-20,17.0,11.6,342.0,0.0,18.3,21.8,16.0,14.0,13.4,19.5,20.3,41.9,Winter
2020-06-21,17.0,11.6,342.0,0.0,18.3,21.8,16.0,14.0,13.4,19.5,20.3,41.9,Winter
2020-06-22,17.0,11.6,342.0,0.0,18.3,21.8,16.0,14.0,13.4,19.5,20.3,41.9,Winter
2020-06-23,17.0,11.6,342.0,0.0,18.3,21.8,16.0,14.0,13.4,19.5,20.3,41.9,Winter
2020-06-24,63.0,15.6,575.0,20.7,18.3,19.5,17.2,16.9,19.5,17.5,2.04,28.0,Winter
2020-06-25,126.0,14.3,248.0,16.5,13.1,17.0,8.1,5.7,13.8,13.7,7.81,48.9,Winter
2020-06-26,246.0,17.9,390.0,23.3,15.0,18.3,12.8,10.7,15.4,14.2,5.81,44.9,Winter
2020-06-27,277.0,13.2,452.0,7.9,15.7,18.7,12.9,12.8,15.8,14.9,6.65,51.2,Winter
2020-06-28,346.0,9.2,217.0,4.2,11.6,17.1,6.2,5.2,11.8,13.0,8.12,45.0,Winter
2020-06-29,17.0,11.6,342.0,0.0,18.3,21.8,16.0,14.0,13.4,19.5,20.3,41.9,Winter
2020-06-30,17.0,11.6,342.0,0.0,18.3,21.8,16.0,14.0,13.4,19.5,20.3,41.9,Winter
2020-07-01,17.0,11.6,342.0,0.0,18.3,21.8,16.0,14.0,13.4,19.5,20.3,41.9,Winter
2020-07-02,17.0,11.6,342.0,0.0,18.3,21.8,16.0,14.0,13.4,19.5,20.3,41.9,Winter
2020-07-03,17.0,11.6,342.0,0.0,18.3,21.8,16.0,14.0,13.4,19.5,20.3,41.9,Winter
2020-07-04,17.0,11.6,342.0,0.0,18.3,21.8,16.0,14.0,13.4,19.5,20.3,41.9,Winter
2020-07-05,17.0,11.6,342.0,0.0,18.3,21.8,16.0,14.0,13.4,19.5,20.3,41.9,Winter
2020-07-06,17.0,11.6,342.0,0.0,18.3,21.8,16.0,14.0,13.4,19.5,20.3,41.9,Winter
2020-07-07,228.0,21.6,773.0,0.4,15.5,18.2,12.8,10.9,14.0,18.4,29.15,17.7,Winter
2020-07-08,258.0,13.7,349.0,11.8,9.5,12.0,5.7,5.6,9.8,9.8,7.08,51.5,Winter
2020-07-09,254.0,12.9,301.0,2.5,8.7,13.4,2.0,-1.8,9.4,9.3,8.73,51.7,Winter
2020-07-10,66.0,5.6,107.0,0.0,7.0,14.1,0.7,-2.2,9.3,8.5,8.67,48.2,Winter
2020-07-11,81.0,4.9,89.0,0.0,8.7,14.8,3.8,0.6,10.3,9.3,10.41,47.6,Winter
2020-07-12,25.0,10.3,207.0,0.0,9.4,15.2,2.9,-0.7,10.4,9.5,7.91,47.2,Winter
2020-07-13,265.0,9.2,243.0,0.0,12.0,17.5,7.9,6.2,12.1,10.9,8.38,47.0,Winter
2020-07-14,88.0,13.7,479.0,0.0,12.2,16.0,8.1,6.5,13.5,11.5,3.82,46.9,Winter
2020-07-15,357.0,13.8,419.0,17.8,12.9,15.5,8.7,8.4,13.9,12.0,1.62,48.2,Winter
2020-07-16,82.0,13.6,511.0,27.1,14.0,16.1,12.0,12.0,15.4,13.2,2.94,52.2,Winter
2020-07-17,276.0,12.4,285.0,16.9,13.9,16.0,11.2,12.0,14.9,13.6,2.48,52.4,Winter
2020-07-18,158.0,13.6,355.0,15.6,14.1,16.6,11.8,11.7,15.0,13.9,3.98,52.2,Winter
2020-07-19,268.0,14.0,743.0,0.9,14.2,16.6,13.2,11.8,14.0,14.2,6.23,51.2,Winter
2020-07-20,275.0,19.9,717.0,0.9,14.0,17.3,11.1,11.7,14.9,14.1,5.3,49.4,Winter
2020-07-21,271.0,23.6,624.0,6.4,12.6,16.1,8.9,6.9,13.1,13.3,5.99,50.3,Winter
2020-07-22,256.0,18.3,624.0,11.8,10.2,13.3,7.5,5.9,10.1,10.8,7.26,51.4,Winter
2020-07-23,247.0,24.6,919.0,2.2,12.8,16.1,10.7,9.2,11.3,11.4,11.67,51.7,Winter
2020-07-24,250.0,13.6,354.0,1.2,11.1,15.0,6.0,2.0,10.9,11.4,7.86,51.5,Winter
2020-07-25,92.0,11.1,251.0,0.0,8.2,13.9,1.4,-0.5,9.4,10.0,8.63,50.4,Winter
2020-07-26,211.0,11.9,280.0,0.1,9.2,14.2,5.2,1.9,9.9,10.0,5.6,49.6,Winter
2020-07-27,79.0,3.8,84.0,0.0,8.5,15.5,2.6,-0.3,9.4,9.7,8.0,49.3,Winter
2020-07-28,21.0,8.0,208.0,0.5,12.3,16.5,6.0,3.5,11.4,10.6,7.88,48.9,Winter
2020-07-29,264.0,14.1,368.0,0.0,11.9,15.8,6.9,3.0,11.0,11.2,7.89,48.6,Winter
2020-07-30,69.0,13.0,512.0,0.0,13.2,15.0,10.8,8.2,11.6,11.9,5.73,48.5,Winter
2020-07-31,69.0,13.0,512.0,0.0,13.5,15.6,11.6,10.6,11.5,12.2,5.79,48.4,Winter
2020-08-01,68.0,18.4,616.0,4.9,12.6,14.0,10.7,10.8,12.5,12.2,4.52,48.5,Winter
2020-08-02,85.0,14.6,555.0,8.1,13.4,14.7,11.3,10.4,12.6,12.5,3.08,51.2,Winter
2020-08-03,263.0,14.1,412.0,0.0,13.1,15.9,10.9,7.1,12.8,12.5,7.06,51.3,Winter
2020-08-04,271.0,9.9,310.0,0.0,11.3,17.2,6.4,2.5,11.5,12.1,13.61,50.0,Winter
2020-08-05,192.0,8.7,199.0,0.0,9.9,17.1,3.8,1.8,11.7,11.7,9.61,49.4,Winter
2020-08-06,356.0,16.8,421.0,2.9,13.8,16.5,9.9,6.8,13.6,13.2,7.08,49.1,Winter
2020-08-07,343.0,14.8,425.0,18.8,12.8,17.4,7.7,5.5,12.7,13.2,10.17,51.2,Winter
2020-08-08,240.0,16.8,485.0,15.3,11.2,14.8,8.0,4.0,11.0,11.9,9.44,51.2,Winter
2020-08-09,179.0,6.8,168.0,0.4,8.9,14.7,2.3,0.7,9.7,10.5,9.94,51.6,Winter
2020-08-10,27.0,6.8,177.0,0.2,9.2,14.2,5.2,1.5,10.4,10.3,6.68,51.4,Winter
2020-08-11,34.0,15.6,404.0,35.5,13.0,18.6,8.1,7.3,13.8,11.8,3.74,51.1,Winter
2020-08-12,268.0,17.2,450.0,1.2,13.3,18.2,9.7,6.7,13.1,12.8,11.63,51.2,Winter
2020-08-13,14.0,10.4,264.0,0.0,11.0,16.6,5.5,2.4,10.4,12.1,11.91,51.2,Winter
2020-08-14,56.0,17.0,505.0,0.0,9.8,14.0,4.2,0.7,9.9,10.8,4.32,50.9,Winter
2020-08-15,272.0,11.4,329.0,0.0,9.9,14.5,3.3,-0.1,9.4,11.3,12.26,49.9,Winter
2020-08-16,8.0,11.3,307.0,0.0,7.8,14.6,0.6,-2.9,8.7,9.8,13.63,49.4,Winter
2020-08-17,192.0,8.7,199.0,1.0,11.1,15.4,4.5,1.1,10.8,10.8,10.11,49.1,Winter
2020-08-18,122.0,13.3,446.0,4.8,12.9,14.5,10.7,9.4,12.3,11.6,3.04,49.6,Winter
2020-08-19,133.0,12.7,248.0,45.3,13.8,16.3,11.1,11.2,14.9,13.1,3.76,50.2,Winter
2020-08-20,303.0,13.0,339.0,0.6,14.8,20.0,11.0,9.4,13.2,13.3,10.12,50.6,Winter
2020-08-21,275.0,13.2,370.0,2.7,13.9,18.1,10.3,8.4,12.3,12.7,12.27,50.5,Winter
2020-08-22,275.0,13.2,370.0,2.8,13.6,18.5,9.6,6.4,13.1,13.2,10.91,50.6,Winter
2020-08-23,292.0,24.0,603.0,10.3,13.3,18.0,7.8,5.3,13.5,13.4,7.77,50.4,Winter
2020-08-24,278.0,23.0,687.0,3.8,12.8,16.6,9.5,7.3,11.7,12.7,12.53,50.2,Winter
2020-08-25,218.0,12.9,391.0,14.2,12.1,15.2,9.2,7.6,12.1,12.4,11.85,50.1,Winter
2020-08-26,285.0,17.1,519.0,2.3,10.7,13.4,7.6,3.5,9.7,11.2,12.89,50.6,Winter
2020-08-27,230.0,14.0,386.0,6.4,9.3,14.5,5.8,2.2,10.2,10.5,11.12,50.4,Winter
2020-08-28,282.0,9.2,221.0,0.0,9.7,16.7,4.6,0.9,9.6,10.5,14.14,50.5,Winter
2020-08-29,292.0,17.6,463.0,0.0,10.9,19.0,2.6,1.2,10.8,11.0,13.33,50.6,Winter
2020-08-30,271.0,9.9,310.0,0.0,11.9,18.1,4.9,1.8,11.8,11.8,13.83,50.4,Winter
2020-08-31,255.0,16.2,425.0,0.0,11.9,15.7,7.9,3.4,11.6,12.0,9.53,50.2,Winter
2020-09-01,270.0,13.9,457.0,1.2,13.4,18.1,10.0,8.5,12.8,13.0,10.03,50.0,Spring
2020-09-02,240.0,9.6,225.0,0.8,9.8,13.7,5.6,2.5,10.0,12.1,11.84,50.0,Spring
2020-09-03,239.0,18.6,595.0,0.0,10.1,13.8,6.2,2.1,8.3,10.9,18.96,49.5,Spring
2020-09-04,306.0,6.8,188.0,0.0,8.4,16.2,1.1,-1.8,8.5,10.8,19.23,49.4,Spring
2020-09-05,72.0,10.2,237.0,0.0,10.6,14.9,3.9,2.5,9.9,11.4,10.53,49.0,Spring
2020-09-06,230.0,12.4,361.0,0.0,12.5,17.3,6.9,4.0,11.3,12.2,12.81,48.9,Spring
2020-09-07,33.0,8.8,233.0,9.5,12.6,16.4,10.5,6.6,12.2,13.1,10.69,49.8,Spring
2020-09-08,200.0,16.6,334.0,0.0,9.7,15.8,4.2,0.8,8.9,12.4,19.8,50.4,Spring
2020-09-09,228.0,7.1,201.0,0.0,8.9,14.4,1.8,-0.2,8.8,11.2,9.91,49.7,Spring
2020-09-10,283.0,13.8,467.0,3.0,11.4,15.7,8.8,8.3,10.8,12.1,8.65,49.4,Spring
2020-09-11,261.0,13.3,462.0,1.0,11.1,15.8,6.4,3.7,9.5,12.3,17.1,49.5,Spring
2020-09-12,21.0,9.3,260.0,0.0,9.0,15.7,3.4,0.2,6.7,11.1,20.07,49.3,Spring
2020-09-13,292.0,17.6,463.0,0.0,11.0,16.8,3.0,-0.2,9.0,11.1,12.97,49.1,Spring
2020-09-14,5.0,14.9,324.0,0.0,13.1,17.0,10.8,8.1,10.1,12.3,11.83,48.8,Spring
2020-09-15,265.0,20.1,688.0,2.1,14.0,16.7,11.1,8.4,13.1,13.0,9.64,48.6,Spring
2020-09-16,247.0,11.0,330.0,0.0,13.0,17.2,6.7,3.6,11.2,13.1,16.87,48.6,Spring
2020-09-17,261.0,8.1,155.0,0.0,11.5,18.2,4.0,1.5,11.1,12.6,17.06,48.0,Spring
2020-09-18,286.0,24.4,763.0,6.4,12.3,15.4,10.2,6.8,11.3,12.7,9.54,48.8,Spring
2020-09-19,76.0,13.4,379.0,0.1,11.5,16.5,5.8,3.0,10.2,12.0,11.87,49.4,Spring
2020-09-20,56.0,9.3,247.0,0.4,10.5,17.3,3.8,1.3,10.9,12.2,16.37,49.0,Spring
2020-09-21,280.0,9.0,241.0,0.0,12.2,17.3,6.4,2.4,10.7,13.4,18.1,48.6,Spring
2020-09-22,3.0,10.1,275.0,0.0,11.6,18.4,4.5,1.3,10.9,12.9,14.07,48.1,Spring
2020-09-23,294.0,11.0,255.0,0.0,14.6,20.4,8.0,6.0,12.4,14.3,16.92,47.8,Spring
2020-09-24,281.0,21.6,650.0,1.1,16.0,19.9,13.5,11.6,14.8,14.9,6.66,47.2,Spring
2020-09-25,268.0,12.6,360.0,0.0,15.6,20.3,9.4,6.3,13.6,15.8,19.4,46.6,Spring
2020-09-26,131.0,6.4,152.0,0.0,15.0,21.0,7.2,4.8,14.5,15.7,17.29,45.9,Spring
2020-09-27,275.0,17.4,703.0,14.0,16.2,18.7,13.2,11.6,14.9,16.1,13.81,48.3,Spring
2020-09-28,229.0,23.6,826.0,5.6,13.2,16.0,9.4,9.3,11.2,14.2,20.21,50.4,Spring
2020-09-29,277.0,29.3,988.0,4.9,12.2,14.9,9.1,7.4,10.4,13.1,16.72,50.7,Spring
2020-09-30,120.0,7.8,210.0,0.0,10.8,15.2,5.7,3.1,9.7,12.5,15.37,50.5,Spring
2020-10-01,49.0,9.0,184.0,0.0,9.8,16.4,3.2,0.8,9.2,12.4,13.69,49.6,Spring
2020-10-02,261.0,8.1,155.0,0.0,10.5,19.4,3.7,0.9,9.7,12.8,18.32,49.0,Spring
2020-10-03,270.0,9.0,239.0,0.0,11.3,18.9,4.1,1.4,10.4,13.7,20.64,48.6,Spring
2020-10-04,283.0,8.8,255.0,0.0,12.3,20.2,3.4,1.1,11.5,14.3,21.78,48.0,Spring
2020-10-05,270.0,16.1,613.0,0.0,15.1,22.5,9.3,6.4,13.4,16.5,24.35,47.1,Spring
2020-10-06,275.0,16.1,455.0,0.0,12.7,18.0,7.2,4.8,12.3,16.0,14.54,46.2,Spring
2020-10-07,286.0,9.7,348.0,0.0,13.1,18.4,8.3,5.1,12.1,15.3,13.2,45.7,Spring
2020-10-08,230.0,10.5,262.0,8.7,13.9,18.6,10.8,9.3,11.9,16.3,19.82,45.0,Spring
2020-10-09,275.0,14.5,385.0,0.0,13.7,15.9,11.0,10.0,10.3,14.8,13.13,46.3,Spring
2020-10-10,283.0,23.9,856.0,0.0,14.4,17.2,12.5,10.0,10.7,14.6,19.78,45.4,Spring
2020-10-11,283.0,23.9,856.0,0.0,15.2,17.6,13.6,11.5,12.0,15.1,12.24,44.2,Spring
2020-10-12,352.0,13.2,467.0,0.0,15.9,17.8,14.0,13.9,15.2,15.4,4.8,44.9,Spring
2020-10-13,292.0,13.4,294.0,29.7,15.3,17.6,10.4,7.5,16.1,15.8,4.9,48.4,Spring
2020-10-14,255.0,10.4,275.0,0.0,12.3,19.6,5.7,4.1,11.2,14.7,19.85,51.4,Spring
2020-10-15,6.0,17.6,295.0,5.7,11.2,18.8,5.5,2.8,11.1,14.3,14.64,50.0,Spring
2020-10-16,225.0,10.5,291.0,0.3,11.6,17.0,5.8,2.8,9.5,14.8,24.67,50.5,Spring
2020-10-17,229.0,8.8,214.0,0.0,10.5,18.4,2.0,0.4,9.0,14.3,23.62,49.7,Spring
2020-10-18,238.0,8.2,192.0,0.1,13.0,20.0,5.0,2.5,11.9,15.5,19.26,48.8,Spring
2020-10-19,131.0,7.8,174.0,0.0,15.8,20.8,10.9,8.6,14.2,16.6,15.43,48.6,Spring
2020-10-20,272.0,11.5,337.0,0.0,16.4,21.2,11.2,9.5,14.2,16.9,17.38,48.1,Spring
2020-10-21,260.0,8.0,221.0,0.0,16.5,21.4,11.2,8.3,13.9,17.4,14.49,47.3,Spring
2020-10-22,252.0,10.9,325.0,0.0,16.3,21.7,11.0,7.5,14.3,18.6,21.84,46.0,Spring
2020-10-23,282.0,12.2,305.0,2.0,15.9,20.9,11.3,9.0,15.2,18.7,18.51,44.6,Spring
2020-10-24,118.0,7.6,212.0,0.0,16.9,22.0,11.6,9.7,15.7,19.6,24.37,43.8,Spring
2020-10-25,200.0,7.8,208.0,0.0,16.2,21.7,11.2,9.0,14.7,19.7,22.22,42.2,Spring
2020-10-26,66.0,8.5,243.0,0.0,16.2,22.4,9.2,7.3,14.4,20.0,20.7,39.4,Spring
2020-10-27,264.0,9.0,201.0,0.0,17.3,24.1,9.4,7.7,15.5,20.6,18.23,37.5,Spring
2020-10-28,227.0,5.7,145.0,0.1,15.7,19.2,11.1,9.1,16.0,19.3,8.52,36.4,Spring
2020-10-29,87.0,11.7,355.0,0.0,17.0,20.4,15.3,14.6,16.4,19.1,10.81,35.7,Spring
2020-10-30,52.0,7.3,254.0,0.0,17.0,19.8,14.9,13.2,15.9,19.0,11.34,34.7,Spring
2020-10-31,278.0,11.7,345.0,4.8,18.8,23.8,15.0,13.6,18.0,19.4,14.56,34.7,Spring
2020-11-01,262.0,14.0,415.0,0.0,17.7,21.3,10.9,8.6,15.7,19.0,18.42,35.7,Spring
2020-11-02,57.0,8.4,207.0,0.0,16.5,22.9,8.6,6.7,15.8,19.1,19.52,34.3,Spring
2020-11-03,12.0,14.0,453.0,1.6,18.5,20.2,16.3,15.5,18.6,19.3,9.52,33.4,Spring
2020-11-04,12.0,14.0,453.0,0.1,18.2,19.4,16.2,16.2,18.4,18.6,6.43,33.1,Spring
2020-11-05,96.0,13.8,496.0,52.3,17.4,20.0,14.6,15.0,18.4,17.9,4.35,45.2,Spring
2020-11-06,17.0,19.4,493.0,5.6,18.6,22.4,15.6,15.2,18.1,19.1,20.18,51.6,Spring
2020-11-07,10.0,15.8,470.0,13.0,18.1,22.7,12.3,11.4,17.8,19.3,15.7,48.9,Spring
2020-11-08,271.0,9.7,300.0,1.5,17.0,21.9,10.8,9.3,15.4,18.9,20.38,51.0,Spring
2020-11-09,49.0,13.0,399.0,4.7,13.2,18.2,8.0,5.9,12.6,16.7,11.59,50.7,Spring
2020-11-10,61.0,7.9,192.0,1.1,12.9,18.0,8.4,6.0,13.4,16.3,13.14,51.0,Spring
2020-11-11,233.0,11.6,367.0,0.1,14.5,18.3,9.8,8.6,13.1,16.3,19.86,50.2,Spring
2020-11-12,188.0,8.4,226.0,0.0,15.0,20.8,9.1,5.4,12.7,16.6,23.32,48.3,Spring
2020-11-13,41.0,8.6,220.0,0.0,14.9,23.1,7.5,4.3,13.0,17.8,21.44,46.8,Spring
2020-11-14,292.0,8.3,237.0,0.0,16.2,22.9,9.2,6.2,12.2,19.4,28.78,45.3,Spring
2020-11-15,276.0,11.1,230.0,0.0,15.5,22.9,7.9,4.6,12.4,19.3,23.27,44.2,Spring
2020-11-16,276.0,11.1,230.0,0.0,16.0,23.2,8.3,5.4,13.0,20.0,25.33,43.8,Spring
2020-11-17,254.0,11.8,312.0,0.0,16.1,22.2,10.8,6.7,13.8,20.1,25.4,41.6,Spring
2020-11-18,65.0,11.4,375.0,0.2,16.6,20.8,13.2,10.1,14.2,19.3,19.8,39.2,Spring
2020-11-19,253.0,11.3,284.0,0.0,15.6,21.1,10.1,6.3,11.6,19.2,27.29,36.9,Spring
2020-11-20,247.0,11.7,317.0,0.0,15.3,22.0,7.1,4.3,11.9,19.6,24.14,35.2,Spring
2020-11-21,220.0,8.6,197.0,0.0,14.7,20.8,6.1,6.1,12.9,19.3,21.78,34.1,Spring
2020-11-22,296.0,21.9,773.0,2.6,15.7,19.0,11.5,9.6,12.6,18.9,22.33,34.8,Spring
2020-11-23,48.0,9.0,271.0,0.0,13.6,18.5,7.9,7.0,10.4,18.1,19.39,34.4,Spring
2020-11-24,86.0,16.1,473.0,17.3,13.0,16.4,9.6,9.7,12.9,17.1,8.1,35.5,Spring
2020-11-25,290.0,15.1,423.0,2.7,19.1,23.1,13.7,14.0,18.8,18.8,19.24,46.5,Spring
2020-11-26,357.0,9.2,266.0,0.5,18.2,22.5,14.9,13.1,16.6,18.6,13.6,44.9,Spring
2020-11-27,259.0,24.8,917.0,1.3,17.2,20.4,14.2,13.4,14.6,18.8,28.7,44.2,Spring
2020-11-28,234.0,13.6,389.0,0.0,15.5,20.0,9.1,8.0,10.2,18.7,30.93,43.9,Spring
2020-11-29,222.0,12.4,244.0,1.8,14.8,20.7,8.8,7.8,13.8,17.4,14.97,42.0,Spring
2020-11-30,355.0,12.9,351.0,4.4,16.7,23.3,10.6,10.1,16.8,17.6,9.88,41.4,Spring
2020-12-01,257.0,14.6,498.0,3.0,16.6,19.8,12.5,11.3,15.2,18.3,23.77,43.7,Summer
2020-12-02,224.0,11.4,303.0,0.0,16.5,22.0,10.1,8.8,14.2,18.8,22.89,41.4,Summer
2020-12-03,66.0,8.5,243.0,0.6,16.7,20.3,10.6,8.6,14.5,18.9,20.68,40.2,Summer
2020-12-04,226.0,13.2,393.0,0.0,14.7,20.1,7.9,7.0,11.4,18.5,27.43,41.4,Summer
2020-12-05,216.0,6.6,155.0,0.0,15.3,20.0,11.8,12.2,12.5,18.6,15.47,40.1,Summer
2020-12-06,223.0,12.4,343.0,0.0,17.5,23.3,13.7,12.6,13.7,20.2,26.33,38.5,Summer
2020-12-07,211.0,12.7,355.0,0.0,19.2,24.5,11.9,13.2,17.3,20.9,17.04,36.6,Summer
2020-12-08,282.0,12.5,381.0,0.0,21.6,26.2,16.7,14.6,19.5,22.1,23.29,34.7,Summer
2020-12-09,295.0,10.9,267.0,6.8,20.4,26.8,13.4,13.1,19.6,22.1,14.13,33.1,Summer
2020-12-10,221.0,10.3,228.0,1.4,20.2,25.3,16.8,15.6,18.8,21.6,17.27,39.3,Summer
2020-12-11,237.0,17.0,459.0,0.0,17.6,21.4,13.6,12.2,15.3,20.3,21.29,37.2,Summer
2020-12-12,216.0,9.4,271.0,0.0,15.8,20.5,10.4,8.7,11.4,19.4,24.44,34.5,Summer
2020-12-13,70.0,7.3,224.0,0.0,16.2,19.9,12.6,11.2,12.0,19.8,26.89,31.9,Summer
2020-12-14,77.0,11.4,320.0,0.0,18.6,25.1,12.9,11.4,14.7,22.6,30.69,29.5,Summer
2020-12-15,255.0,8.2,205.0,0.0,17.7,25.4,8.8,8.9,13.8,23.2,30.8,27.4,Summer
2020-12-16,69.0,8.8,225.0,0.0,16.3,22.2,9.4,8.5,13.5,22.7,31.55,26.0,Summer
2020-12-17,108.0,7.9,193.0,0.0,17.1,22.5,11.8,10.8,13.1,23.1,31.75,24.8,Summer
2020-12-18,236.0,6.5,168.0,0.0,17.0,24.7,9.4,8.9,14.5,22.9,22.18,24.0,Summer
2020-12-19,18.0,9.2,210.0,0.0,18.0,24.6,11.0,10.3,15.1,23.5,26.24,23.2,Summer
2020-12-20,93.0,7.6,185.0,0.0,18.4,25.2,10.5,9.8,14.9,23.9,22.8,22.5,Summer
2020-12-21,53.0,8.2,217.0,0.0,18.1,25.3,11.8,11.1,15.6,23.1,18.76,22.0,Summer
2020-12-22,58.0,7.0,182.0,0.2,18.6,24.8,14.4,14.2,17.5,22.7,15.65,21.6,Summer
2020-12-23,221.0,10.3,228.0,0.0,19.9,25.1,14.7,15.4,17.9,23.0,18.93,21.4,Summer
2020-12-24,275.0,18.1,558.0,0.8,19.2,24.0,16.3,16.4,16.8,22.2,22.59,21.2,Summer
2020-12-25,70.0,7.3,224.0,0.0,17.6,21.7,13.0,12.2,12.8,21.6,24.12,20.9,Summer
2020-12-26,211.0,13.5,315.0,0.0,16.5,20.9,12.5,10.9,12.0,21.5,28.34,20.6,Summer
2020-12-27,234.0,13.6,389.0,0.0,14.9,19.8,9.8,8.2,10.6,20.6,28.4,20.0,Summer
2020-12-28,234.0,13.6,389.0,0.0,14.7,20.8,7.4,7.0,9.8,20.3,28.58,19.5,Summer
2020-12-29,259.0,12.7,345.0,0.0,15.2,20.6,5.6,5.9,10.8,20.2,26.35,19.2,Summer
2020-12-30,58.0,7.5,249.0,0.0,17.0,22.5,10.7,9.3,12.8,21.0,26.26,18.9,Summer
2020-12-31,256.0,9.6,273.0,0.0,17.2,23.3,10.5,10.0,14.4,22.3,24.91,18.6,Summer
2021-01-01,71.0,11.1,292.0,0.0,17.9,25.1,9.3,7.8,14.4,22.5,17.13,18.4,Summer
2021-01-02,42.0,25.2,724.0,47.4,17.5,24.1,12.5,12.4,18.1,21.1,11.49,25.1,Summer
2021-01-03,278.0,11.7,345.0,2.6,18.6,24.2,13.1,12.9,17.9,20.5,14.4,33.6,Summer
2021-01-04,234.0,8.2,195.0,0.0,19.3,26.6,12.8,12.0,16.7,21.7,30.68,32.8,Summer
2021-01-05,73.0,8.3,188.0,0.0,19.8,26.7,10.8,11.3,16.6,23.1,31.02,31.3,Summer
2021-01-06,181.0,10.4,245.0,0.0,20.4,29.0,12.2,11.7,15.8,24.0,26.34,29.2,Summer
2021-01-07,65.0,5.4,124.0,0.1,18.8,25.4,12.3,11.7,16.8,22.9,15.39,27.4,Summer
2021-01-08,29.0,8.7,183.0,14.5,19.2,24.3,14.8,15.4,18.2,21.6,19.46,33.0,Summer
2021-01-09,278.0,11.7,345.0,3.0,19.2,25.1,13.2,12.5,18.0,21.5,16.59,34.9,Summer
2021-01-10,243.0,7.2,240.0,0.0,19.0,24.3,14.4,13.4,16.3,21.0,14.93,34.5,Summer
2021-01-11,247.0,10.9,275.0,0.0,18.3,23.6,12.3,10.8,14.3,20.8,26.81,33.5,Summer
2021-01-12,74.0,8.8,280.0,0.0,18.2,24.2,10.3,9.3,16.8,21.8,27.52,31.7,Summer
2021-01-13,66.0,7.3,206.0,0.0,20.9,24.3,18.7,17.2,19.1,23.0,18.73,30.0,Summer
2021-01-14,58.0,7.6,187.0,0.0,21.3,26.6,16.1,14.8,17.0,23.4,22.61,28.4,Summer
2021-01-15,234.0,8.2,195.0,0.0,19.7,25.0,14.8,13.5,16.2,23.4,30.2,26.8,Summer
2021-01-16,269.0,13.0,328.0,0.0,18.3,24.9,11.7,10.6,14.7,23.0,24.74,25.5,Summer
2021-01-17,252.0,10.6,268.0,2.8,18.3,26.8,10.7,9.6,17.1,22.4,18.17,24.9,Summer
2021-01-18,230.0,13.0,426.0,0.6,18.7,23.1,14.4,13.1,14.3,21.0,24.46,25.2,Summer
2021-01-19,224.0,9.7,305.0,0.0,19.1,26.4,12.9,11.2,15.9,20.9,19.51,24.4,Summer
2021-01-20,194.0,16.3,493.0,10.7,16.3,20.2,10.4,10.2,14.7,19.6,16.39,29.6,Summer
2021-01-21,244.0,8.6,242.0,0.5,14.5,22.9,7.1,6.6,11.7,17.8,23.28,32.1,Summer
2021-01-22,122.0,8.1,206.0,0.0,16.1,22.2,8.5,8.8,12.7,18.6,22.88,30.8,Summer
2021-01-23,249.0,11.6,304.0,0.0,17.3,23.0,11.6,9.8,13.8,19.5,19.29,29.2,Summer
2021-01-24,22.0,7.6,173.0,0.6,18.0,23.1,12.0,11.5,17.9,19.1,8.62,28.0,Summer
2021-01-25,246.0,11.1,334.0,0.0,20.6,25.6,16.9,16.6,16.6,21.7,23.0,27.0,Summer
2021-01-26,221.0,10.3,228.0,0.0,20.5,25.1,17.0,14.8,18.4,22.6,17.67,25.6,Summer
2021-01-27,246.0,11.1,334.0,0.0,19.9,23.6,16.1,15.6,18.0,22.9,23.52,24.7,Summer
2021-01-28,82.0,7.8,181.0,0.0,19.3,23.6,14.4,13.4,16.8,21.2,19.4,23.7,Summer
2021-01-29,273.0,15.8,451.0,0.0,17.1,23.8,9.8,8.3,10.8,22.0,25.59,23.2,Summer
2021-01-30,252.0,11.0,300.0,0.5,16.4,22.3,7.6,4.2,11.7,19.3,29.82,22.2,Summer
2021-01-31,234.0,13.6,389.0,0.0,16.4,21.9,9.8,7.5,11.2,19.0,29.72,21.5,Summer
2021-02-01,241.0,14.7,372.0,0.0,17.2,21.4,11.7,7.6,13.4,22.1,27.84,20.9,Summer
2021-02-02,255.0,8.2,205.0,0.0,18.0,23.7,10.8,8.6,14.1,21.2,28.14,20.4,Summer
2021-02-03,232.0,13.0,354.0,0.0,18.3,22.3,15.5,14.8,14.2,20.5,25.08,20.1,Summer
2021-02-04,58.0,8.8,223.0,0.0,18.3,24.4,12.2,11.7,15.0,22.5,28.2,19.6,Summer
2021-02-05,264.0,13.1,377.0,0.0,18.8,22.3,16.6,14.8,15.9,21.2,16.87,19.2,Summer
2021-02-06,160.0,5.5,144.0,0.0,17.5,23.0,9.8,7.3,14.3,19.8,19.07,19.0,Summer
2021-02-07,67.0,9.9,295.0,0.0,18.0,21.9,13.2,11.0,14.8,20.6,21.19,18.7,Summer
2021-02-08,224.0,13.5,352.0,0.0,18.2,23.0,14.0,13.9,14.3,19.9,22.17,18.5,Summer
2021-02-09,335.0,12.2,329.0,0.5,19.8,22.6,15.1,17.8,18.1,20.5,12.24,18.5,Summer
2021-02-10,356.0,12.8,311.0,5.1,19.3,20.3,15.8,15.1,18.9,17.0,4.81,19.4,Summer
2021-02-11,52.0,7.3,254.0,0.2,18.1,20.9,14.2,12.3,14.5,21.3,12.9,19.7,Summer
2021-02-12,215.0,15.1,499.0,0.0,16.7,21.9,12.8,10.2,11.6,19.9,26.96,19.2,Summer
2021-02-13,38.0,6.7,182.0,0.0,17.1,22.0,12.0,8.6,14.2,23.2,27.96,18.8,Summer
2021-02-14,266.0,17.1,471.0,4.2,19.2,24.6,16.8,17.1,17.3,19.9,14.09,18.6,Summer
2021-02-15,24.0,13.9,618.0,75.4,20.2,23.0,16.1,16.3,21.8,19.6,4.7,35.0,Summer
2021-02-16,52.0,12.5,491.0,4.7,20.4,20.0,17.9,19.5,19.8,21.3,7.01,37.8,Summer
2021-02-17,223.0,12.4,343.0,0.0,19.4,24.2,13.2,12.9,12.9,22.2,27.21,37.3,Summer
2021-02-18,248.0,12.8,327.0,0.0,17.5,21.7,11.0,9.9,12.2,19.9,22.65,36.4,Summer
2021-02-19,92.0,7.5,155.0,0.0,16.6,21.7,11.0,9.9,12.9,19.9,22.78,35.7,Summer
2021-02-20,255.0,8.2,205.0,0.0,17.5,23.7,10.8,8.6,14.0,21.2,27.95,34.8,Summer
2021-02-21,204.0,12.4,334.0,0.0,17.5,23.6,13.3,12.3,14.7,19.2,24.08,33.6,Summer
2021-02-22,84.0,11.0,395.0,0.0,19.2,21.1,15.6,14.4,15.0,22.3,24.2,32.5,Summer
2021-02-23,226.0,7.0,188.0,0.0,20.8,23.3,19.0,17.6,16.5,22.7,18.34,31.4,Summer
2021-02-24,226.0,7.0,188.0,0.1,20.6,25.4,16.1,14.1,16.0,23.4,19.28,30.3,Summer
2021-02-25,226.0,8.0,167.0,0.0,19.7,25.5,11.6,11.0,16.2,22.0,24.57,29.2,Summer
2021-02-26,47.0,14.0,607.0,0.0,18.2,24.6,11.6,10.7,15.9,21.8,18.51,28.4,Summer
2021-02-27,82.0,7.8,181.0,0.6,19.2,23.6,14.4,13.4,16.4,21.2,19.13,27.6,Summer
2021-02-28,226.0,8.0,167.0,0.3,19.3,25.5,11.6,11.0,16.4,22.0,24.87,26.8,Summer
2021-03-01,48.0,10.1,324.0,6.6,17.9,21.6,12.7,10.4,16.3,18.5,15.92,26.7,Autumn
2021-03-02,318.0,14.1,524.0,2.0,19.5,21.9,16.1,18.7,18.4,20.4,15.69,33.5,Autumn
2021-03-03,100.0,13.6,410.0,12.5,19.2,20.7,16.2,16.6,18.9,21.1,10.63,35.7,Autumn
2021-03-04,38.0,11.1,472.0,2.4,18.7,22.0,17.7,16.1,18.2,19.6,11.4,39.1,Autumn
2021-03-05,268.0,12.2,396.0,0.0,17.4,23.1,12.1,11.2,15.6,20.9,16.71,38.6,Autumn
2021-03-06,69.0,8.2,194.0,0.0,17.3,22.2,13.1,12.1,15.8,19.6,15.99,38.0,Autumn
2021-03-07,240.0,10.4,227.0,0.0,17.9,22.5,13.7,8.6,13.4,19.9,18.25,37.5,Autumn
2021-03-08,202.0,12.2,348.0,0.0,17.7,24.4,9.1,6.8,12.2,20.4,15.63,36.8,Autumn
2021-03-09,72.0,13.8,616.0,0.0,17.3,18.8,15.7,15.5,13.0,17.8,10.44,36.1,Autumn
2021-03-10,65.0,13.8,626.0,0.0,18.2,21.4,15.1,13.7,14.1,19.4,14.03,35.3,Autumn
2021-03-11,29.0,8.7,183.0,8.9,18.9,25.6,13.6,11.3,17.2,19.5,19.2,37.4,Autumn
2021-03-12,248.0,12.8,327.0,0.0,16.6,25.0,10.2,11.6,14.0,22.4,23.3,38.5,Autumn
2021-03-13,204.0,12.4,334.0,0.0,17.3,23.6,13.3,12.3,14.5,19.2,23.07,37.9,Autumn
2021-03-14,219.0,11.4,299.0,0.0,17.0,21.7,11.8,16.4,13.0,19.9,24.4,37.2,Autumn
2021-03-15,265.0,12.2,313.0,2.4,19.0,23.2,13.2,13.3,17.4,19.7,19.52,36.6,Autumn
2021-03-16,22.0,7.6,173.0,0.1,17.4,22.6,11.4,12.0,16.6,17.3,10.82,36.6,Autumn
2021-03-17,271.0,14.0,530.0,0.0,16.8,24.2,11.5,11.0,14.4,20.6,19.13,35.9,Autumn
2021-03-18,46.0,12.0,487.0,0.2,17.7,21.4,15.1,13.7,14.3,19.4,14.34,35.0,Autumn
2021-03-19,203.0,12.2,310.0,0.0,17.3,19.9,13.0,12.3,12.3,20.7,20.05,33.8,Autumn
2021-03-20,122.0,8.1,206.0,0.0,16.1,21.9,8.2,9.3,11.0,19.0,23.62,32.6,Autumn
2021-03-21,249.0,9.1,242.0,0.0,16.0,21.3,8.9,5.3,10.9,19.9,22.64,31.7,Autumn
2021-03-22,94.0,13.9,617.0,0.0,16.3,21.3,11.0,8.5,12.5,18.9,21.53,30.5,Autumn
2021-03-23,94.0,13.9,617.0,0.0,16.2,19.1,14.4,14.5,12.5,17.1,21.73,29.6,Autumn
2021-03-24,244.0,8.8,227.0,0.0,15.3,21.5,8.8,6.1,12.0,19.4,15.91,28.8,Autumn
2021-03-25,73.0,7.1,208.0,0.0,15.6,20.6,9.2,11.3,12.8,18.8,20.41,28.2,Autumn
2021-03-26,65.0,13.8,626.0,0.2,16.5,19.4,16.0,16.0,14.5,18.4,13.71,27.5,Autumn
2021-03-27,220.0,6.6,184.0,0.0,18.9,22.3,13.5,14.1,15.3,19.9,11.92,27.0,Autumn
2021-03-28,285.0,10.8,283.0,0.0,19.4,24.8,13.6,10.8,16.1,20.8,9.22,26.5,Autumn
2021-03-29,180.0,7.8,200.0,1.7,20.1,22.6,17.0,17.7,19.1,21.0,10.67,26.3,Autumn
2021-03-30,15.0,12.9,413.0,0.2,20.2,20.3,16.4,16.1,19.7,17.6,6.26,26.5,Autumn
2021-03-31,68.0,12.1,397.0,5.0,19.5,23.0,18.7,17.8,18.0,22.1,13.65,28.7,Autumn
2021-04-01,269.0,13.1,318.0,15.6,15.1,18.6,13.6,11.6,14.9,15.3,8.97,32.8,Autumn
2021-04-02,240.0,10.4,227.0,0.0,16.7,22.6,12.0,10.2,14.0,19.0,17.76,38.5,Autumn
2021-04-03,239.0,9.9,282.0,0.0,17.2,21.2,12.9,13.6,14.5,18.3,15.81,37.9,Autumn
2021-04-04,81.0,6.7,154.0,0.0,15.2,21.6,8.3,10.9,13.1,18.6,16.85,37.3,Autumn
2021-04-05,214.0,12.5,362.0,0.0,16.1,18.7,13.0,11.0,14.0,17.9,11.51,36.9,Autumn
2021-04-06,76.0,7.4,264.0,0.0,19.1,20.8,17.1,17.0,17.2,21.3,9.78,36.4,Autumn
2021-04-07,246.0,9.6,257.0,0.0,17.3,21.3,11.8,12.9,13.6,18.9,15.11,35.8,Autumn
2021-04-08,32.0,12.9,411.0,0.0,16.1,22.4,11.3,8.4,14.3,19.7,17.08,35.1,Autumn
2021-04-09,352.0,13.2,467.0,0.0,17.7,17.5,14.7,13.5,15.9,15.6,5.32,34.3,Autumn
2021-04-10,80.0,20.1,642.0,34.4,18.6,19.2,16.9,16.1,18.8,18.5,1.28,39.9,Autumn
2021-04-11,232.0,10.4,213.0,1.4,19.7,23.4,15.9,14.6,18.5,21.4,15.76,42.4,Autumn
2021-04-12,29.0,10.9,352.0,0.0,18.2,19.7,16.0,16.0,18.6,19.2,6.99,40.8,Autumn
2021-04-13,83.0,14.1,673.0,0.6,18.1,23.0,13.1,16.7,16.5,20.2,15.61,40.3,Autumn
2021-04-14,127.0,10.8,265.0,9.7,14.5,16.5,10.3,9.2,14.1,16.0,9.28,42.9,Autumn
2021-04-15,58.0,7.5,256.0,0.1,16.0,20.8,11.2,12.5,13.9,16.6,11.62,43.3,Autumn
2021-04-16,81.0,12.9,537.0,3.6,16.6,17.6,13.9,15.1,14.1,17.5,17.04,44.6,Autumn
2021-04-17,250.0,21.3,781.0,5.4,14.6,17.4,10.8,8.7,12.4,14.5,12.47,46.6,Autumn
2021-04-18,222.0,7.0,125.0,0.0,13.2,17.0,7.4,3.4,11.0,14.8,10.52,43.9,Autumn
2021-04-19,4.0,12.9,333.0,0.0,13.7,15.9,11.5,10.5,11.9,12.9,10.98,43.1,Autumn
2021-04-20,9.0,12.8,361.0,14.8,15.9,17.4,14.1,13.2,15.7,13.4,2.3,44.8,Autumn
2021-04-21,260.0,13.4,483.0,0.0,17.2,19.1,14.2,14.9,16.6,16.9,12.1,44.7,Autumn
2021-04-22,171.0,6.6,199.0,0.0,15.2,21.8,9.4,11.4,12.6,18.6,13.03,43.3,Autumn
2021-04-23,34.0,9.1,273.0,1.5,14.3,19.6,8.4,8.9,13.9,15.1,10.27,43.6,Autumn
2021-04-24,292.0,14.2,404.0,1.3,15.6,19.2,11.6,10.5,13.9,16.1,14.15,46.4,Autumn
2021-04-25,283.0,23.9,856.0,0.0,14.3,16.6,11.8,10.5,11.5,14.6,14.6,44.0,Autumn
2021-04-26,267.0,12.0,405.0,0.0,13.4,17.7,8.7,11.3,11.7,16.4,13.7,43.3,Autumn
2021-04-27,220.0,10.3,330.0,9.5,13.0,17.7,6.5,1.9,12.8,14.9,9.87,44.3,Autumn
2021-04-28,238.0,10.4,297.0,1.3,12.4,16.3,8.6,5.3,11.0,12.4,10.38,46.5,Autumn
2021-04-29,246.0,12.9,298.0,0.0,11.2,16.2,7.6,11.8,10.4,14.8,14.28,45.1,Autumn
2021-04-30,234.0,8.0,224.0,0.0,11.9,18.9,5.1,6.5,12.0,13.1,11.73,44.6,Autumn
2021-05-01,216.0,10.1,273.0,0.0,14.3,19.3,6.6,7.0,12.6,15.1,11.89,44.1,Autumn
2021-05-02,72.0,5.8,125.0,0.0,11.0,17.5,4.1,6.5,10.3,11.6,12.89,43.9,Autumn
2021-05-03,246.0,12.9,298.0,0.0,11.7,16.2,7.6,11.8,10.7,14.8,14.22,43.7,Autumn
2021-05-04,283.0,5.9,246.0,0.0,11.1,16.0,6.8,6.4,10.0,10.7,9.12,43.4,Autumn
2021-05-05,239.0,14.1,479.0,0.0,11.9,15.4,9.7,6.9,10.7,12.3,11.18,43.2,Autumn
2021-05-06,225.0,13.9,339.0,0.0,13.4,17.7,8.1,8.0,12.4,14.8,9.79,42.6,Autumn
2021-05-07,52.0,12.7,262.0,0.0,16.1,21.9,11.4,15.5,13.9,19.0,6.92,42.3,Autumn
2021-05-08,352.0,13.2,467.0,0.7,17.3,17.5,14.7,13.5,15.7,15.6,2.28,42.1,Autumn
2021-05-09,60.0,10.2,177.0,1.4,18.3,20.3,13.2,12.1,17.4,17.3,4.16,42.2,Autumn
2021-05-10,297.0,15.1,355.0,1.5,17.7,19.4,16.3,16.4,17.4,16.6,5.6,42.3,Autumn
2021-05-11,60.0,10.2,177.0,1.2,16.5,20.3,13.2,12.1,16.7,17.3,3.83,42.4,Autumn
2021-05-12,91.0,17.3,489.0,22.1,17.3,20.7,13.4,14.8,16.8,17.2,7.81,48.0,Autumn
2021-05-13,226.0,11.4,264.0,0.3,11.2,17.9,7.2,6.9,11.0,14.9,8.05,46.8,Autumn
2021-05-14,226.0,11.4,264.0,0.6,11.5,15.4,8.0,6.9,11.8,13.4,8.49,46.6,Autumn
2021-05-15,7.0,16.6,440.0,15.2,16.2,17.7,10.4,6.9,15.1,15.8,9.66,50.2,Autumn
2021-05-16,39.0,10.3,346.0,0.0,13.5,17.5,10.2,5.9,13.1,14.2,11.02,48.1,Autumn
2021-05-17,325.0,14.3,422.0,5.0,15.2,19.1,11.1,10.1,14.3,15.1,9.86,48.3,Autumn
2021-05-18,285.0,13.2,318.0,5.7,13.8,16.7,10.3,10.1,12.1,13.9,9.97,50.1,Autumn
2021-05-19,237.0,21.1,809.0,1.0,14.4,16.2,12.6,12.0,12.9,13.7,8.68,50.3,Autumn
2021-05-20,120.0,13.6,429.0,1.1,14.3,17.3,11.1,11.7,13.9,14.2,5.16,49.1,Autumn
2021-05-21,279.0,8.0,312.0,0.8,13.8,15.5,12.2,11.6,14.1,14.5,4.07,48.3,Autumn
2021-05-22,118.0,14.3,525.0,0.0,13.4,14.5,11.5,10.6,11.6,14.0,4.54,48.0,Autumn
2021-05-23,118.0,14.3,525.0,0.6,13.3,14.5,11.5,10.6,10.0,13.0,4.16,47.6,Autumn
2021-05-24,118.0,14.3,525.0,0.0,14.3,14.5,11.5,10.6,9.4,12.7,5.25,47.5,Autumn
2021-05-25,5.0,14.9,324.0,0.0,13.8,18.9,4.8,5.8,8.9,12.3,10.2,47.2,Autumn
2021-05-26,249.0,16.8,463.0,0.0,11.6,15.4,8.2,3.3,8.9,11.8,7.42,47.0,Autumn
2021-05-27,234.0,10.7,250.0,0.0,8.4,14.5,3.0,-0.4,8.4,10.9,9.91,46.9,Autumn
2021-05-28,237.0,6.3,186.0,0.0,9.1,15.5,6.6,2.8,10.4,10.7,5.7,47.0,Autumn
2021-05-29,236.0,11.3,322.0,2.4,12.4,14.1,7.9,7.7,11.6,11.8,3.3,46.9,Autumn
2021-05-30,21.0,9.4,152.0,8.3,10.2,14.3,3.6,3.0,10.4,11.1,5.86,48.4,Autumn
2021-05-31,355.0,11.2,212.0,1.5,10.6,15.3,5.2,3.8,11.1,11.2,6.6,49.1,Autumn
2021-06-01,230.0,12.4,361.0,0.1,11.8,16.5,5.8,3.0,10.3,11.4,11.12,48.3,Winter
2021-06-02,272.0,13.8,443.0,0.1,10.4,14.7,4.1,5.3,10.9,10.9,6.42,47.9,Winter
2021-06-03,217.0,7.3,183.0,0.0,12.2,15.3,10.2,10.3,12.0,12.4,5.64,47.7,Winter
2021-06-04,219.0,8.0,201.0,0.0,10.8,16.7,4.9,4.8,11.0,12.2,6.15,47.5,Winter
2021-06-05,88.0,13.7,479.0,0.2,12.7,15.9,7.8,7.1,12.2,11.9,4.96,47.4,Winter
2021-06-06,79.0,16.4,435.0,17.6,14.7,16.2,13.5,11.6,14.4,13.4,1.73,49.3,Winter
2021-06-07,43.0,15.8,454.0,32.1,14.5,16.9,10.4,9.6,14.2,13.7,2.04,50.0,Winter
2021-06-08,263.0,26.9,721.0,9.6,14.5,18.8,10.8,9.9,13.2,13.8,3.97,50.1,Winter
2021-06-09,2.0,12.1,254.0,5.1,14.8,18.4,13.9,12.1,16.4,14.1,3.06,50.3,Winter
2021-06-10,245.0,11.4,456.0,1.6,15.7,17.3,14.5,13.9,16.1,14.9,3.92,50.3,Winter
2021-06-11,254.0,15.4,556.0,0.0,14.8,17.0,13.9,13.3,14.8,14.7,5.82,50.3,Winter
2021-06-12,228.0,9.0,205.0,0.0,12.8,16.2,7.9,8.4,12.7,13.3,8.1,49.8,Winter
2021-06-13,279.0,8.0,312.0,1.2,14.8,18.0,12.8,10.5,14.1,13.5,3.2,49.4,Winter
2021-06-14,37.0,11.3,378.0,8.4,15.7,17.1,13.4,11.5,16.7,14.8,1.63,49.6,Winter
2021-06-15,187.0,6.0,161.0,0.8,14.7,16.3,11.9,11.6,15.9,14.2,2.87,49.8,Winter
2021-06-16,254.0,8.3,158.0,0.8,13.5,18.2,8.2,6.3,13.9,13.8,8.93,49.7,Winter
2021-06-17,353.0,10.6,247.0,2.0,11.9,17.5,7.2,5.8,13.0,12.6,8.94,49.9,Winter
2021-06-18,305.0,5.5,146.0,0.4,11.3,17.3,4.6,3.5,12.0,12.0,8.33,49.9,Winter
2021-06-19,337.0,19.6,377.0,11.4,16.4,20.1,13.8,12.0,16.1,14.3,6.97,49.6,Winter
2021-06-20,233.0,12.8,395.0,14.1,13.2,17.2,10.8,7.8,14.3,14.0,6.15,49.4,Winter
2021-06-21,296.0,15.9,491.0,0.4,13.6,17.4,10.2,8.3,13.6,13.4,9.7,49.6,Winter
2021-06-22,251.0,9.1,244.0,0.0,12.8,16.9,6.2,3.5,11.7,12.7,9.39,49.4,Winter
2021-06-23,86.0,6.1,189.0,0.0,8.6,14.7,3.2,0.6,8.4,10.3,10.7,49.8,Winter
2021-06-24,269.0,5.2,126.0,0.0,6.9,16.4,1.4,-0.4,8.7,9.1,9.62,49.7,Winter
2021-06-25,25.0,10.3,207.0,0.0,9.3,16.5,1.7,0.8,10.2,9.7,6.83,49.1,Winter
2021-06-26,93.0,6.1,179.0,0.0,13.9,17.9,9.3,6.5,13.7,11.7,3.62,48.9,Winter
2021-06-27,4.0,13.9,518.0,4.7,15.9,18.4,13.9,12.1,15.6,13.7,2.78,48.9,Winter
2021-06-28,283.0,10.8,303.0,1.3,13.6,16.6,9.7,7.1,13.3,13.3,5.59,50.1,Winter
2021-06-29,179.0,12.6,307.0,0.8,9.3,12.5,5.5,2.9,8.1,10.6,9.12,50.0,Winter
2021-06-30,73.0,4.6,108.0,0.0,6.3,14.2,-0.9,-2.0,6.9,8.0,10.12,49.6,Winter
2021-07-01,183.0,6.6,159.0,0.0,6.9,14.3,0.8,-0.8,8.1,8.0,10.47,49.3,Winter
2021-07-02,231.0,5.2,152.0,0.0,8.0,14.5,3.0,1.3,9.3,8.4,6.94,49.0,Winter
2021-07-03,228.0,13.6,325.0,0.0,6.7,14.2,-0.2,-1.4,8.3,8.0,9.53,48.8,Winter
2021-07-04,228.0,13.6,325.0,0.0,6.4,14.5,0.6,-1.1,8.1,7.7,10.37,48.7,Winter
2021-07-05,79.0,3.8,84.0,0.0,9.2,15.1,2.6,0.6,9.8,8.6,7.5,48.7,Winter
2021-07-06,284.0,20.5,685.0,5.2,14.4,16.9,12.6,10.5,13.0,11.3,5.12,48.7,Winter
2021-07-07,248.0,17.9,458.0,15.8,12.7,15.4,8.2,6.4,13.3,12.5,4.28,50.3,Winter
2021-07-08,192.0,12.4,334.0,0.0,10.5,14.0,8.3,6.8,10.1,10.5,8.53,50.7,Winter
2021-07-09,258.0,20.8,519.0,3.7,10.6,14.9,7.8,4.9,11.3,10.4,8.15,50.6,Winter
2021-07-10,31.0,9.4,199.0,0.7,9.9,15.4,6.0,3.6,10.2,9.8,7.7,50.8,Winter
2021-07-11,268.0,14.2,283.0,4.0,10.5,13.6,6.8,5.8,10.6,10.0,2.35,50.7,Winter
2021-07-12,229.0,13.1,243.0,7.0,10.2,11.9,7.4,6.1,10.0,10.1,1.88,50.6,Winter
2021-07-13,218.0,11.3,263.0,0.0,9.5,14.1,4.2,2.0,8.6,9.1,9.33,50.4,Winter
2021-07-14,183.0,6.6,159.0,0.0,6.8,13.9,1.5,-0.9,7.8,7.9,11.38,50.6,Winter
2021-07-15,194.0,7.5,218.0,0.0,8.4,15.9,3.8,2.1,9.2,8.5,9.13,50.4,Winter
2021-07-16,277.0,9.5,196.0,0.0,11.6,16.8,3.6,1.9,11.4,9.3,5.74,50.3,Winter
2021-07-17,334.0,13.8,363.0,12.0,15.6,18.2,13.5,12.4,15.6,12.7,0.98,50.1,Winter
2021-07-18,346.0,11.4,306.0,1.8,14.0,19.4,10.6,8.5,12.8,12.6,7.37,50.2,Winter
2021-07-19,248.0,17.6,611.0,3.0,12.3,16.1,7.6,6.2,12.0,11.9,9.47,50.2,Winter
2021-07-20,230.0,13.3,311.0,1.4,9.6,16.0,4.9,3.3,10.2,10.8,10.99,50.3,Winter
2021-07-21,54.0,19.0,503.0,22.9,10.0,14.7,2.8,2.3,11.9,9.8,1.64,50.3,Winter
2021-07-22,263.0,12.5,399.0,0.3,12.7,16.8,8.2,6.1,12.9,11.8,8.98,50.4,Winter
2021-07-23,259.0,16.7,439.0,3.8,9.5,15.8,4.7,3.6,10.8,10.9,8.94,50.3,Winter
2021-07-24,279.0,17.7,426.0,6.0,9.4,15.6,2.1,1.3,11.3,10.2,8.85,50.2,Winter
2021-07-25,237.0,20.2,659.0,2.7,13.7,15.4,11.4,10.9,12.6,12.1,5.73,50.1,Winter
2021-07-26,322.0,22.8,541.0,30.3,13.7,18.2,10.2,8.5,13.8,13.2,6.79,49.8,Winter
2021-07-27,248.0,17.6,611.0,4.3,11.4,15.3,8.9,6.2,10.6,11.6,10.18,49.9,Winter
2021-07-28,80.0,11.4,369.0,0.0,11.7,16.7,7.9,5.6,11.2,11.1,10.09,50.3,Winter
2021-07-29,287.0,12.5,333.0,0.2,11.4,16.6,7.3,6.0,12.5,11.6,7.68,50.3,Winter
2021-07-30,305.0,5.5,146.0,0.0,11.5,17.3,5.3,4.0,12.3,11.5,8.29,50.3,Winter
2021-07-31,275.0,19.9,717.0,0.0,14.6,17.2,11.5,10.6,13.1,13.0,7.58,50.2,Winter
2021-08-01,208.0,12.2,333.0,0.0,12.5,16.4,9.4,6.2,11.3,12.4,10.31,50.0,Winter
2021-08-02,262.0,14.0,399.0,1.0,11.7,15.6,8.0,5.5,12.3,12.2,9.42,49.7,Winter
2021-08-03,267.0,18.4,774.0,7.6,11.6,14.2,9.2,7.6,11.0,11.7,7.98,50.0,Winter
2021-08-04,209.0,9.0,256.0,0.0,10.3,15.3,4.4,2.6,9.9,10.7,12.21,50.2,Winter
2021-08-05,229.0,18.0,360.0,4.0,12.5,17.4,8.5,7.2,12.9,11.9,5.2,50.1,Winter
2021-08-06,273.0,18.7,710.0,8.7,12.1,15.9,9.8,7.8,12.4,11.9,7.43,50.0,Winter
2021-08-07,248.0,23.8,1003.0,4.3,12.6,15.8,10.9,8.2,11.6,12.1,9.43,50.0,Winter
2021-08-08,225.0,18.2,456.0,7.0,10.8,15.4,6.7,4.2,11.2,11.2,8.13,50.0,Winter
2021-08-09,270.0,18.6,521.0,5.8,8.1,12.4,3.8,2.3,7.6,10.1,12.54,49.9,Winter
2021-08-10,226.0,8.2,176.0,0.0,8.0,15.0,0.9,-0.8,8.4,8.9,12.03,50.3,Winter
2021-08-11,233.0,18.4,432.0,1.9,9.8,15.4,4.5,2.7,11.0,9.8,9.26,50.5,Winter
2021-08-12,266.0,15.4,296.0,0.1,10.6,16.0,6.1,4.0,10.7,10.7,11.57,50.7,Winter
2021-08-13,98.0,11.6,357.0,3.0,10.5,14.1,7.5,5.6,11.4,10.6,4.36,50.5,Winter
2021-08-14,230.0,13.3,311.0,1.2,10.5,14.9,5.0,2.9,11.0,10.4,10.92,50.5,Winter
2021-08-15,248.0,9.7,278.0,0.0,9.7,14.4,5.3,2.9,9.5,10.6,10.36,50.5,Winter
2021-08-16,240.0,9.6,225.0,0.0,9.6,15.9,5.9,4.2,10.2,10.6,11.59,50.4,Winter
2021-08-17,319.0,15.3,378.0,4.6,12.0,18.7,6.6,4.6,11.7,11.1,10.19,50.2,Winter
2021-08-18,230.0,11.6,347.0,4.8,10.8,15.0,7.2,4.6,10.6,11.2,11.24,50.3,Winter
2021-08-19,248.0,9.7,278.0,0.0,9.6,14.6,4.6,2.5,9.3,10.3,10.64,50.4,Winter
2021-08-20,220.0,10.6,271.0,1.8,10.2,15.9,4.0,2.2,10.7,10.4,11.68,50.5,Winter
2021-08-21,68.0,12.2,346.0,10.4,9.7,13.2,5.1,3.3,11.5,10.5,3.48,50.4,Winter
2021-08-22,80.0,11.4,369.0,0.0,12.1,14.8,8.6,5.8,9.9,11.5,10.7,50.4,Winter
2021-08-23,209.0,9.0,256.0,0.0,10.6,15.6,4.8,2.5,9.6,11.1,12.14,50.6,Winter
2021-08-24,235.0,10.7,285.0,0.0,10.9,15.3,5.9,4.0,9.5,11.7,10.47,50.4,Winter
2021-08-25,85.0,6.6,157.0,0.0,11.9,15.6,8.2,8.5,10.2,12.5,9.67,50.0,Winter
2021-08-26,5.0,14.9,324.0,0.0,13.3,16.3,9.4,9.6,9.7,13.0,12.68,49.6,Winter
2021-08-27,3.0,11.3,345.0,4.6,13.8,15.2,12.0,11.0,13.3,13.2,3.45,49.3,Winter
2021-08-28,53.0,14.8,306.0,10.8,14.8,17.4,13.2,12.4,15.5,14.8,5.32,50.1,Winter
2021-08-29,29.0,16.4,459.0,7.1,12.9,18.7,8.0,7.1,13.2,14.7,9.68,50.2,Winter
2021-08-30,315.0,17.2,472.0,11.8,12.4,16.2,6.5,6.6,14.1,13.9,5.11,50.2,Winter
2021-08-31,39.0,14.6,336.0,11.5,12.7,15.0,11.5,10.8,13.3,14.3,2.85,50.2,Winter
2021-09-01,164.0,9.6,262.0,2.3,11.3,14.1,10.1,8.1,11.2,13.0,5.38,50.3,Spring
2021-09-02,234.0,12.5,341.0,1.0,11.1,16.6,6.8,5.7,10.6,13.3,14.24,50.4,Spring
2021-09-03,293.0,17.2,358.0,1.6,11.4,15.6,6.0,6.0,10.9,13.3,12.15,50.4,Spring
2021-09-04,226.0,15.2,395.0,0.0,12.1,16.2,8.9,5.4,10.0,13.2,13.43,50.4,Spring
2021-09-05,226.0,12.3,288.0,0.0,11.4,16.6,6.1,5.2,11.0,13.9,10.76,50.1,Spring
2021-09-06,30.0,12.3,357.0,3.0,11.3,15.8,5.7,4.5,11.5,13.2,8.01,50.1,Spring
2021-09-07,284.0,14.0,427.0,6.3,13.9,16.5,11.1,9.5,13.8,14.4,5.09,50.4,Spring
2021-09-08,228.0,16.4,706.0,12.5,10.0,11.8,7.8,6.4,9.9,12.6,7.63,50.4,Spring
2021-09-09,234.0,12.5,341.0,0.0,12.1,15.7,7.7,6.1,10.9,12.2,14.39,50.7,Spring
2021-09-10,84.0,10.2,302.0,4.1,13.9,17.4,10.4,9.9,12.8,13.7,10.32,50.5,Spring
2021-09-11,286.0,22.8,633.0,8.6,11.4,15.3,7.6,6.4,10.5,13.4,15.22,50.6,Spring
2021-09-12,80.0,9.5,193.0,0.4,10.2,16.7,4.2,3.1,9.7,12.9,19.79,50.6,Spring
2021-09-13,262.0,7.9,170.0,0.0,11.6,17.2,3.8,3.0,10.6,12.8,11.95,50.6,Spring
2021-09-14,283.0,10.0,280.0,5.0,14.2,17.6,11.6,9.2,14.4,14.5,6.64,50.6,Spring
2021-09-15,347.0,15.5,308.0,14.9,14.4,16.4,12.0,12.8,16.0,15.8,4.63,50.5,Spring
2021-09-16,289.0,16.3,402.0,31.6,16.1,23.5,13.3,13.5,16.6,17.1,9.51,50.3,Spring
2021-09-17,27.0,12.7,311.0,11.7,13.3,16.5,9.7,10.1,11.7,16.7,11.05,50.5,Spring
2021-09-18,294.0,9.5,237.0,0.0,11.0,16.5,5.3,5.3,9.4,15.6,20.96,50.6,Spring
2021-09-19,241.0,11.0,212.0,0.0,9.8,15.4,2.7,2.6,10.0,13.9,12.13,50.3,Spring
2021-09-20,212.0,12.8,303.0,0.4,12.8,17.2,8.5,7.1,11.3,14.8,17.97,50.1,Spring
2021-09-21,254.0,9.8,253.0,0.0,12.0,18.6,6.0,5.1,11.2,14.9,16.24,49.8,Spring
2021-09-22,17.0,15.3,374.0,8.9,15.2,17.5,10.8,9.6,14.6,15.7,7.38,49.5,Spring
2021-09-23,41.0,17.3,650.0,54.7,14.3,18.4,10.7,8.9,14.5,16.5,8.28,50.5,Spring
2021-09-24,69.0,9.4,352.0,1.6,13.7,16.3,10.5,8.3,12.7,15.5,10.75,50.7,Spring
2021-09-25,264.0,11.7,321.0,0.0,12.6,18.0,7.2,6.1,12.4,15.2,18.44,50.7,Spring
2021-09-26,287.0,16.1,483.0,1.2,13.8,19.3,10.1,9.8,13.2,16.2,14.81,50.5,Spring
2021-09-27,225.0,10.4,206.0,0.0,11.1,15.2,7.2,6.4,9.7,15.7,12.47,50.2,Spring
2021-09-28,253.0,9.5,193.0,0.0,9.8,15.4,3.7,3.5,9.1,14.1,17.31,49.6,Spring
2021-09-29,268.0,11.0,284.0,1.7,10.7,16.1,5.0,4.0,10.1,13.7,16.83,49.3,Spring
2021-09-30,261.0,18.6,558.0,1.5,12.7,16.6,8.5,7.5,11.9,14.3,13.83,49.2,Spring
2021-10-01,225.0,10.4,206.0,0.0,11.6,16.6,7.2,5.8,10.2,14.4,10.95,49.0,Spring
2021-10-02,257.0,14.2,477.0,0.0,12.8,18.2,9.8,9.6,11.2,16.1,20.02,48.9,Spring
2021-10-03,237.0,11.1,265.0,1.0,13.6,18.2,7.4,6.7,12.6,16.2,10.47,48.7,Spring
2021-10-04,277.0,12.7,409.0,8.4,16.2,20.7,12.3,12.0,16.9,17.9,9.98,49.3,Spring
2021-10-05,250.0,7.3,219.0,1.0,15.8,20.4,11.8,11.2,16.0,18.2,14.8,49.8,Spring
2021-10-06,239.0,9.9,282.0,0.0,15.9,20.7,11.9,12.8,16.0,18.8,16.59,49.7,Spring
2021-10-07,121.0,13.0,326.0,40.4,15.3,18.0,13.4,13.3,16.2,18.4,5.08,49.7,Spring
2021-10-08,245.0,23.8,794.0,9.8,15.0,18.5,12.8,11.8,14.1,17.8,20.59,50.7,Spring
2021-10-09,43.0,10.7,390.0,0.1,14.3,17.4,11.1,9.9,12.9,17.4,18.62,50.8,Spring
2021-10-10,217.0,9.5,206.0,0.1,13.2,17.6,8.8,9.4,12.1,16.8,16.91,50.5,Spring
2021-10-11,217.0,9.5,206.0,1.2,13.4,17.0,9.0,8.6,11.1,16.5,15.24,50.1,Spring
2021-10-12,249.0,18.4,393.0,13.9,13.5,16.3,9.2,8.3,11.8,16.4,17.34,50.4,Spring
2021-10-13,308.0,14.2,456.0,1.4,11.1,16.6,6.6,6.1,9.2,14.9,20.97,50.7,Spring
2021-10-14,254.0,14.2,436.0,0.0,10.8,16.9,4.0,3.9,8.6,15.5,25.51,50.7,Spring
2021-10-15,254.0,14.2,436.0,0.0,10.9,17.8,4.1,4.3,9.3,16.1,26.79,50.1,Spring
2021-10-16,57.0,6.6,182.0,0.0,11.7,18.7,3.5,3.8,10.6,16.7,26.57,49.6,Spring
2021-10-17,268.0,14.0,743.0,1.6,15.9,17.7,13.7,11.9,14.7,17.1,7.37,49.4,Spring
2021-10-18,235.0,23.0,750.0,13.8,16.7,20.5,12.0,12.0,15.7,18.7,22.29,50.7,Spring
2021-10-19,271.0,9.7,300.0,0.0,15.3,20.8,10.0,10.0,13.5,18.5,23.11,50.6,Spring
2021-10-20,91.0,6.9,180.0,0.0,13.3,19.2,6.8,6.9,12.0,18.3,22.95,50.0,Spring
2021-10-21,117.0,12.7,429.0,7.7,14.3,15.7,11.6,12.6,14.1,17.7,4.69,49.6,Spring
2021-10-22,86.0,12.0,228.0,10.5,13.8,14.9,12.4,12.4,13.5,16.6,4.15,50.9,Spring
2021-10-23,158.0,13.6,355.0,15.7,13.6,15.0,11.9,11.8,13.5,16.0,4.81,51.0,Spring
2021-10-24,292.0,13.4,294.0,31.4,14.9,15.8,13.6,13.5,16.8,16.7,4.92,51.1,Spring
2021-10-25,82.0,10.8,429.0,4.1,16.7,20.1,15.2,15.2,18.3,18.7,13.16,51.2,Spring
2021-10-26,90.0,7.4,186.0,0.6,17.4,21.6,14.7,16.0,18.0,20.4,16.7,51.1,Spring
2021-10-27,278.0,12.3,325.0,0.4,17.5,22.2,14.1,15.2,17.2,21.0,18.57,51.1,Spring
2021-10-28,100.0,13.6,410.0,13.8,16.7,19.1,14.0,16.0,17.7,20.5,7.99,51.0,Spring
2021-10-29,283.0,16.6,626.0,0.8,16.3,20.5,13.0,13.4,15.5,20.3,27.45,51.2,Spring
2021-10-30,284.0,17.9,499.0,10.3,15.7,20.5,12.4,11.8,16.0,19.3,9.12,51.1,Spring
2021-10-31,81.0,8.1,179.0,6.2,15.9,18.4,10.8,12.0,16.0,19.1,11.45,51.3,Spring
2021-11-01,54.0,10.8,291.0,0.6,13.6,18.3,9.3,10.0,11.6,18.4,21.78,51.4,Spring
2021-11-02,82.0,8.3,206.0,0.0,13.6,19.5,7.2,8.1,11.5,17.8,16.55,51.2,Spring
2021-11-03,183.0,13.9,775.0,3.8,13.4,15.3,11.0,10.6,11.8,17.4,8.55,51.1,Spring
2021-11-04,241.0,7.9,178.0,0.0,14.9,20.2,10.8,9.6,11.5,17.5,15.29,51.1,Spring
2021-11-05,254.0,9.3,207.0,0.5,16.0,18.4,13.8,14.1,15.0,18.4,7.78,50.7,Spring
2021-11-06,275.0,13.9,423.0,0.3,17.2,21.7,13.0,14.6,16.1,19.9,22.35,50.5,Spring
2021-11-07,273.0,8.7,233.0,0.0,16.4,23.1,9.9,11.7,15.6,20.8,22.4,50.1,Spring
2021-11-08,53.0,8.7,210.0,0.0,15.9,21.5,12.1,12.9,15.5,20.6,20.36,49.7,Spring
2021-11-09,24.0,7.9,165.0,0.0,16.8,24.6,8.7,11.2,15.1,21.0,25.16,49.5,Spring
2021-11-10,16.0,7.8,257.0,0.0,17.0,23.3,9.9,12.1,16.1,21.4,19.54,49.3,Spring
2021-11-11,76.0,8.8,228.0,0.0,17.6,24.0,10.2,12.3,15.1,22.2,23.82,49.0,Spring
2021-11-12,313.0,12.6,319.0,4.1,17.6,23.5,11.9,13.7,17.2,21.9,14.01,48.9,Spring
2021-11-13,57.0,11.9,373.0,29.6,19.6,22.5,17.5,18.3,21.6,21.3,3.34,50.3,Spring
2021-11-14,188.0,13.4,357.0,25.4,20.1,24.5,16.7,15.9,21.0,21.6,13.62,51.9,Spring
2021-11-15,261.0,13.7,384.0,0.0,18.8,23.3,15.9,15.7,16.8,21.5,23.32,51.5,Spring
2021-11-16,76.0,8.8,228.0,0.0,18.2,23.2,12.0,13.2,15.7,21.5,24.85,50.5,Spring
2021-11-17,58.0,7.1,220.0,0.0,17.5,21.4,13.3,13.5,15.8,21.5,17.35,49.9,Spring
2021-11-18,73.0,7.1,208.0,0.0,15.2,21.2,10.0,10.9,12.4,20.6,18.62,49.6,Spring
2021-11-19,60.0,7.4,172.0,0.0,14.7,22.0,6.5,8.4,11.3,19.3,25.72,49.4,Spring
2021-11-20,24.0,7.9,165.0,0.0,15.8,22.6,8.2,13.0,14.4,19.6,23.82,49.2,Spring
2021-11-21,57.0,10.6,419.0,0.0,18.9,23.1,14.1,15.9,17.6,20.3,22.05,49.2,Spring
2021-11-22,335.0,12.2,329.0,0.0,19.9,25.2,15.9,17.5,18.5,21.2,13.97,49.1,Spring
2021-11-23,57.0,10.6,419.0,0.0,18.4,24.4,14.0,15.7,16.0,21.5,22.67,49.1,Spring
2021-11-24,280.0,11.6,372.0,3.0,17.0,20.6,13.3,15.9,16.6,21.2,18.0,49.1,Spring
2021-11-25,36.0,8.3,228.0,4.0,15.8,20.6,10.9,14.2,15.8,20.7,13.24,49.2,Spring
2021-11-26,52.0,7.6,228.0,0.0,16.7,24.0,10.7,13.2,14.9,20.5,16.72,49.2,Spring
2021-11-27,91.0,8.2,195.0,0.0,17.2,23.3,10.5,13.5,15.2,20.5,13.95,49.1,Spring
2021-11-28,91.0,8.2,195.0,0.0,17.9,23.8,10.0,14.3,15.9,20.6,15.93,49.1,Spring
2021-11-29,74.0,7.6,192.0,0.0,19.2,25.6,14.3,16.4,15.8,21.6,27.35,49.0,Spring
2021-11-30,226.0,7.0,188.0,0.0,18.9,25.5,13.3,16.8,16.6,21.9,21.74,48.8,Spring
2021-12-01,335.0,12.2,329.0,0.0,18.9,25.4,15.1,17.2,17.8,21.9,12.78,48.4,Summer
2021-12-02,222.0,9.5,240.0,0.0,19.2,23.0,17.1,17.6,17.8,21.6,14.82,48.3,Summer
2021-12-03,255.0,13.1,454.0,0.0,19.8,23.9,16.0,16.7,17.8,21.8,26.96,48.0,Summer
2021-12-04,50.0,5.2,146.0,0.9,19.1,21.4,17.8,17.7,18.5,21.4,7.55,47.6,Summer
2021-12-05,66.0,7.3,206.0,0.3,20.2,22.9,18.3,17.4,19.4,21.5,18.37,47.4,Summer
2021-12-06,66.0,7.3,206.0,0.0,21.1,25.1,18.6,18.2,19.9,22.1,20.08,46.9,Summer
2021-12-07,79.0,10.5,291.0,0.0,20.3,23.4,17.9,19.1,19.0,22.1,15.16,45.7,Summer
2021-12-08,288.0,8.7,198.0,0.0,20.6,25.8,15.7,18.0,18.6,22.5,18.44,44.4,Summer
2021-12-09,30.0,8.9,262.0,0.0,20.5,26.4,13.8,16.4,17.9,22.9,23.0,43.6,Summer
2021-12-10,74.0,7.6,192.0,0.0,19.6,26.4,12.9,16.7,17.3,23.0,24.4,44.4,Summer
2021-12-11,221.0,10.3,228.0,2.6,19.9,25.7,13.8,17.1,19.0,22.9,17.17,44.8,Summer
2021-12-12,354.0,10.4,368.0,19.1,20.5,23.1,19.0,20.1,21.8,22.8,7.62,47.3,Summer
2021-12-13,6.0,10.2,309.0,33.6,20.1,21.6,18.3,19.2,22.5,22.5,4.86,50.9,Summer
2021-12-14,57.0,11.9,373.0,32.8,19.3,21.0,16.6,18.3,21.1,21.6,4.09,51.5,Summer
2021-12-15,229.0,11.2,253.0,2.8,20.6,25.5,15.0,17.5,19.7,22.0,20.2,51.5,Summer
2021-12-16,17.0,19.4,493.0,4.6,18.7,23.3,13.8,17.1,18.6,22.0,20.17,51.5,Summer
2021-12-17,87.0,7.8,230.0,1.8,18.0,22.2,14.2,15.1,15.6,21.4,19.43,51.5,Summer
2021-12-18,70.0,7.3,224.0,0.0,17.6,21.9,13.0,14.5,13.4,20.9,24.71,51.0,Summer
2021-12-19,77.0,11.4,320.0,0.0,17.0,23.2,10.3,13.8,13.6,21.2,28.59,50.4,Summer
2021-12-20,77.0,11.4,320.0,0.0,17.4,25.0,9.3,13.1,14.8,22.1,29.63,49.7,Summer
2021-12-21,74.0,7.6,192.0,0.0,19.3,25.3,13.6,17.1,16.0,23.0,26.09,49.2,Summer
2021-12-22,229.0,11.2,253.0,0.0,20.1,25.6,16.0,18.1,19.2,23.0,19.78,48.7,Summer
2021-12-23,261.0,12.2,412.0,0.0,20.6,24.7,15.2,18.0,21.1,22.9,24.29,48.4,Summer
2021-12-24,60.0,9.4,309.0,0.0,20.6,25.0,16.3,17.6,17.3,23.1,29.03,47.9,Summer
2021-12-25,234.0,8.2,195.0,0.0,20.5,26.7,13.9,16.3,17.3,23.1,28.47,47.3,Summer
2021-12-26,74.0,7.6,192.0,0.0,20.7,26.4,14.1,18.3,18.4,23.9,27.68,46.6,Summer
2021-12-27,229.0,11.2,253.0,0.0,20.1,25.3,13.6,17.9,18.9,23.7,21.05,45.2,Summer
2021-12-28,54.0,8.5,263.0,0.0,20.8,23.7,19.5,21.0,20.6,23.7,14.33,44.5,Summer
2021-12-29,57.0,10.6,419.0,2.8,18.6,22.0,15.1,16.6,15.0,23.3,22.56,44.6,Summer
2021-12-30,87.0,7.8,230.0,0.0,18.1,22.2,14.7,15.3,13.6,22.0,20.56,44.2,Summer
2021-12-31,87.0,8.4,217.0,0.0,18.5,23.8,13.3,14.9,13.8,21.9,26.88,43.5,Summer
2022-01-01,234.0,8.2,195.0,0.0,18.8,25.2,12.2,15.0,15.3,22.3,30.5,42.1,Summer
2022-01-02,60.0,9.4,309.0,0.0,20.3,24.6,14.7,17.4,18.3,23.0,31.24,40.2,Summer
2022-01-03,60.0,9.4,309.0,0.0,21.2,25.7,16.1,18.6,16.6,23.8,29.56,37.8,Summer
2022-01-04,234.0,8.2,195.0,0.0,20.5,27.4,12.9,17.0,16.4,24.6,29.77,35.5,Summer
2022-01-05,242.0,9.5,236.0,0.0,20.3,27.4,13.6,17.7,17.4,25.0,24.93,33.3,Summer
2022-01-06,282.0,12.5,381.0,0.0,20.5,25.2,15.5,18.1,17.3,24.4,24.34,31.4,Summer
2022-01-07,50.0,5.2,146.0,0.0,18.4,20.3,16.2,18.1,18.1,23.3,7.98,30.3,Summer
2022-01-08,221.0,10.3,228.0,1.2,19.8,25.8,14.0,14.6,18.1,23.3,16.78,29.8,Summer
2022-01-09,226.0,7.0,188.0,0.0,20.1,27.2,12.9,15.7,18.2,23.5,20.13,29.1,Summer
2022-01-10,229.0,11.2,253.0,0.0,21.3,28.2,15.4,17.9,18.2,23.9,23.17,28.0,Summer
2022-01-11,218.0,10.9,264.0,0.0,21.0,27.8,13.0,16.0,16.5,24.2,26.01,26.6,Summer
2022-01-12,74.0,7.6,192.0,0.0,20.0,26.6,13.8,16.3,16.9,24.1,26.71,25.5,Summer
2022-01-13,66.0,8.1,202.0,0.0,19.1,25.0,11.4,15.4,15.8,23.8,27.81,24.4,Summer
2022-01-14,246.0,11.1,334.0,0.0,19.9,23.6,16.8,18.4,14.8,23.4,24.16,23.9,Summer
2022-01-15,246.0,11.1,334.0,0.0,20.0,23.7,16.2,16.5,14.8,23.3,20.69,23.9,Summer
2022-01-16,249.0,8.4,221.0,0.0,21.0,25.6,16.7,17.0,13.5,23.9,30.07,23.8,Summer
2022-01-17,60.0,9.4,309.0,0.0,20.6,26.7,15.0,16.2,18.4,24.6,29.62,23.0,Summer
2022-01-18,249.0,8.4,221.0,0.0,20.7,26.2,15.4,16.5,16.7,24.6,29.79,22.5,Summer
2022-01-19,234.0,8.2,195.0,0.0,20.1,28.5,12.4,14.8,16.3,24.9,28.63,22.2,Summer
2022-01-20,207.0,6.8,144.0,0.0,19.0,25.5,14.5,17.3,16.7,24.3,11.86,21.8,Summer
2022-01-21,53.0,8.7,210.0,0.0,18.0,23.7,12.1,13.7,13.1,23.5,22.26,21.6,Summer
2022-01-22,73.0,8.3,188.0,0.0,18.0,25.4,10.0,12.4,14.9,23.7,29.46,21.3,Summer
2022-01-23,75.0,8.9,218.0,0.0,18.4,24.1,11.6,13.8,15.9,24.1,18.21,20.9,Summer
2022-01-24,83.0,19.2,643.0,4.6,18.9,20.7,17.3,18.8,18.8,23.4,6.14,21.4,Summer
2022-01-25,249.0,9.2,374.0,2.0,20.9,24.7,19.4,18.1,21.5,22.7,10.59,22.2,Summer
2022-01-26,6.0,13.9,474.0,14.6,21.4,27.2,16.6,17.2,21.5,23.6,17.34,24.1,Summer
2022-01-27,46.0,12.8,439.0,0.2,20.3,23.5,15.9,15.8,16.2,23.5,28.91,26.9,Summer
2022-01-28,87.0,8.4,217.0,0.0,19.6,23.5,14.6,15.4,14.9,22.9,28.04,26.1,Summer
2022-01-29,77.0,11.4,320.0,0.0,18.4,25.4,11.4,13.8,15.0,23.3,27.67,25.2,Summer
2022-01-30,77.0,11.4,320.0,0.0,18.8,25.3,12.2,14.2,15.7,23.9,27.67,24.2,Summer
2022-01-31,58.0,7.6,187.0,0.0,19.2,24.5,12.7,14.2,17.2,23.8,22.02,23.5,Summer
2022-02-01,66.0,7.3,206.0,0.0,21.6,25.4,18.4,19.8,19.5,23.8,18.91,22.9,Summer
2022-02-02,66.0,7.3,206.0,0.1,21.9,25.0,19.1,19.7,20.3,23.9,19.0,22.3,Summer
2022-02-03,245.0,9.2,274.0,0.1,21.6,25.2,19.1,18.4,20.2,23.8,15.14,21.9,Summer
2022-02-04,262.0,10.0,381.0,0.0,22.3,26.2,18.6,18.5,20.7,24.0,21.69,21.5,Summer
2022-02-05,260.0,13.7,450.0,0.0,22.6,25.0,20.2,20.6,22.3,24.1,8.75,21.2,Summer
2022-02-06,52.0,5.2,159.0,13.8,22.6,26.2,19.0,20.4,24.6,24.1,8.05,22.5,Summer
2022-02-07,87.0,15.5,657.0,56.7,20.4,22.7,18.1,18.6,23.0,22.9,7.75,42.4,Summer
2022-02-08,3.0,13.9,537.0,4.8,22.3,23.3,19.8,20.9,25.7,23.8,8.51,41.1,Summer
2022-02-09,260.0,13.7,450.0,1.5,22.8,25.5,20.6,21.1,25.3,24.2,11.85,39.7,Summer
2022-02-10,38.0,7.4,255.0,0.0,23.4,26.7,20.0,20.9,23.5,24.6,20.94,40.0,Summer
2022-02-11,260.0,13.7,450.0,1.4,23.8,27.4,20.3,20.9,26.6,24.8,11.58,40.9,Summer
2022-02-12,3.0,13.9,537.0,1.0,24.4,26.1,23.5,22.6,27.3,24.9,5.25,40.7,Summer
2022-02-13,229.0,11.2,253.0,0.6,20.9,25.3,16.2,17.0,18.5,23.3,20.39,40.5,Summer
2022-02-14,53.0,8.7,210.0,0.0,18.0,24.8,11.3,12.3,14.6,22.3,21.26,39.9,Summer
2022-02-15,77.0,11.4,320.0,0.0,18.5,25.0,13.7,13.0,13.3,22.5,28.6,39.2,Summer
2022-02-16,195.0,6.8,170.0,0.0,17.1,25.0,10.2,11.6,14.0,22.4,23.74,38.3,Summer
2022-02-17,220.0,6.6,184.0,0.0,17.6,23.4,11.7,12.6,15.2,22.1,12.72,37.6,Summer
2022-02-18,76.0,8.8,228.0,0.0,18.6,24.7,10.5,12.2,16.8,22.4,25.15,36.6,Summer
2022-02-19,264.0,13.7,313.0,0.0,19.4,25.0,15.3,16.0,17.8,22.8,17.27,35.4,Summer
2022-02-20,82.0,6.6,137.0,0.4,19.1,25.6,11.8,13.5,14.5,22.8,15.9,34.3,Summer
2022-02-21,74.0,7.6,192.0,0.0,19.8,25.8,13.2,13.9,18.6,23.2,27.04,33.1,Summer
2022-02-22,74.0,7.6,192.0,0.0,19.6,25.5,13.8,14.0,17.5,23.5,26.89,31.7,Summer
2022-02-23,234.0,8.2,195.0,0.0,20.6,27.6,12.9,14.4,17.5,24.1,27.33,30.2,Summer
2022-02-24,249.0,8.4,221.0,2.4,20.8,25.5,17.0,17.5,19.5,24.4,26.99,30.2,Summer
2022-02-25,74.0,7.6,192.0,0.0,19.5,24.8,14.1,15.4,16.2,24.3,25.3,29.0,Summer
2022-02-26,65.0,5.4,124.0,0.0,17.7,25.1,11.6,12.8,14.5,23.2,12.69,27.8,Summer
2022-02-27,195.0,6.8,170.0,0.0,17.8,24.3,11.0,12.4,14.5,22.7,23.0,27.0,Summer
2022-02-28,87.0,7.8,230.0,1.2,18.5,21.9,14.6,15.8,16.4,23.0,20.48,26.7,Summer
2022-03-01,211.0,12.7,355.0,0.0,18.3,24.7,13.0,14.1,18.5,22.9,18.91,26.0,Autumn
2022-03-02,220.0,6.6,184.0,0.2,17.6,22.8,12.4,13.6,16.3,22.1,10.58,25.5,Autumn
2022-03-03,87.0,7.8,230.0,0.0,19.3,22.4,15.9,14.3,13.2,21.5,20.69,25.1,Autumn
2022-03-04,277.0,9.6,296.0,0.0,19.7,23.8,17.1,15.7,24.5,21.6,16.22,24.5,Autumn
2022-03-05,27.0,9.9,281.0,0.0,20.3,24.0,16.8,15.1,26.3,22.1,21.76,24.0,Autumn
2022-03-06,27.0,9.9,281.0,0.0,20.1,24.3,15.5,14.6,24.9,22.5,23.4,23.6,Autumn
2022-03-07,264.0,13.1,377.0,1.2,19.2,25.0,12.8,13.8,28.1,22.6,21.11,22.3,Autumn
2022-03-08,253.0,13.5,356.0,0.0,19.9,24.8,14.4,14.5,23.4,22.7,18.88,22.7,Autumn
2022-03-09,282.0,10.8,377.0,0.0,20.6,24.4,17.7,15.2,21.0,23.0,24.75,22.4,Autumn
2022-03-10,10.0,11.0,279.0,0.0,20.2,23.2,18.3,16.0,20.0,22.8,18.12,21.9,Autumn
2022-03-11,264.0,13.7,313.0,0.0,20.0,23.9,15.0,14.8,16.1,22.4,14.96,21.6,Autumn
2022-03-12,155.0,4.3,105.0,0.0,19.1,24.6,13.8,14.2,18.7,22.5,11.59,21.3,Autumn
2022-03-13,288.0,8.7,198.0,0.0,20.7,25.3,15.6,15.7,18.9,23.2,18.16,21.1,Autumn
2022-03-14,269.0,13.0,328.0,0.0,18.6,25.7,12.8,13.1,14.9,23.0,24.19,20.8,Autumn
2022-03-15,244.0,10.6,281.0,0.0,17.8,26.7,9.7,12.1,21.3,22.5,15.7,20.5,Autumn
2022-03-16,82.0,7.8,181.0,0.2,17.8,23.3,12.6,13.2,16.3,22.2,19.37,20.3,Autumn
2022-03-17,53.0,8.7,210.0,0.0,16.9,22.8,11.7,12.9,13.9,22.0,21.73,20.2,Autumn
2022-03-18,185.0,5.7,104.0,9.7,16.5,21.3,11.1,12.7,16.0,21.4,11.77,20.6,Autumn
2022-03-19,192.0,7.4,206.0,5.1,17.8,21.1,15.1,15.3,18.1,21.0,10.95,25.5,Autumn
2022-03-20,100.0,13.6,410.0,10.5,19.4,21.5,17.1,16.4,17.3,20.1,7.14,30.4,Autumn
2022-03-21,96.0,11.4,323.0,110.3,20.3,26.1,17.1,17.2,20.6,21.2,15.71,45.0,Autumn
2022-03-22,49.0,17.6,511.0,17.0,20.4,24.6,17.3,17.1,20.9,21.4,10.37,44.4,Autumn
2022-03-23,10.0,10.4,286.0,16.4,19.1,22.9,15.4,15.8,19.6,21.2,10.7,47.3,Autumn
2022-03-24,112.0,10.7,381.0,0.7,18.6,21.7,14.1,15.0,18.0,20.3,10.32,44.3,Autumn
2022-03-25,222.0,9.5,240.0,0.1,19.3,24.0,16.7,15.4,16.7,20.1,15.19,44.2,Autumn
2022-03-26,17.0,11.6,342.0,0.0,18.9,23.5,15.2,13.4,13.2,19.6,20.23,43.2,Autumn
2022-03-27,246.0,9.6,257.0,0.0,16.8,23.1,11.3,11.6,13.2,19.2,14.71,41.0,Autumn
2022-03-28,200.0,7.8,208.0,0.0,16.7,23.4,9.9,10.6,13.2,19.3,20.75,40.5,Autumn
2022-03-29,30.0,10.1,270.0,0.0,19.6,26.7,12.6,13.2,10.5,20.0,18.94,39.9,Autumn
2022-03-30,195.0,6.8,170.0,0.0,18.7,25.6,12.4,13.6,10.5,20.7,20.59,39.3,Autumn
2022-03-31,211.0,12.7,355.0,0.0,18.6,26.3,12.1,13.3,15.6,20.9,17.46,38.7,Autumn
2022-04-01,82.0,8.0,175.0,0.0,18.6,24.3,11.4,14.6,19.0,21.1,13.54,38.0,Autumn
2022-04-02,82.0,8.0,175.0,0.0,18.3,25.5,11.9,13.6,19.0,20.8,13.26,37.3,Autumn
2022-04-03,87.0,6.2,147.0,0.0,17.5,24.6,12.4,14.0,19.0,20.8,12.93,36.6,Autumn
2022-04-04,246.0,9.6,257.0,0.0,17.3,24.0,11.1,13.0,10.2,20.3,12.62,35.9,Autumn
2022-04-05,279.0,8.8,235.0,4.4,18.7,23.8,14.4,15.4,17.8,20.6,8.69,36.5,Autumn
2022-04-06,79.0,10.5,291.0,1.9,20.1,24.0,17.4,17.0,20.4,21.0,15.31,37.0,Autumn
2022-04-07,82.0,8.0,175.0,1.8,17.4,22.8,13.0,14.1,12.2,20.2,14.61,37.0,Autumn
2022-04-08,216.0,6.6,155.0,0.7,14.9,21.6,9.3,11.0,13.5,19.2,15.3,36.7,Autumn
2022-04-09,46.0,6.0,150.0,0.0,16.3,21.7,10.8,13.0,12.7,19.3,17.74,36.3,Autumn
2022-04-10,46.0,6.0,150.0,0.0,15.9,23.5,10.5,11.6,14.4,19.3,19.0,35.8,Autumn
2022-04-11,14.0,9.8,229.0,0.0,15.7,21.8,8.0,10.5,14.9,18.7,14.11,35.2,Autumn
2022-04-12,82.0,13.6,589.0,9.2,18.6,20.6,16.4,16.3,18.0,19.5,5.62,36.1,Autumn
2022-04-13,239.0,14.2,498.0,12.4,17.6,21.4,13.9,13.8,18.1,19.1,10.37,43.1,Autumn
2022-04-14,272.0,9.4,222.0,0.0,14.4,20.5,6.8,10.2,11.5,18.0,15.7,43.4,Autumn
2022-04-15,216.0,5.9,130.0,0.0,13.1,20.4,7.3,8.8,12.7,17.3,17.93,42.5,Autumn
2022-04-16,9.0,6.6,177.0,0.0,14.8,21.9,6.4,9.5,0.6,17.6,12.52,41.9,Autumn
2022-04-17,129.0,10.3,274.0,0.0,17.8,21.5,14.0,13.4,1.8,18.4,10.19,41.7,Autumn
2022-04-18,60.0,13.4,319.0,22.9,17.7,18.7,14.3,15.9,17.8,18.4,1.39,46.4,Autumn
2022-04-19,64.0,15.7,604.0,33.7,19.3,20.6,18.4,17.4,6.2,19.5,4.31,52.0,Autumn
2022-04-20,270.0,9.9,300.0,2.4,19.8,22.2,18.8,18.6,21.9,20.2,7.3,48.2,Autumn
2022-04-21,180.0,7.8,200.0,2.0,20.0,22.8,16.7,18.4,19.0,20.4,10.27,47.6,Autumn
2022-04-22,20.0,16.4,544.0,1.4,17.9,21.2,14.6,12.5,18.7,20.0,9.47,47.3,Autumn
2022-04-23,241.0,7.9,178.0,0.0,15.0,19.6,9.6,9.8,13.9,18.0,15.64,47.8,Autumn
2022-04-24,58.0,6.1,147.0,2.0,15.0,19.6,9.6,10.4,13.9,17.2,9.86,47.7,Autumn
2022-04-25,264.0,13.8,536.0,4.6,14.9,20.0,11.0,11.0,13.0,17.4,13.62,48.3,Autumn
2022-04-26,215.0,5.8,157.0,0.0,14.4,21.2,8.5,8.4,12.4,17.1,11.67,47.8,Autumn
2022-04-27,138.0,5.1,125.0,0.0,15.1,21.1,10.5,10.9,14.0,17.6,8.47,47.4,Autumn
2022-04-28,58.0,6.1,147.0,0.0,16.2,20.8,8.7,10.4,13.9,17.6,10.02,48.2,Autumn
2022-04-29,57.0,10.2,249.0,2.0,15.1,20.2,10.6,10.9,14.6,17.6,8.46,48.2,Autumn
2022-04-30,7.0,7.9,208.0,0.0,16.2,20.4,10.5,9.8,14.8,17.2,11.62,48.2,Autumn
2022-05-01,308.0,7.5,173.0,0.0,14.5,20.7,8.7,9.5,13.6,17.1,11.85,48.1,Autumn
2022-05-02,215.0,5.8,157.0,0.0,14.5,21.5,9.1,9.2,15.0,16.9,11.91,48.0,Autumn
2022-05-03,58.0,6.1,147.0,0.0,15.0,20.6,9.8,9.6,13.9,17.0,10.76,47.8,Autumn
2022-05-04,58.0,6.1,147.0,0.0,16.1,20.4,10.6,10.2,13.9,17.0,8.22,47.7,Autumn
2022-05-05,257.0,11.9,330.0,0.6,17.3,20.6,14.6,12.1,15.8,17.3,10.9,47.5,Autumn
2022-05-06,14.0,9.8,229.0,0.0,15.7,20.9,9.2,10.0,13.9,17.5,14.44,47.2,Autumn
2022-05-07,267.0,10.6,264.0,0.0,13.0,19.9,8.0,8.3,12.4,16.5,11.39,47.0,Autumn
2022-05-08,267.0,10.6,264.0,0.0,12.6,20.7,6.7,7.5,11.0,15.8,10.09,45.7,Autumn
2022-05-09,236.0,8.2,200.0,0.4,13.9,20.0,7.1,8.1,13.0,15.8,7.12,45.3,Autumn
2022-05-10,123.0,5.9,172.0,0.6,14.8,20.0,11.0,9.8,13.2,16.3,12.74,45.1,Autumn
2022-05-11,85.0,6.4,170.0,0.0,12.0,16.9,7.4,7.1,10.4,15.2,13.98,44.7,Autumn
2022-05-12,237.0,10.8,233.0,0.0,9.9,16.6,3.5,3.5,10.3,14.2,13.84,44.4,Autumn
2022-05-13,237.0,10.8,233.0,0.0,9.8,19.2,3.5,3.6,10.3,13.7,12.92,44.1,Autumn
2022-05-14,4.0,10.3,276.0,0.0,13.4,17.8,6.0,8.3,13.0,14.5,6.1,45.7,Autumn
2022-05-15,274.0,13.4,499.0,0.2,17.0,19.7,12.9,11.8,14.8,15.7,5.82,45.9,Autumn
2022-05-16,119.0,15.8,457.0,2.7,18.1,19.8,16.0,15.4,16.5,17.0,4.1,45.6,Autumn
2022-05-17,102.0,11.8,392.0,1.0,18.5,22.5,16.8,15.4,17.4,17.8,6.66,43.6,Autumn
2022-05-18,23.0,13.4,367.0,13.3,17.8,19.2,16.6,16.1,18.4,17.9,2.71,44.8,Autumn
2022-05-19,286.0,15.4,305.0,20.6,17.5,19.4,14.0,13.5,17.7,17.9,2.23,50.8,Autumn
2022-05-20,286.0,7.8,224.0,5.0,14.0,18.0,9.6,9.2,15.4,16.3,7.89,51.4,Autumn
2022-05-21,240.0,13.5,345.0,0.2,14.0,17.8,11.0,8.7,12.9,14.6,8.47,50.6,Autumn
2022-05-22,279.0,19.0,581.0,0.7,14.7,17.7,12.0,10.1,14.7,15.0,8.68,49.1,Autumn
2022-05-23,231.0,12.4,294.0,1.6,12.9,17.3,8.3,7.7,13.5,14.7,9.18,48.8,Autumn
2022-05-24,280.0,10.6,239.0,0.0,11.8,16.9,7.7,6.9,12.7,14.4,6.22,48.6,Autumn
2022-05-25,248.0,9.8,266.0,0.0,13.6,18.0,9.7,8.2,12.1,14.5,8.64,48.3,Autumn
2022-05-26,178.0,5.5,127.0,0.2,11.8,17.9,7.2,6.9,11.0,14.3,8.06,48.2,Autumn
2022-05-27,347.0,4.5,114.0,0.0,12.1,16.0,6.5,6.7,11.6,13.9,4.8,48.2,Autumn
2022-05-28,7.0,7.4,163.0,0.0,13.3,18.9,4.8,5.8,12.9,13.9,8.93,48.0,Autumn
2022-05-29,50.0,12.7,423.0,13.6,16.0,17.7,13.4,11.6,16.5,14.6,4.07,48.2,Autumn
2022-05-30,292.0,13.4,294.0,31.2,17.5,22.5,13.4,11.3,16.6,16.3,5.83,51.2,Autumn
2022-05-31,268.0,28.8,729.0,9.5,16.0,20.0,11.1,9.7,17.3,15.8,8.15,51.1,Autumn
2022-06-01,52.0,13.6,380.0,12.1,16.8,20.6,12.9,11.6,15.4,16.3,8.81,51.3,Winter
2022-06-02,86.0,12.0,228.0,9.9,14.8,17.2,11.4,11.0,15.0,15.5,4.66,51.1,Winter
2022-06-03,323.0,12.5,410.0,9.3,13.4,16.3,11.3,9.9,13.3,14.5,6.04,51.4,Winter
2022-06-04,245.0,11.6,325.0,0.0,12.0,17.5,7.4,6.1,11.9,13.7,8.02,51.5,Winter
2022-06-05,222.0,20.0,572.0,9.5,14.4,15.7,12.8,12.3,14.3,14.0,2.43,51.5,Winter
2022-06-06,51.0,12.5,244.0,11.9,13.8,18.6,7.3,5.7,14.1,14.8,8.14,51.4,Winter
2022-06-07,283.0,13.6,338.0,1.4,12.3,17.1,5.5,4.7,13.8,13.6,3.24,51.4,Winter
2022-06-08,280.0,10.6,239.0,0.0,13.2,17.6,8.1,6.6,13.4,14.1,7.15,51.3,Winter
2022-06-09,276.0,11.7,318.0,0.7,13.5,16.4,8.2,5.4,13.4,13.9,3.42,51.0,Winter
2022-06-10,356.0,16.8,421.0,2.4,12.8,17.0,8.3,5.8,12.6,13.2,7.05,51.2,Winter
2022-06-11,233.0,12.8,395.0,12.8,13.3,18.2,10.1,7.7,13.2,13.5,8.3,51.3,Winter
2022-06-12,288.0,18.4,644.0,4.5,13.6,17.2,10.1,7.9,12.5,13.2,7.26,51.3,Winter
2022-06-13,260.0,21.5,807.0,14.0,12.2,16.0,9.5,8.0,10.5,12.8,8.29,51.3,Winter
2022-06-14,283.0,13.8,467.0,3.5,13.0,15.9,10.0,8.6,9.9,11.9,9.27,51.4,Winter
2022-06-15,288.0,18.4,644.0,4.1,13.0,16.5,10.8,8.3,11.9,12.4,8.96,51.5,Winter
2022-06-16,80.0,11.4,369.0,0.0,12.2,17.2,7.6,5.1,10.9,12.3,10.26,51.5,Winter
2022-06-17,245.0,11.6,325.0,0.0,11.7,16.8,7.4,5.4,12.0,12.4,6.16,51.4,Winter
2022-06-18,275.0,14.7,208.0,4.4,12.7,16.0,6.4,4.4,14.3,12.6,1.68,51.2,Winter
2022-06-19,283.0,10.8,303.0,1.4,13.1,16.0,10.4,8.5,13.8,13.6,4.87,51.3,Winter
2022-06-20,195.0,10.4,356.0,0.0,11.4,13.0,9.7,7.7,9.1,12.7,3.83,51.3,Winter
2022-06-21,285.0,11.9,231.0,0.0,9.2,12.7,5.2,3.0,7.8,11.2,9.65,51.2,Winter
2022-06-22,95.0,6.4,151.0,0.0,7.6,13.6,2.8,-0.2,8.0,10.4,11.03,50.8,Winter
2022-06-23,54.0,5.7,135.0,0.0,9.4,15.2,1.9,0.4,9.8,10.4,7.84,50.5,Winter
2022-06-24,26.0,18.8,622.0,18.3,12.8,15.1,11.0,7.6,13.2,11.9,4.11,50.4,Winter
2022-06-25,241.0,13.2,420.0,1.9,12.0,17.0,6.4,5.3,12.8,12.3,7.26,50.8,Winter
2022-06-26,299.0,11.5,309.0,0.0,12.1,17.4,6.5,3.5,12.7,12.2,9.08,50.8,Winter
2022-06-27,240.0,4.2,118.0,0.0,9.4,15.8,5.0,1.9,9.9,11.3,9.06,50.8,Winter
2022-06-28,270.0,9.7,238.0,2.9,10.4,16.3,4.9,3.6,11.3,11.4,5.97,50.7,Winter
2022-06-29,155.0,14.0,431.0,13.5,11.8,13.7,9.8,9.7,12.9,12.4,1.9,50.8,Winter
2022-06-30,57.0,13.7,484.0,0.0,12.8,15.3,10.4,8.6,10.8,12.0,7.12,50.9,Winter
2022-07-01,346.0,11.4,306.0,1.0,13.2,17.2,9.2,8.3,12.6,12.6,7.88,50.9,Winter
2022-07-02,232.0,8.6,228.0,0.0,9.8,15.4,4.6,2.9,10.1,12.2,6.74,50.7,Winter
2022-07-03,82.0,5.8,117.0,0.0,8.5,15.7,3.3,2.1,9.9,11.1,9.12,50.8,Winter
2022-07-04,27.0,6.8,177.0,0.0,9.0,14.5,3.9,1.6,10.1,10.7,5.41,50.7,Winter
2022-07-05,357.0,13.8,419.0,18.2,11.7,15.4,7.2,6.2,13.3,11.4,1.65,50.6,Winter
2022-07-06,274.0,13.8,428.0,6.2,12.8,15.0,7.9,6.5,13.5,12.9,3.47,51.0,Winter
2022-07-07,56.0,19.1,670.0,20.8,13.9,14.9,12.5,12.0,14.3,12.9,1.53,51.0,Winter
2022-07-08,67.0,13.8,572.0,23.8,16.7,19.3,13.8,14.0,17.4,14.4,3.21,50.9,Winter
2022-07-09,256.0,11.9,348.0,1.4,14.8,17.4,11.5,8.4,13.8,14.3,9.22,50.8,Winter
2022-07-10,283.0,10.8,303.0,0.0,13.4,16.9,10.1,8.2,13.5,13.6,5.87,50.8,Winter
2022-07-11,288.0,16.4,346.0,31.9,14.2,16.9,10.4,9.6,15.8,13.8,1.36,50.9,Winter
2022-07-12,41.0,17.3,650.0,54.5,15.3,18.2,12.1,10.9,15.4,14.9,6.06,50.7,Winter
2022-07-13,243.0,10.0,343.0,1.7,13.5,17.1,10.6,9.7,13.2,14.0,8.06,50.7,Winter
2022-07-14,52.0,12.3,262.0,21.3,10.8,12.5,8.6,8.2,12.4,13.1,1.23,50.6,Winter
2022-07-15,75.0,17.1,481.0,2.2,10.9,15.8,5.6,4.5,11.2,12.8,8.32,50.7,Winter
2022-07-16,286.0,8.0,196.0,0.3,8.9,14.2,4.8,3.3,9.9,11.7,9.76,50.8,Winter
2022-07-17,82.0,5.8,117.0,1.5,7.8,15.0,2.7,1.3,8.7,10.9,10.57,51.0,Winter
2022-07-18,205.0,6.5,134.0,0.4,9.3,15.5,2.5,1.2,10.4,10.8,5.42,51.1,Winter
2022-07-19,38.0,12.3,335.0,37.3,14.2,17.1,11.4,9.6,14.5,12.5,7.06,50.8,Winter
2022-07-20,233.0,12.8,395.0,13.8,12.2,17.4,7.3,6.8,13.3,13.3,6.39,50.8,Winter
2022-07-21,196.0,11.6,324.0,7.1,10.2,14.0,6.3,5.7,10.8,12.1,9.37,50.8,Winter
2022-07-22,121.0,5.7,177.0,0.0,9.2,14.0,3.9,2.2,9.2,11.5,12.17,50.8,Winter
2022-07-23,250.0,13.6,354.0,0.9,10.0,14.6,3.7,2.2,10.3,10.9,7.33,50.9,Winter
2022-07-24,291.0,11.8,346.0,21.5,12.0,12.8,10.6,10.6,13.1,11.9,1.68,51.1,Winter
2022-07-25,47.0,19.0,597.0,58.4,13.9,16.0,12.2,12.0,15.3,12.7,1.08,50.8,Winter
2022-07-26,354.0,9.0,217.0,12.9,14.2,17.2,11.2,11.0,13.6,13.7,9.1,50.9,Winter
2022-07-27,288.0,18.4,644.0,4.6,12.7,15.9,10.6,8.1,11.1,12.9,8.61,50.8,Winter
2022-07-28,53.0,12.1,292.0,8.0,13.3,16.8,10.0,9.0,12.7,13.0,9.13,50.9,Winter
2022-07-29,80.0,11.4,369.0,0.0,11.8,15.9,6.0,5.1,10.2,12.4,10.28,51.0,Winter
2022-07-30,14.0,10.4,264.0,0.2,10.7,16.8,3.3,2.9,10.4,11.6,11.39,51.2,Winter
2022-07-31,230.0,11.6,347.0,5.1,10.3,13.2,7.6,4.5,9.8,11.7,10.5,51.0,Winter
2022-08-01,209.0,9.0,256.0,0.2,9.1,15.2,4.0,2.9,9.0,10.9,12.42,51.1,Winter
2022-08-02,54.0,5.7,135.0,0.0,8.2,15.2,1.7,1.1,9.3,10.3,8.27,51.3,Winter
2022-08-03,266.0,18.0,457.0,0.0,11.2,17.0,6.4,4.9,11.4,11.4,8.66,50.9,Winter
2022-08-04,262.0,7.9,170.0,0.0,9.8,17.1,4.4,4.0,10.9,11.4,12.39,50.7,Winter
2022-08-05,286.0,8.0,196.0,0.0,8.6,17.1,2.5,2.7,9.9,11.1,11.28,50.3,Winter
2022-08-06,69.0,5.8,141.0,0.0,9.6,17.0,1.6,1.9,10.3,11.0,10.46,50.1,Winter
2022-08-07,38.0,13.1,400.0,40.4,13.2,15.3,10.0,9.4,14.0,12.3,2.29,50.3,Winter
2022-08-08,295.0,14.3,454.0,21.6,11.8,16.6,8.7,8.4,12.6,12.7,8.81,51.3,Winter
2022-08-09,127.0,12.4,381.0,9.9,11.2,15.3,7.6,7.0,11.9,12.8,9.68,51.4,Winter
2022-08-10,311.0,13.0,261.0,5.8,9.6,14.2,6.2,6.1,10.7,12.3,7.26,51.5,Winter
2022-08-11,231.0,13.2,304.0,0.0,8.7,13.8,3.3,3.9,9.1,11.7,13.29,51.6,Winter
2022-08-12,174.0,9.7,276.0,0.0,8.2,12.9,2.0,1.8,7.2,10.6,15.11,51.5,Winter
2022-08-13,172.0,11.1,298.0,2.4,9.5,14.2,5.7,4.7,10.7,11.1,10.31,51.2,Winter
2022-08-14,286.0,8.0,196.0,0.0,8.3,15.1,3.5,3.5,9.0,11.3,10.08,51.3,Winter
2022-08-15,56.0,5.7,139.0,1.6,10.4,13.9,4.9,6.2,11.8,11.3,3.83,50.9,Winter
2022-08-16,88.0,7.6,132.0,1.5,15.2,16.6,13.0,11.6,14.7,12.7,3.4,50.9,Winter
2022-08-17,281.0,14.8,431.0,12.1,15.8,16.8,14.8,14.3,15.8,13.8,1.94,51.3,Winter
2022-08-18,43.0,15.8,454.0,29.6,16.5,17.6,15.5,15.1,17.4,14.6,1.44,51.5,Winter
2022-08-19,4.0,13.9,518.0,4.1,17.0,17.5,16.3,16.0,17.4,15.1,1.41,51.3,Winter
2022-08-20,283.0,7.8,204.0,6.3,16.7,21.0,13.3,12.8,16.2,15.6,9.73,51.3,Winter
2022-08-21,210.0,13.0,388.0,0.0,14.6,19.7,10.3,9.4,14.0,14.9,11.63,51.3,Winter
2022-08-22,286.0,12.6,317.0,2.0,12.8,16.8,9.4,9.2,12.2,14.1,8.07,51.4,Winter
2022-08-23,249.0,15.5,474.0,0.8,12.0,16.8,6.8,7.1,11.6,13.4,15.33,51.5,Winter
2022-08-24,226.0,11.4,264.0,0.0,11.0,15.3,6.3,6.8,11.5,12.9,8.73,51.2,Winter
2022-08-25,353.0,18.6,362.0,8.2,13.3,16.6,9.0,10.2,13.9,13.2,2.9,51.2,Winter
2022-08-26,183.0,13.9,775.0,2.6,13.8,17.4,11.3,11.0,14.0,13.8,8.63,51.4,Winter
2022-08-27,231.0,18.4,669.0,0.0,12.9,16.1,10.0,9.6,11.3,13.3,14.15,51.5,Winter
2022-08-28,249.0,15.5,474.0,0.0,12.1,16.7,7.2,8.2,11.3,13.4,16.26,51.5,Winter
2022-08-29,274.0,14.0,402.0,0.0,10.9,14.9,6.5,7.4,10.2,12.9,11.11,51.0,Winter
2022-08-30,274.0,14.0,402.0,0.0,10.9,15.1,6.7,7.7,10.0,12.3,10.99,50.6,Winter
2022-08-31,203.0,10.8,181.0,0.0,10.0,14.9,4.5,5.8,10.3,12.1,8.43,50.2,Winter
2022-09-01,255.0,6.2,137.0,0.0,9.1,16.4,3.3,5.3,9.0,12.0,13.7,49.9,Spring
2022-09-02,212.0,6.5,151.0,0.0,9.1,16.2,3.0,4.8,8.6,11.9,13.89,49.7,Spring
2022-09-03,262.0,7.9,170.0,0.0,10.8,17.9,2.6,3.4,10.0,11.8,12.81,49.7,Spring
2022-09-04,205.0,6.8,160.0,0.4,12.3,17.4,6.7,7.5,12.1,13.4,11.31,49.5,Spring
2022-09-05,79.0,18.1,494.0,34.5,12.3,17.6,6.4,7.0,14.0,12.9,3.9,50.7,Spring
2022-09-06,200.0,16.6,334.0,0.5,9.2,13.3,2.1,3.3,7.4,12.8,19.53,51.7,Spring
2022-09-07,56.0,5.8,134.0,0.2,8.3,15.7,1.8,3.4,8.5,11.4,12.06,51.8,Spring
2022-09-08,224.0,8.5,235.0,0.0,9.4,15.4,4.1,4.0,9.1,12.0,14.69,51.4,Spring
2022-09-09,255.0,9.2,228.0,0.0,9.1,16.0,2.9,3.2,8.9,11.8,16.9,50.9,Spring
2022-09-10,229.0,9.5,180.0,0.0,10.1,15.9,4.4,4.9,10.7,12.3,16.22,50.3,Spring
2022-09-11,299.0,14.2,381.0,3.9,10.9,16.1,3.6,5.2,12.1,12.5,10.07,50.0,Spring
2022-09-12,276.0,28.9,921.0,30.7,14.6,18.1,12.9,11.9,14.1,14.1,12.39,51.2,Spring
2022-09-13,281.0,15.4,663.0,3.1,14.0,18.5,10.9,10.3,12.3,13.8,15.87,51.4,Spring
2022-09-14,229.0,9.5,180.0,1.1,10.8,15.6,4.2,5.5,10.1,13.4,14.0,51.5,Spring
2022-09-15,86.0,6.2,137.0,0.0,8.4,15.5,2.6,3.9,8.2,11.8,15.62,51.4,Spring
2022-09-16,286.0,8.0,196.0,0.0,9.5,14.9,3.0,3.8,9.4,11.5,11.84,51.1,Spring
2022-09-17,203.0,10.8,181.0,0.4,10.4,15.3,5.2,5.4,10.1,12.1,9.37,50.6,Spring
2022-09-18,258.0,9.4,210.0,0.0,10.6,17.9,3.2,4.4,9.1,12.3,17.44,50.1,Spring
2022-09-19,284.0,20.5,685.0,2.6,15.4,17.4,11.7,10.5,14.7,13.6,5.23,49.8,Spring
2022-09-20,279.0,19.0,581.0,2.6,15.0,18.1,9.9,9.9,15.4,14.9,8.95,49.9,Spring
2022-09-21,65.0,6.2,142.0,0.0,13.7,19.4,8.4,10.1,13.0,15.1,15.39,49.9,Spring
2022-09-22,201.0,13.4,251.0,8.2,11.1,16.4,5.8,7.9,12.5,13.7,8.19,50.2,Spring
2022-09-23,285.0,13.2,318.0,5.8,12.6,16.7,9.3,10.1,13.5,14.5,10.62,51.2,Spring
2022-09-24,281.0,15.4,663.0,0.2,13.2,17.9,9.6,11.2,13.1,14.8,15.65,51.3,Spring
2022-09-25,257.0,14.2,477.0,0.0,14.6,19.1,10.4,10.6,12.3,15.6,21.14,51.1,Spring
2022-09-26,237.0,21.1,809.0,1.2,13.3,15.7,10.7,11.9,12.1,14.9,10.76,50.9,Spring
2022-09-27,232.0,11.4,316.0,0.2,13.7,16.9,11.2,12.5,11.9,14.6,13.62,50.6,Spring
2022-09-28,237.0,21.1,809.0,1.5,13.8,16.4,11.8,11.5,12.2,14.5,10.44,50.2,Spring
2022-09-29,74.0,7.4,218.0,1.3,15.4,19.0,12.6,13.3,15.0,15.2,9.79,49.9,Spring
2022-09-30,356.0,12.8,311.0,6.9,16.2,18.8,15.0,15.5,17.5,16.2,5.01,50.1,Spring
2022-10-01,121.0,13.0,326.0,44.1,16.0,17.6,14.6,15.8,17.6,16.1,3.55,50.7,Spring
2022-10-02,286.0,7.8,224.0,8.2,14.7,17.0,10.5,12.0,15.9,15.7,6.71,50.9,Spring
2022-10-03,8.0,12.3,331.0,3.3,14.2,16.7,11.9,12.6,14.6,15.9,13.27,50.9,Spring
2022-10-04,224.0,12.3,357.0,2.1,12.6,15.4,10.0,11.7,13.2,15.1,10.23,50.9,Spring
2022-10-05,286.0,24.4,763.0,3.9,12.1,15.8,9.0,10.0,11.0,14.5,11.97,50.9,Spring
2022-10-06,220.0,13.7,542.0,1.2,9.7,12.7,7.1,9.3,7.8,12.6,20.83,51.2,Spring
2022-10-07,96.0,6.8,176.0,0.0,9.0,15.9,1.6,6.0,7.5,12.6,21.16,51.2,Spring
2022-10-08,86.0,6.2,137.0,0.0,10.3,17.0,2.5,7.0,8.8,12.7,16.3,51.1,Spring
2022-10-09,194.0,14.1,685.0,0.0,13.6,16.2,10.9,11.8,10.6,14.1,13.1,50.5,Spring
2022-10-10,240.0,13.8,631.0,0.0,14.4,17.1,12.9,13.8,10.8,14.7,14.65,50.0,Spring
2022-10-11,210.0,12.0,367.0,0.0,14.4,19.2,10.3,12.7,12.9,15.6,14.33,49.6,Spring
2022-10-12,232.0,11.2,298.0,0.0,13.4,18.2,9.3,11.9,13.4,15.5,10.98,49.4,Spring
2022-10-13,229.0,11.8,296.0,0.2,13.9,18.4,9.8,12.8,13.2,16.0,16.53,49.4,Spring
2022-10-14,222.0,20.0,572.0,8.2,13.0,14.9,11.8,13.7,12.5,15.2,7.25,49.9,Spring
2022-10-15,223.0,12.4,332.0,0.0,13.1,17.2,7.6,12.4,10.3,15.7,24.9,50.2,Spring
2022-10-16,269.0,9.3,254.0,0.0,11.5,17.0,5.3,10.0,10.6,14.9,23.06,49.5,Spring
2022-10-17,7.0,12.2,311.0,5.9,14.2,19.4,9.6,12.3,14.1,15.9,13.69,49.4,Spring
2022-10-18,250.0,13.8,350.0,2.7,13.9,18.2,9.7,12.7,12.5,16.3,19.8,49.8,Spring
2022-10-19,292.0,13.0,318.0,0.4,12.1,16.3,8.2,11.1,10.1,15.1,18.42,49.7,Spring
2022-10-20,250.0,13.8,350.0,0.1,13.4,17.4,9.0,11.4,11.0,14.9,18.47,49.4,Spring
2022-10-21,242.0,15.8,510.0,11.9,14.1,18.2,11.6,13.1,12.6,15.6,16.4,51.0,Spring
2022-10-22,220.0,13.9,429.0,1.9,13.2,17.1,8.3,13.0,11.3,16.5,25.81,51.2,Spring
2022-10-23,60.0,7.4,172.0,0.0,12.7,20.3,5.2,10.6,10.3,16.7,24.95,50.7,Spring
2022-10-24,250.0,8.4,231.0,0.0,13.4,19.5,6.3,11.0,11.7,16.5,19.77,50.0,Spring
2022-10-25,232.0,11.4,316.0,0.0,13.8,17.8,9.8,12.9,12.9,16.1,12.59,49.6,Spring
2022-10-26,259.0,12.4,369.0,0.0,14.5,19.0,9.3,9.0,12.1,16.8,23.86,49.4,Spring
2022-10-27,226.0,13.2,393.0,0.0,13.9,19.8,7.6,7.1,12.3,17.4,26.2,49.2,Spring
2022-10-28,239.0,9.9,282.0,0.0,17.3,21.9,13.0,13.1,16.0,18.2,16.32,48.9,Spring
2022-10-29,50.0,5.2,146.0,0.0,18.6,21.7,16.8,16.1,18.3,18.4,10.06,48.6,Spring
2022-10-30,226.0,17.1,510.0,61.8,17.5,19.5,15.3,14.4,18.9,18.4,5.97,51.3,Spring
2022-10-31,226.0,11.5,326.0,0.0,17.3,22.5,12.7,12.8,16.9,19.0,18.75,52.0,Spring
2022-11-01,48.0,8.0,188.0,0.0,17.7,22.7,12.1,13.0,16.1,20.1,19.94,51.3,Spring
2022-11-02,24.0,7.9,165.0,0.0,16.6,22.5,9.7,10.4,14.7,19.9,26.72,50.5,Spring
2022-11-03,21.0,8.6,265.0,0.0,17.7,20.8,13.4,12.4,17.6,18.9,4.76,49.8,Spring
2022-11-04,258.0,13.8,556.0,0.0,16.1,21.3,10.8,10.2,14.0,19.1,25.63,49.5,Spring
2022-11-05,259.0,12.4,369.0,0.0,14.7,19.7,9.9,9.3,11.8,18.7,25.1,49.0,Spring
2022-11-06,216.0,5.9,130.0,0.0,14.1,19.7,7.1,7.9,12.2,18.2,19.49,48.4,Spring
2022-11-07,264.0,17.5,650.0,0.0,15.9,19.4,13.1,10.2,11.5,18.6,21.33,47.9,Spring
2022-11-08,69.0,20.1,656.0,43.4,14.5,15.6,13.6,13.3,14.4,16.9,2.79,48.7,Spring
2022-11-09,238.0,9.9,236.0,2.6,16.7,21.3,13.8,14.1,16.4,18.0,13.81,52.1,Spring
2022-11-10,16.0,9.4,138.0,11.4,16.4,21.1,12.0,12.0,16.4,18.5,13.59,51.6,Spring
2022-11-11,40.0,17.6,461.0,58.4,16.5,19.9,13.6,14.1,18.2,18.0,8.75,51.6,Spring
2022-11-12,30.0,10.1,270.0,0.0,18.0,23.6,14.6,15.2,16.7,19.8,21.18,51.6,Spring
2022-11-13,51.0,10.1,275.0,0.0,16.0,20.3,11.2,12.1,15.1,19.3,20.36,51.2,Spring
2022-11-14,51.0,10.1,275.0,0.0,16.1,22.0,9.1,10.6,14.0,19.2,22.97,50.6,Spring
2022-11-15,38.0,11.7,405.0,0.0,17.6,20.9,13.9,14.0,17.1,20.1,15.91,49.9,Spring
2022-11-16,47.0,11.9,423.0,0.0,18.0,21.3,15.0,15.6,17.4,20.2,13.79,49.5,Spring
2022-11-17,155.0,7.7,186.0,5.9,17.4,19.4,14.4,15.4,17.6,19.6,8.39,49.5,Spring
2022-11-18,91.0,17.3,489.0,23.3,16.8,20.7,13.4,14.8,17.7,19.0,8.97,50.2,Spring
2022-11-19,16.0,13.8,365.0,24.4,15.7,21.8,10.3,11.5,15.7,18.9,14.2,51.6,Spring
2022-11-20,16.0,9.4,138.0,10.9,16.1,20.9,12.1,12.5,16.2,18.7,11.43,51.7,Spring
2022-11-21,89.0,16.2,599.0,3.9,16.7,20.2,14.0,13.9,16.9,18.4,8.26,51.8,Spring
2022-11-22,91.0,17.3,489.0,21.4,17.5,20.2,14.4,14.4,18.6,18.5,7.44,51.7,Spring
2022-11-23,258.0,19.3,670.0,8.5,15.4,19.7,11.0,11.8,13.2,18.3,23.85,51.6,Spring
2022-11-24,273.0,19.8,699.0,16.0,14.7,19.1,10.9,12.0,13.0,17.8,20.41,51.8,Spring
2022-11-25,114.0,10.4,263.0,0.1,14.9,18.8,10.1,10.7,11.2,17.4,21.74,52.0,Spring
2022-11-26,73.0,7.1,208.0,0.0,14.8,20.8,8.5,10.1,13.1,18.3,21.93,51.8,Spring
2022-11-27,315.0,6.0,167.0,10.2,14.3,19.0,9.0,11.5,15.0,18.1,11.21,51.4,Spring
2022-11-28,235.0,13.8,446.0,3.2,14.8,18.8,10.9,12.9,12.1,18.2,24.15,51.7,Spring
2022-11-29,272.0,9.4,222.0,0.9,14.9,20.8,8.0,10.4,13.7,18.0,15.29,51.7,Spring
2022-11-30,186.0,8.5,200.0,4.4,17.3,23.4,12.7,12.6,16.1,19.0,17.57,51.7,Spring
2022-12-01,240.0,13.8,631.0,0.5,14.9,18.1,11.7,11.9,12.4,17.7,14.64,51.6,Summer
2022-12-02,234.0,13.0,330.0,0.0,15.4,19.7,11.5,12.5,11.8,18.1,21.63,51.1,Summer
2022-12-03,72.0,6.6,219.0,0.0,15.4,20.3,9.9,10.8,12.2,18.6,27.04,50.5,Summer
2022-12-04,68.0,9.1,234.0,0.0,15.1,20.5,9.2,11.8,12.7,19.7,27.51,49.7,Summer
2022-12-05,73.0,7.1,208.0,0.0,14.9,20.6,8.5,11.3,13.0,18.9,20.89,49.3,Summer
2022-12-06,216.0,6.6,155.0,3.5,15.5,20.4,9.2,12.2,14.6,19.0,14.46,48.9,Summer
2022-12-07,255.0,23.4,553.0,14.5,15.8,18.0,13.9,15.5,16.0,18.5,8.63,51.0,Summer
2022-12-08,126.0,9.2,227.0,7.8,14.6,16.0,13.5,15.0,14.7,17.2,5.11,51.6,Summer
2022-12-09,356.0,12.8,311.0,7.3,17.7,20.0,15.0,16.1,19.8,17.8,6.44,51.8,Summer
2022-12-10,40.0,11.0,345.0,20.9,19.0,22.9,16.3,17.4,19.9,19.4,14.71,51.7,Summer
2022-12-11,54.0,13.8,643.0,18.4,18.4,20.4,16.0,17.4,20.3,19.3,5.85,51.7,Summer
2022-12-12,87.0,8.4,217.0,0.0,18.7,24.0,14.2,15.8,15.9,20.5,28.7,51.6,Summer
2022-12-13,226.0,12.4,390.0,0.0,18.7,23.0,14.6,17.1,18.8,21.1,22.07,51.2,Summer
2022-12-14,48.0,10.9,354.0,24.6,17.5,18.9,15.7,18.2,19.0,20.1,3.79,51.0,Summer
2022-12-15,89.0,9.1,320.0,6.8,18.7,20.8,16.9,18.6,21.0,20.0,11.06,51.5,Summer
2022-12-16,79.0,10.5,291.0,0.0,20.5,24.5,17.7,19.6,21.0,21.2,15.79,51.4,Summer
2022-12-17,35.0,13.9,562.0,14.5,18.9,21.4,17.7,20.0,21.1,21.3,7.43,51.3,Summer
2022-12-18,264.0,13.8,460.0,1.5,19.8,24.6,15.2,17.7,19.5,21.6,19.66,51.4,Summer
2022-12-19,343.0,8.2,239.0,0.1,17.6,24.0,10.8,14.5,16.4,21.4,19.87,51.1,Summer
2022-12-20,221.0,10.3,228.0,1.1,19.1,25.1,15.4,17.8,17.6,22.0,19.13,50.6,Summer
2022-12-21,87.0,8.4,217.0,0.0,18.3,23.0,12.4,16.0,17.1,21.8,27.27,50.3,Summer
2022-12-22,186.0,8.5,200.0,6.6,18.3,24.7,12.1,13.4,16.5,21.7,20.74,50.3,Summer
2022-12-23,74.0,7.6,192.0,0.0,18.8,24.9,13.5,15.6,16.6,22.1,25.23,50.4,Summer
2022-12-24,58.0,7.6,187.0,0.0,18.2,24.4,12.8,15.0,16.3,21.9,23.44,50.0,Summer
2022-12-25,82.0,8.0,175.0,0.0,17.9,24.5,12.0,14.5,15.7,21.6,16.09,49.7,Summer
2022-12-26,66.0,8.1,202.0,0.0,18.5,24.9,11.6,13.6,17.1,22.2,27.6,49.3,Summer
2022-12-27,264.0,13.7,313.0,0.0,19.3,24.3,14.3,16.2,18.2,22.8,17.39,48.9,Summer
2022-12-28,46.0,12.8,439.0,0.0,19.5,24.4,14.8,16.7,16.6,23.3,28.97,48.3,Summer
2022-12-29,58.0,7.6,187.0,0.6,19.1,25.0,13.2,15.2,16.7,23.8,24.01,47.5,Summer
2022-12-30,234.0,8.2,195.0,0.0,19.4,25.7,13.1,15.4,16.7,23.8,28.66,46.4,Summer
2022-12-31,226.0,7.0,188.0,0.0,17.7,22.7,12.6,14.7,17.0,22.6,17.99,44.8,Summer
2023-01-01,83.0,14.1,673.0,0.0,19.4,21.6,17.1,16.2,14.4,21.9,17.04,43.3,Summer
2023-01-02,47.0,14.0,607.0,0.0,19.4,21.7,17.0,16.7,14.5,21.4,20.41,41.1,Summer
2023-01-03,76.0,7.4,264.0,0.2,19.2,21.2,17.1,16.9,16.6,20.8,11.75,38.6,Summer
2023-01-04,96.0,13.8,496.0,48.0,18.0,18.8,17.1,17.0,19.4,19.9,3.03,44.1,Summer
2023-01-05,57.0,11.9,373.0,32.2,18.9,19.9,17.9,18.2,20.9,19.7,4.89,52.5,Summer
2023-01-06,57.0,11.9,373.0,31.0,19.0,19.6,18.4,18.8,21.3,19.9,3.96,52.4,Summer
2023-01-07,249.0,9.2,374.0,3.2,20.4,23.0,17.8,18.4,22.2,20.9,11.08,52.4,Summer
2023-01-08,74.0,7.6,192.0,0.0,20.7,25.9,15.5,17.4,19.8,22.5,27.08,51.6,Summer
2023-01-09,89.0,9.1,320.0,5.4,20.1,21.8,18.4,19.6,19.4,22.2,8.39,50.6,Summer
2023-01-10,8.0,21.9,719.0,89.4,17.4,19.6,15.1,17.6,19.4,20.6,6.26,51.8,Summer
2023-01-11,318.0,14.1,524.0,5.0,17.5,19.9,15.0,17.8,18.6,19.7,15.31,52.0,Summer
2023-01-12,38.0,13.9,530.0,16.6,18.1,20.1,16.0,17.0,19.0,19.7,10.6,51.9,Summer
2023-01-13,38.0,11.7,405.0,0.4,18.2,20.6,15.8,17.9,17.6,20.5,15.84,51.8,Summer
2023-01-14,87.0,8.4,217.0,0.0,17.7,22.2,13.1,15.6,16.0,21.4,25.55,51.3,Summer
2023-01-15,68.0,9.1,260.0,0.4,18.9,22.3,15.5,18.7,15.5,22.4,27.26,50.5,Summer
2023-01-16,277.0,11.4,392.0,0.2,17.9,21.4,14.4,17.3,15.4,22.0,18.75,49.5,Summer
2023-01-17,87.0,8.4,217.0,0.0,18.2,22.8,13.6,16.3,15.5,22.4,26.71,48.7,Summer
2023-01-18,87.0,8.4,217.0,0.0,18.4,25.1,11.7,15.2,14.8,23.1,26.54,48.0,Summer
2023-01-19,264.0,13.7,313.0,0.4,20.4,24.6,16.1,18.2,17.6,22.9,16.45,47.3,Summer
2023-01-20,67.0,6.6,159.0,0.0,18.8,24.8,12.9,10.8,16.7,22.5,27.2,46.7,Summer
2023-01-21,234.0,8.0,263.0,0.0,20.8,25.2,16.4,14.4,18.3,22.8,21.61,45.6,Summer
2023-01-22,221.0,10.3,228.0,5.0,20.3,25.0,15.6,17.1,18.1,23.2,17.12,45.6,Summer
2023-01-23,76.0,8.8,228.0,0.0,18.4,24.1,12.6,12.4,15.3,22.7,23.02,45.6,Summer
2023-01-24,80.0,7.3,141.0,0.2,17.7,22.5,12.9,16.7,16.8,21.8,15.21,44.6,Summer
2023-01-25,257.0,12.9,484.0,0.0,20.0,22.9,17.1,15.3,15.5,22.0,23.72,43.7,Summer
2023-01-26,318.0,14.1,524.0,2.0,19.9,22.2,17.6,15.2,17.1,21.6,14.26,41.7,Summer
2023-01-27,74.0,20.6,660.0,152.8,19.6,20.8,18.4,16.9,21.6,20.5,1.26,50.3,Summer
2023-01-28,175.0,8.4,189.0,11.2,22.0,24.5,19.4,16.6,23.1,22.0,19.39,52.3,Summer
2023-01-29,6.0,10.2,309.0,30.6,20.8,22.5,19.0,17.1,23.7,22.0,7.04,51.7,Summer
2023-01-30,81.0,16.6,515.0,55.0,19.1,20.6,17.5,19.1,21.3,21.4,7.0,52.2,Summer
2023-01-31,7.0,10.2,256.0,44.2,19.7,20.9,18.4,18.4,22.1,20.7,4.77,52.2,Summer
2023-02-01,40.0,11.0,345.0,17.8,21.6,25.6,17.6,11.6,22.3,22.2,25.24,52.2,Summer
2023-02-02,92.0,7.7,149.0,1.6,22.3,25.3,19.4,17.1,23.5,22.8,15.02,51.8,Summer
2023-02-03,52.0,5.2,159.0,9.8,21.4,22.9,19.9,18.7,24.1,22.4,7.9,52.0,Summer
2023-02-04,54.0,8.5,263.0,0.0,21.7,24.7,18.6,19.4,22.0,22.8,14.99,51.9,Summer
2023-02-05,221.0,10.3,228.0,2.2,19.8,23.8,15.8,17.7,20.1,22.7,18.53,51.2,Summer
2023-02-06,262.0,12.2,445.0,3.6,20.1,24.2,16.0,15.4,20.2,22.6,17.26,51.4,Summer
2023-02-07,58.0,7.6,187.0,0.0,18.5,24.2,12.7,15.0,16.1,22.0,22.82,51.1,Summer
2023-02-08,58.0,7.6,187.0,0.0,18.5,23.6,13.4,15.0,16.2,21.8,22.78,50.1,Summer
2023-02-09,28.0,7.0,215.0,0.4,17.5,22.2,12.8,10.4,14.1,21.2,20.68,49.3,Summer
2023-02-10,16.0,7.8,257.0,0.2,16.0,22.2,9.8,9.9,13.0,20.8,17.64,49.1,Summer
2023-02-11,180.0,7.8,200.0,0.2,20.0,22.0,18.0,17.4,16.7,21.5,12.92,48.2,Summer
2023-02-12,64.0,15.7,604.0,33.0,17.4,19.6,15.1,15.3,16.9,19.8,3.82,50.9,Summer
2023-02-13,140.0,19.4,529.0,92.0,16.8,18.3,15.2,15.6,17.3,19.1,4.59,51.7,Summer
2023-02-14,81.0,16.6,515.0,53.4,17.5,19.3,15.7,15.7,16.6,18.8,7.43,51.8,Summer
2023-02-15,264.0,13.8,460.0,0.6,19.9,23.6,16.2,15.5,17.5,20.2,21.2,51.6,Summer
2023-02-16,82.0,7.8,181.0,0.0,19.3,23.8,14.7,12.1,17.4,21.6,20.7,50.8,Summer
2023-02-17,269.0,13.0,328.0,0.0,18.4,24.4,12.3,10.4,14.0,21.8,26.23,50.0,Summer
2023-02-18,53.0,8.7,210.0,0.0,18.4,24.1,12.6,10.8,15.4,22.5,22.79,49.3,Summer
2023-02-19,2.0,7.0,164.0,0.2,18.0,24.6,11.4,9.6,15.9,22.6,19.74,48.9,Summer
2023-02-20,2.0,7.0,164.0,0.0,18.3,25.5,11.0,9.2,15.7,22.0,18.53,48.3,Summer
2023-02-21,2.0,7.0,164.0,0.0,18.1,24.6,11.5,9.2,16.4,22.9,22.32,47.9,Summer
2023-02-22,295.0,10.5,354.0,0.0,17.8,24.0,11.5,10.1,16.9,22.3,15.8,47.3,Summer
2023-02-23,221.0,10.3,228.0,0.4,20.1,24.4,15.7,14.1,18.2,22.6,17.65,46.3,Summer
2023-02-24,140.0,19.4,529.0,89.0,16.6,18.6,14.5,15.7,17.3,20.5,5.32,49.9,Summer
2023-02-25,186.0,8.5,200.0,5.0,17.9,22.5,13.3,14.3,16.7,20.4,14.85,51.8,Summer
2023-02-26,52.0,7.6,228.0,2.0,16.7,22.9,10.4,11.3,16.7,20.7,16.9,51.7,Summer
2023-02-27,41.0,14.8,455.0,17.4,18.4,21.8,15.0,17.0,18.7,21.3,9.96,51.7,Summer
2023-02-28,82.0,7.8,181.0,0.0,18.4,23.4,13.4,14.1,16.5,20.9,17.28,51.7,Summer
2023-03-01,52.0,7.6,228.0,0.0,17.8,24.5,11.0,11.9,16.3,20.7,16.46,51.2,Autumn
2023-03-02,200.0,7.8,208.0,0.0,17.5,24.8,10.2,11.1,15.3,21.0,20.35,50.7,Autumn
2023-03-03,200.0,7.8,208.0,0.0,17.1,24.2,10.0,11.1,15.4,21.1,19.46,50.1,Autumn
2023-03-04,211.0,12.7,355.0,0.0,18.6,24.8,12.4,13.0,16.7,21.4,18.09,49.6,Autumn
2023-03-05,222.0,9.5,240.0,0.0,19.4,23.2,15.5,14.7,15.7,21.3,17.6,49.2,Autumn
2023-03-06,53.0,8.7,210.0,0.0,17.3,22.3,12.4,12.3,16.0,21.0,19.48,48.8,Autumn
2023-03-07,312.0,11.7,382.0,0.0,17.2,23.8,10.6,11.4,15.2,20.9,17.28,48.5,Autumn
2023-03-08,24.0,7.9,165.0,0.0,15.6,22.9,8.3,9.7,13.8,20.6,24.08,48.0,Autumn
2023-03-09,312.0,6.1,141.0,0.0,16.1,22.4,9.7,10.9,15.2,20.2,13.47,47.3,Autumn
2023-03-10,11.0,13.1,350.0,8.8,20.3,23.7,16.8,15.7,18.6,20.5,9.59,47.6,Autumn
2023-03-11,224.0,13.5,352.0,0.0,18.5,22.6,14.3,13.5,14.4,20.1,21.76,48.6,Autumn
2023-03-12,16.0,7.8,257.0,0.0,16.9,23.1,10.6,11.5,15.2,20.0,18.86,48.0,Autumn
2023-03-13,22.0,7.6,173.0,1.6,16.7,22.0,11.4,12.3,16.4,19.4,9.19,47.6,Autumn
2023-03-14,60.0,6.8,157.0,0.0,16.0,22.3,9.6,10.1,11.5,19.7,23.5,46.4,Autumn
2023-03-15,199.0,6.6,144.0,0.0,15.0,22.4,7.6,8.9,12.9,19.6,19.45,45.5,Autumn
2023-03-16,14.0,9.8,229.0,1.8,15.7,21.6,9.8,10.9,15.3,19.4,13.55,45.1,Autumn
2023-03-17,10.0,10.4,286.0,13.4,20.7,24.1,17.3,17.0,20.3,20.6,9.0,46.2,Autumn
2023-03-18,230.0,13.8,588.0,39.2,18.0,23.7,12.2,12.5,17.9,21.4,20.77,51.5,Autumn
2023-03-19,52.0,7.6,228.0,0.0,16.1,22.6,9.5,10.7,13.9,19.8,17.33,50.6,Autumn
2023-03-20,52.0,7.6,228.0,0.0,16.0,23.1,8.8,10.5,14.4,19.7,17.07,49.9,Autumn
2023-03-21,320.0,10.7,239.0,5.0,16.2,21.7,10.7,11.4,14.9,18.6,7.58,49.4,Autumn
2023-03-22,73.0,7.1,208.0,1.4,15.0,19.8,10.3,11.1,12.3,18.4,21.55,49.7,Autumn
2023-03-23,65.0,6.2,142.0,0.0,14.2,21.1,7.2,8.7,11.8,17.9,14.52,49.5,Autumn
2023-03-24,272.0,9.4,222.0,0.0,14.5,20.8,8.3,9.6,12.4,18.2,14.45,49.2,Autumn
2023-03-25,198.0,6.5,162.0,0.0,16.1,22.5,9.6,10.7,13.3,18.6,16.74,49.0,Autumn
2023-03-26,52.0,7.6,228.0,0.0,16.3,23.6,9.0,10.3,14.8,18.8,16.73,48.6,Autumn
2023-03-27,82.0,8.0,175.0,0.0,18.2,23.7,12.7,13.7,16.4,20.1,13.58,48.2,Autumn
2023-03-28,91.0,8.2,195.0,0.0,16.4,22.1,10.6,11.8,15.5,19.5,13.18,47.9,Autumn
2023-03-29,257.0,14.2,477.0,1.0,14.0,17.6,10.3,9.7,10.2,18.5,20.83,47.5,Autumn
2023-03-30,71.0,6.7,151.0,0.0,11.5,18.6,4.4,5.3,8.7,16.9,19.52,46.9,Autumn
2023-03-31,212.0,7.3,183.0,0.0,12.2,20.0,4.4,6.3,11.2,17.1,16.26,46.0,Autumn
2023-04-01,15.0,6.9,165.0,5.8,17.2,21.9,12.4,13.4,18.5,18.6,5.67,45.8,Autumn
2023-04-02,82.0,8.0,175.0,0.0,18.6,23.9,13.3,14.0,17.8,19.9,14.54,47.9,Autumn
2023-04-03,239.0,9.9,282.0,0.0,16.8,20.3,13.2,12.6,13.0,18.6,16.33,46.8,Autumn
2023-04-04,65.0,6.2,142.0,0.0,14.3,20.7,7.8,8.7,12.1,17.9,14.9,45.3,Autumn
2023-04-05,212.0,7.3,183.0,0.0,13.5,21.2,5.7,7.0,11.6,17.1,14.51,44.6,Autumn
2023-04-06,276.0,13.2,466.0,26.2,12.4,17.3,7.5,8.9,14.3,16.3,3.2,47.1,Autumn
2023-04-07,238.0,9.9,236.0,0.8,17.6,21.8,13.4,13.5,14.8,18.0,13.19,51.9,Autumn
2023-04-08,81.0,6.7,154.0,0.0,16.0,22.4,9.5,10.1,11.8,17.8,17.38,51.1,Autumn
2023-04-09,273.0,23.1,522.0,10.2,14.4,21.2,7.6,8.2,15.9,16.9,6.03,50.7,Autumn
2023-04-10,263.0,23.5,814.0,4.2,17.6,24.0,11.1,11.8,17.0,18.4,12.28,51.7,Autumn
2023-04-11,305.0,13.3,323.0,6.4,16.2,22.0,10.4,10.4,15.8,17.7,11.79,51.7,Autumn
2023-04-12,277.0,13.2,452.0,8.2,16.8,20.8,12.9,12.7,16.5,17.5,6.92,51.7,Autumn
2023-04-13,91.0,8.2,195.0,0.2,16.8,23.3,10.3,11.3,15.8,18.0,14.16,51.7,Autumn
2023-04-14,220.0,6.6,184.0,0.0,18.1,22.3,13.8,14.6,17.9,19.1,12.68,51.3,Autumn
2023-04-15,254.0,9.3,207.0,0.2,17.4,19.0,15.8,15.7,14.6,17.9,4.78,51.0,Autumn
2023-04-16,254.0,9.3,207.0,0.6,17.8,20.5,15.1,15.5,15.8,17.9,6.9,50.6,Autumn
2023-04-17,83.0,14.1,673.0,0.0,18.7,21.0,16.3,15.4,15.6,18.5,14.56,50.3,Autumn
2023-04-18,50.0,5.2,146.0,0.6,18.9,21.1,16.7,15.9,17.8,18.7,6.18,50.0,Autumn
2023-04-19,270.0,9.9,300.0,0.6,19.6,20.9,18.3,17.7,20.2,19.5,5.09,49.7,Autumn
2023-04-20,180.0,7.8,200.0,0.2,20.3,22.4,18.3,18.1,19.9,20.2,10.27,49.5,Autumn
2023-04-21,23.0,13.4,367.0,14.8,18.9,20.2,17.6,17.4,19.7,19.4,1.61,50.2,Autumn
2023-04-22,41.0,10.6,440.0,9.4,19.3,21.9,16.7,17.3,21.0,19.8,3.32,51.8,Autumn
2023-04-23,65.0,10.0,323.0,0.0,17.2,19.8,14.5,14.3,16.7,19.2,5.83,51.7,Autumn
2023-04-24,61.0,7.9,192.0,1.2,12.5,18.0,6.9,6.9,11.4,16.9,12.15,51.4,Autumn
2023-04-25,87.0,3.9,111.0,0.0,11.4,18.7,4.1,5.4,10.5,15.0,11.44,51.1,Autumn
2023-04-26,57.0,10.2,249.0,1.4,15.4,19.7,11.1,10.9,13.8,16.2,9.34,50.6,Autumn
2023-04-27,292.0,10.8,328.0,0.2,13.4,18.2,8.6,9.6,12.7,16.1,9.0,50.2,Autumn
2023-04-28,57.0,8.3,224.0,2.4,14.1,19.4,8.8,9.6,14.1,16.3,7.31,50.1,Autumn
2023-04-29,245.0,11.4,456.0,1.4,16.2,18.4,14.0,13.5,15.2,16.7,5.61,50.1,Autumn
2023-04-30,34.0,17.2,654.0,16.6,18.2,20.0,16.4,16.0,19.1,17.6,1.58,51.2,Autumn
2023-05-01,35.0,13.9,562.0,12.0,19.8,21.7,17.9,18.1,20.7,19.3,5.6,51.6,Autumn
2023-05-02,50.0,5.2,146.0,0.8,19.2,22.2,16.2,16.9,19.7,19.5,7.78,51.4,Autumn
2023-05-03,41.0,10.6,440.0,8.2,19.1,20.9,17.2,17.1,20.3,19.3,2.84,51.4,Autumn
2023-05-04,96.0,13.8,496.0,46.8,18.1,20.4,15.7,17.5,19.4,19.1,3.5,51.3,Autumn
2023-05-05,41.0,11.0,427.0,7.0,18.7,19.8,17.6,17.7,19.8,18.9,2.01,51.3,Autumn
2023-05-06,67.0,13.7,584.0,3.6,18.2,19.7,16.7,17.2,18.8,18.8,3.43,51.3,Autumn
2023-05-07,64.0,15.0,545.0,1.4,18.7,20.4,17.0,16.8,18.6,18.6,5.05,51.2,Autumn
2023-05-08,89.0,9.1,320.0,5.6,19.3,21.3,17.3,16.9,18.5,19.0,7.12,51.2,Autumn
2023-05-09,8.0,21.9,719.0,86.6,17.3,19.3,15.3,15.9,18.6,18.4,0.57,50.9,Autumn
2023-05-10,286.0,7.8,224.0,8.6,12.7,17.3,8.0,10.3,13.7,16.7,7.8,51.0,Autumn
2023-05-11,229.0,18.6,577.0,18.8,11.1,14.9,7.3,8.3,10.3,14.1,8.05,51.2,Autumn
2023-05-12,260.0,11.8,314.0,0.2,10.4,15.8,5.0,6.4,9.4,13.1,12.93,51.4,Autumn
2023-05-13,305.0,5.5,146.0,0.6,11.1,18.0,4.2,5.1,11.6,12.8,9.13,51.5,Autumn
2023-05-14,248.0,9.8,266.0,0.2,13.4,18.2,8.5,9.0,12.5,14.2,9.35,51.5,Autumn
2023-05-15,29.0,16.4,459.0,5.8,12.3,17.0,7.6,8.4,12.5,13.8,8.39,51.5,Autumn
2023-05-16,205.0,6.8,160.0,1.6,11.8,17.6,5.9,8.4,11.4,13.6,10.9,51.5,Autumn
2023-05-17,205.0,6.8,160.0,0.0,12.3,18.2,6.4,7.4,11.4,13.7,12.09,51.4,Autumn
2023-05-18,274.0,13.8,428.0,8.2,11.2,17.4,5.0,6.2,12.3,12.9,5.19,51.4,Autumn
2023-05-19,260.0,20.0,664.0,24.6,17.5,19.8,15.1,13.1,15.8,16.0,8.84,51.4,Autumn
2023-05-20,278.0,16.9,791.0,7.6,15.8,17.9,13.6,12.3,14.1,15.3,6.45,51.4,Autumn
2023-05-21,259.0,13.6,536.0,4.4,12.6,17.3,7.9,10.1,12.5,14.5,9.5,51.5,Autumn
2023-05-22,303.0,10.6,271.0,0.2,12.8,17.2,8.3,9.9,13.4,13.7,4.37,51.6,Autumn
2023-05-23,7.0,11.9,258.0,8.2,14.6,18.1,11.0,12.0,13.6,14.6,9.65,51.5,Autumn
2023-05-24,275.0,14.0,478.0,0.0,15.1,18.3,11.9,11.4,12.5,14.4,8.26,51.5,Autumn
2023-05-25,205.0,6.8,160.0,0.0,12.2,18.3,6.0,7.3,11.0,13.6,11.57,51.5,Autumn
2023-05-26,219.0,8.0,201.0,0.0,10.9,17.8,4.0,5.2,10.9,12.2,8.43,51.4,Autumn
2023-05-27,70.0,11.0,275.0,2.6,12.4,18.4,6.3,7.3,13.8,13.0,4.95,51.3,Autumn
2023-05-28,278.0,16.9,791.0,4.2,16.9,19.1,14.6,13.9,15.6,15.3,7.26,51.5,Autumn
2023-05-29,277.0,12.7,409.0,6.8,16.3,20.5,12.1,13.2,17.0,16.7,8.05,51.5,Autumn
2023-05-30,51.0,9.3,257.0,0.2,14.1,19.0,9.2,10.9,14.6,15.1,7.9,51.6,Autumn
2023-05-31,228.0,9.0,205.0,0.2,12.3,17.1,7.5,8.2,12.3,13.9,8.13,51.6,Autumn
2023-06-01,254.0,8.3,158.0,2.4,12.7,18.6,6.7,7.6,14.3,13.6,7.13,51.6,Winter
2023-06-02,187.0,6.0,161.0,3.0,14.1,18.0,10.2,10.7,14.7,15.0,3.64,51.5,Winter
2023-06-03,205.0,6.8,160.0,0.8,11.6,16.7,6.5,7.8,11.1,13.4,10.19,51.5,Winter
2023-06-04,227.0,12.0,258.0,0.4,10.0,16.1,3.8,5.7,10.4,12.3,7.57,51.6,Winter
2023-06-05,240.0,21.8,697.0,15.6,9.8,13.1,6.5,7.7,11.2,12.4,3.0,51.6,Winter
2023-06-06,141.0,12.4,413.0,12.4,12.3,14.5,10.1,10.4,11.6,12.6,2.46,51.7,Winter
2023-06-07,277.0,16.1,597.0,0.0,13.2,16.7,9.6,8.9,10.1,12.5,10.67,51.8,Winter
2023-06-08,208.0,12.2,333.0,0.0,12.4,16.2,8.6,7.6,9.7,11.9,10.74,51.7,Winter
2023-06-09,226.0,11.4,264.0,0.0,12.2,16.1,8.2,7.1,9.8,11.6,9.3,51.6,Winter
2023-06-10,96.0,5.7,135.0,0.0,9.7,16.1,3.3,4.6,9.2,11.0,10.61,51.5,Winter
2023-06-11,253.0,10.7,233.0,0.0,8.9,16.1,1.7,3.0,9.5,10.0,8.19,51.4,Winter
2023-06-12,96.0,5.7,135.0,0.4,10.0,17.1,2.8,3.8,10.4,10.4,8.97,51.3,Winter
2023-06-13,96.0,5.7,135.0,0.0,10.8,16.5,5.1,5.2,10.0,11.2,8.94,51.0,Winter
2023-06-14,155.0,10.6,256.0,0.0,8.3,15.0,1.5,2.2,8.0,9.6,9.71,50.9,Winter
2023-06-15,269.0,5.2,126.0,0.0,7.9,14.8,1.0,2.0,8.9,9.4,9.3,50.7,Winter
2023-06-16,285.0,13.8,591.0,23.4,10.8,13.6,7.9,9.3,11.6,11.1,2.04,51.3,Winter
2023-06-17,240.0,21.8,697.0,15.0,9.0,12.4,5.5,7.8,11.2,10.7,1.25,51.6,Winter
2023-06-18,226.0,6.1,174.0,0.2,10.8,16.3,5.2,7.3,11.2,11.3,7.92,51.7,Winter
2023-06-19,96.0,5.7,135.0,0.2,9.8,16.4,3.3,5.5,10.4,10.9,10.06,51.6,Winter
2023-06-20,290.0,9.3,217.0,0.6,11.7,17.8,5.6,6.5,11.5,11.6,8.55,51.6,Winter
2023-06-21,274.0,13.8,428.0,8.2,11.7,16.2,7.2,8.3,13.3,12.5,4.21,51.7,Winter
2023-06-22,37.0,19.7,306.0,31.8,12.0,14.9,9.2,10.8,13.4,13.1,4.11,51.7,Winter
2023-06-23,20.0,20.6,274.0,22.0,13.3,16.8,9.9,11.1,14.2,13.6,6.74,51.6,Winter
2023-06-24,347.0,15.5,308.0,15.4,14.8,17.7,11.8,11.8,15.0,14.1,4.13,51.6,Winter
2023-06-25,222.0,20.0,572.0,8.2,14.5,16.2,12.7,12.5,14.1,14.5,4.2,51.5,Winter
2023-06-26,37.0,11.2,386.0,10.0,11.7,16.3,7.1,9.7,12.8,13.7,4.73,51.4,Winter
2023-06-27,217.0,14.8,407.0,2.2,10.2,13.8,6.6,8.7,11.3,12.1,5.45,51.6,Winter
2023-06-28,224.0,8.6,225.0,0.6,12.1,15.5,8.6,8.3,11.6,11.5,7.03,51.5,Winter
2023-06-29,277.0,17.5,618.0,13.2,12.4,15.2,9.5,9.4,11.6,12.0,7.24,51.6,Winter
2023-06-30,260.0,25.5,860.0,14.2,11.5,13.8,9.2,9.0,10.6,11.7,5.4,51.6,Winter
2023-07-01,267.0,18.4,774.0,5.0,12.0,14.8,9.2,8.2,10.3,11.5,9.09,51.6,Winter
2023-07-02,262.0,17.6,544.0,22.4,11.5,14.6,8.3,8.6,11.1,11.9,6.89,51.8,Winter
2023-07-03,255.0,25.0,955.0,4.4,12.4,15.4,9.3,8.1,10.9,11.4,5.93,51.8,Winter
2023-07-04,57.0,13.7,484.0,0.6,13.2,15.4,10.9,9.5,10.8,11.8,5.88,51.9,Winter
2023-07-05,106.0,13.2,326.0,0.4,13.0,14.7,11.2,10.0,11.5,12.2,3.29,51.9,Winter
2023-07-06,224.0,8.6,225.0,0.2,11.8,15.7,7.8,8.6,11.4,12.5,7.84,51.6,Winter
2023-07-07,52.0,12.3,262.0,21.4,9.5,14.9,4.2,6.0,12.5,11.8,1.96,51.7,Winter
2023-07-08,303.0,10.6,271.0,0.2,12.3,17.2,7.4,9.5,13.2,13.3,6.48,51.7,Winter
2023-07-09,261.0,13.6,311.0,5.8,11.7,15.9,7.4,9.4,12.4,12.4,5.99,51.8,Winter
2023-07-10,145.0,12.5,383.0,6.0,12.5,16.0,8.9,9.5,12.1,12.2,6.88,51.8,Winter
2023-07-11,53.0,12.1,292.0,8.0,12.5,15.7,9.4,9.6,12.1,12.4,8.16,51.8,Winter
2023-07-12,19.0,11.0,262.0,1.2,11.4,16.2,6.6,8.4,11.2,12.0,7.5,51.7,Winter
2023-07-13,222.0,10.1,207.0,1.0,11.8,15.0,8.6,9.2,11.0,11.9,6.63,51.9,Winter
2023-07-14,284.0,14.0,427.0,4.0,13.1,15.8,10.3,10.0,12.9,12.5,5.19,51.9,Winter
2023-07-15,275.0,16.2,631.0,1.0,13.4,16.0,10.8,10.4,12.2,12.8,6.81,51.8,Winter
2023-07-16,282.0,16.2,674.0,0.0,14.1,16.5,11.6,10.8,12.6,13.1,9.52,51.8,Winter
2023-07-17,228.0,10.8,300.0,1.6,12.9,15.7,10.0,8.9,10.9,12.6,8.25,52.0,Winter
2023-07-18,226.0,11.4,264.0,1.2,12.0,15.9,8.1,7.7,11.8,12.1,8.58,52.1,Winter
2023-07-19,272.0,13.8,443.0,0.2,10.1,15.3,4.8,5.9,10.8,11.4,7.76,52.0,Winter
2023-07-20,48.0,15.3,352.0,17.6,9.3,14.9,3.7,4.8,11.9,11.1,3.72,52.0,Winter
2023-07-21,78.0,17.8,428.0,43.4,12.4,14.2,10.5,9.3,12.2,12.6,1.78,52.0,Winter
2023-07-22,192.0,12.4,334.0,0.0,10.8,14.2,7.3,7.1,9.2,11.5,6.67,52.2,Winter
2023-07-23,225.0,9.6,249.0,0.0,10.3,14.9,5.7,6.8,9.5,11.5,10.32,52.2,Winter
2023-07-24,222.0,9.5,244.0,3.0,10.8,15.1,6.4,7.4,11.4,11.3,9.36,52.1,Winter
2023-07-25,283.0,13.8,467.0,4.2,12.2,15.9,8.5,7.9,11.7,11.7,8.06,52.2,Winter
2023-07-26,223.0,21.6,600.0,8.2,8.6,13.1,4.1,6.0,8.7,11.0,8.06,52.2,Winter
2023-07-27,69.0,13.4,324.0,3.4,8.3,14.0,2.6,5.2,9.6,9.9,5.79,52.3,Winter
2023-07-28,231.0,13.2,304.0,1.4,8.2,13.2,3.1,5.6,8.7,10.3,11.56,52.3,Winter
2023-07-29,175.0,5.4,130.0,0.0,7.5,14.2,0.8,3.5,8.2,9.5,8.36,52.3,Winter
2023-07-30,255.0,8.0,213.0,0.2,9.6,15.4,3.8,5.3,10.0,10.5,11.07,52.3,Winter
2023-07-31,253.0,10.7,233.0,0.0,8.9,15.6,2.2,3.7,9.7,10.3,8.97,52.2,Winter
2023-08-01,96.0,5.7,135.0,0.0,10.0,16.3,3.6,5.2,11.3,11.1,9.94,52.1,Winter
2023-08-02,16.0,8.0,188.0,18.8,10.3,14.4,6.1,4.7,9.9,11.5,7.5,52.2,Winter
2023-08-03,254.0,8.5,213.0,0.2,7.1,12.6,1.6,4.2,7.2,9.7,12.8,52.5,Winter
2023-08-04,253.0,10.7,233.0,0.0,8.0,15.1,0.9,3.0,9.6,9.5,8.53,52.5,Winter
2023-08-05,72.0,5.8,125.0,0.0,11.1,16.3,5.9,7.0,11.0,11.8,12.07,52.2,Winter
2023-08-06,96.0,5.7,135.0,0.2,10.3,16.0,4.5,5.5,10.7,11.5,9.72,52.1,Winter
2023-08-07,54.0,4.8,130.0,0.4,10.3,15.2,5.4,6.6,10.9,12.2,9.48,51.9,Winter
2023-08-08,233.0,12.2,307.0,4.8,8.5,12.7,4.2,5.8,10.2,11.1,5.99,52.0,Winter
2023-08-09,56.0,5.8,134.0,0.4,8.3,13.9,2.8,4.4,8.8,10.3,11.01,52.3,Winter
2023-08-10,253.0,10.7,233.0,2.0,8.3,13.9,2.6,4.1,9.7,10.2,11.18,52.1,Winter
2023-08-11,187.0,9.4,293.0,0.0,8.2,13.7,2.7,3.7,7.6,10.0,13.27,52.1,Winter
2023-08-12,253.0,10.7,233.0,0.0,8.5,14.9,2.0,3.7,9.3,10.3,9.47,51.9,Winter
2023-08-13,226.0,6.1,174.0,2.0,10.3,15.2,5.3,6.5,11.9,11.6,6.62,51.9,Winter
2023-08-14,286.0,13.2,433.0,4.6,11.8,15.8,7.7,8.1,11.7,11.7,6.15,52.0,Winter
2023-08-15,258.0,12.1,344.0,0.2,9.5,15.1,3.9,6.3,10.0,11.4,11.06,52.3,Winter
2023-08-16,253.0,18.7,575.0,3.4,10.9,15.1,6.6,7.1,10.3,11.7,12.28,52.0,Winter
2023-08-17,260.0,11.8,314.0,0.6,9.8,14.9,4.6,6.0,9.1,11.3,12.79,52.3,Winter
2023-08-18,56.0,5.8,134.0,0.4,8.5,15.5,1.5,4.2,8.7,10.9,12.86,52.1,Winter
2023-08-19,20.0,13.0,230.0,9.4,8.2,14.5,1.8,3.8,10.9,10.4,3.61,52.0,Winter
2023-08-20,286.0,14.0,607.0,11.6,12.5,14.8,10.1,10.3,12.7,12.4,5.51,52.4,Winter
2023-08-21,267.0,18.4,774.0,8.4,10.7,13.4,7.9,8.5,10.3,11.7,8.42,52.5,Winter
2023-08-22,229.0,9.5,180.0,0.0,10.5,15.5,5.4,6.5,9.7,11.6,16.07,52.6,Winter
2023-08-23,177.0,7.3,214.0,0.0,7.5,13.4,1.7,4.3,9.3,11.0,7.62,52.5,Winter
2023-08-24,60.0,7.4,167.0,0.0,10.2,13.2,7.1,8.1,9.5,12.1,7.13,52.2,Winter
2023-08-25,217.0,10.8,221.0,0.0,8.8,14.3,3.3,5.5,8.7,12.3,15.15,51.9,Winter
2023-08-26,175.0,5.4,130.0,0.0,7.9,14.8,0.9,3.4,8.1,10.9,9.14,51.5,Winter
2023-08-27,54.0,4.8,130.0,0.6,10.6,16.2,4.9,6.6,10.2,11.5,10.62,51.3,Winter
2023-08-28,231.0,13.2,304.0,0.0,9.0,14.8,3.1,5.1,8.9,11.4,14.26,51.1,Winter
2023-08-29,58.0,9.0,161.0,0.0,8.1,15.3,0.8,3.0,7.6,10.9,15.1,50.8,Winter
2023-08-30,289.0,10.7,221.0,7.6,9.0,14.8,3.2,4.9,10.2,11.4,8.8,51.1,Winter
2023-08-31,86.0,6.2,137.0,0.2,8.3,15.4,1.3,3.8,8.9,11.9,17.69,52.0,Winter
2023-09-01,253.0,10.7,233.0,0.0,8.6,15.7,1.4,3.9,11.4,11.7,11.05,51.6,Spring
2023-09-02,273.0,17.5,702.0,0.0,14.4,17.3,11.5,11.3,12.5,14.1,17.46,51.5,Spring
2023-09-03,3.0,11.3,345.0,5.0,13.7,15.3,12.0,11.4,12.9,13.7,3.64,51.3,Spring
2023-09-04,115.0,11.8,374.0,32.2,13.2,14.9,11.5,11.8,14.5,14.0,4.47,51.8,Spring
2023-09-05,358.0,14.6,438.0,7.8,14.4,17.5,11.3,11.0,14.8,14.5,12.91,52.1,Spring
2023-09-06,263.0,23.5,814.0,4.0,15.1,19.0,11.2,12.6,14.8,15.6,11.2,52.1,Spring
2023-09-07,280.0,10.6,239.0,0.2,11.7,15.9,7.4,8.8,13.5,14.8,5.51,52.1,Spring
2023-09-08,255.0,10.7,279.0,0.2,10.2,16.9,3.5,5.6,11.5,14.0,17.79,52.1,Spring
2023-09-09,243.0,10.0,343.0,0.8,13.1,16.1,10.0,10.9,12.8,14.6,7.34,52.1,Spring
2023-09-10,271.0,17.6,657.0,0.0,13.5,17.3,9.7,10.8,12.0,14.9,15.48,51.9,Spring
2023-09-11,74.0,12.2,319.0,13.6,12.8,16.2,9.3,10.4,13.2,14.4,5.75,51.8,Spring
2023-09-12,249.0,15.5,474.0,0.2,11.5,16.7,6.2,8.3,10.6,13.7,17.51,52.1,Spring
2023-09-13,229.0,9.5,180.0,0.0,10.5,16.3,4.8,6.9,10.0,13.2,13.94,52.1,Spring
2023-09-14,236.0,14.5,375.0,0.2,12.5,16.2,8.8,9.0,10.4,13.4,13.79,52.0,Spring
2023-09-15,249.0,15.6,559.0,3.4,12.8,15.8,9.7,9.3,11.3,13.8,12.93,51.9,Spring
2023-09-16,255.0,10.7,279.0,0.0,11.1,17.7,4.5,6.2,9.8,13.8,17.91,52.0,Spring
2023-09-17,217.0,15.0,367.0,0.0,11.1,17.5,4.6,6.7,11.4,14.2,20.93,51.7,Spring
2023-09-18,232.0,11.2,298.0,0.0,14.7,18.2,11.1,10.6,13.1,14.5,9.42,51.4,Spring
2023-09-19,268.0,11.3,344.0,0.0,13.0,19.4,6.5,8.1,11.9,14.7,19.91,51.2,Spring
2023-09-20,216.0,5.9,130.0,0.0,15.0,21.4,8.5,9.9,12.6,15.9,19.91,51.0,Spring
2023-09-21,65.0,7.2,154.0,0.0,13.3,20.4,6.1,8.0,12.7,16.0,20.35,50.6,Spring
2023-09-22,58.0,7.5,256.0,0.0,16.3,19.4,13.2,12.9,14.5,16.6,12.52,50.4,Spring
2023-09-23,8.0,14.0,609.0,15.2,16.3,18.3,14.2,14.8,16.3,16.6,5.94,50.4,Spring
2023-09-24,95.0,12.1,297.0,5.0,13.4,15.8,11.0,11.9,12.9,16.2,8.49,52.1,Spring
2023-09-25,158.0,13.6,355.0,17.4,13.2,15.8,10.6,12.0,14.5,15.9,7.5,52.2,Spring
2023-09-26,26.0,11.3,341.0,2.2,13.3,17.3,9.3,11.1,12.5,16.0,15.71,52.2,Spring
2023-09-27,86.0,9.7,241.0,1.6,12.7,15.7,9.7,10.3,11.4,15.0,13.07,52.3,Spring
2023-09-28,273.0,17.1,489.0,8.0,12.7,15.4,9.9,10.1,11.7,14.7,14.83,52.3,Spring
2023-09-29,237.0,17.3,581.0,1.0,12.9,16.1,9.7,9.0,10.8,13.9,17.5,52.3,Spring
2023-09-30,312.0,12.7,406.0,19.4,11.1,14.3,7.9,8.2,10.3,13.8,13.88,52.3,Spring
2023-10-01,229.0,9.5,180.0,0.0,10.4,15.7,5.0,7.1,10.0,13.0,16.17,52.5,Spring
2023-10-02,276.0,19.5,564.0,4.2,15.3,18.3,12.2,11.6,13.3,14.7,18.77,52.5,Spring
2023-10-03,237.0,17.3,581.0,0.0,12.3,15.8,8.8,8.7,9.9,14.7,17.27,52.4,Spring
2023-10-04,254.0,14.2,436.0,0.0,10.2,18.1,2.3,5.1,8.8,14.4,24.95,52.3,Spring
2023-10-05,85.0,6.9,185.0,0.0,12.3,17.4,7.2,7.8,11.8,15.1,20.69,52.0,Spring
2023-10-06,229.0,11.8,296.0,0.0,14.3,18.3,10.2,10.9,12.0,16.1,17.55,51.7,Spring
2023-10-07,275.0,7.6,121.0,3.2,13.0,18.8,7.3,9.1,12.8,15.6,9.2,51.3,Spring
2023-10-08,102.0,6.7,177.0,2.0,12.6,17.0,8.2,9.9,11.8,15.9,14.55,51.1,Spring
2023-10-09,206.0,10.6,339.0,0.2,13.0,16.8,9.2,10.3,10.6,15.4,16.08,51.1,Spring
2023-10-10,59.0,12.8,471.0,2.6,13.4,16.7,10.1,9.8,11.8,15.0,17.51,51.0,Spring
2023-10-11,59.0,12.8,471.0,1.2,13.0,16.3,9.8,9.5,10.9,15.5,15.93,50.9,Spring
2023-10-12,237.0,17.3,581.0,0.4,12.5,16.0,9.0,9.1,9.8,14.8,16.75,50.7,Spring
2023-10-13,247.0,13.6,358.0,0.0,13.9,18.4,9.4,9.5,11.9,15.2,15.59,50.5,Spring
2023-10-14,233.0,11.6,367.0,0.0,14.6,20.1,9.0,9.4,12.2,15.9,20.55,50.4,Spring
2023-10-15,258.0,17.4,593.0,2.2,16.0,19.0,12.9,13.6,14.5,16.8,18.35,50.2,Spring
2023-10-16,216.0,6.6,155.0,0.0,15.7,19.9,11.5,12.7,14.5,17.4,15.86,50.0,Spring
2023-10-17,198.0,6.5,162.0,0.0,15.7,21.5,9.8,11.3,14.9,17.5,15.81,49.6,Spring
2023-10-18,268.0,12.2,396.0,0.0,17.4,20.4,14.3,14.4,16.4,18.4,16.8,49.4,Spring
2023-10-19,264.0,14.1,651.0,0.0,16.4,20.4,12.4,13.3,15.6,18.6,21.91,48.9,Spring
2023-10-20,260.0,13.4,483.0,0.4,16.6,19.2,14.0,14.8,15.3,18.6,12.75,48.4,Spring
2023-10-21,239.0,9.9,282.0,0.4,17.0,21.7,12.3,12.9,14.2,18.6,18.17,48.1,Spring
2023-10-22,268.0,9.4,272.0,0.0,15.0,19.6,10.4,11.5,12.5,18.2,22.84,47.4,Spring
2023-10-23,339.0,12.8,254.0,1.8,14.1,18.5,9.6,11.1,13.4,17.7,12.45,46.7,Spring
2023-10-24,3.0,15.1,548.0,8.4,15.1,18.4,11.8,12.3,14.9,17.7,8.25,46.8,Spring
2023-10-25,264.0,13.8,536.0,4.2,15.5,19.3,11.8,12.6,15.0,17.4,15.06,48.1,Spring
2023-10-26,264.0,14.1,651.0,0.0,17.4,22.1,12.7,12.8,14.9,17.8,22.46,48.3,Spring
2023-10-27,118.0,8.1,220.0,3.8,12.6,16.4,8.8,9.9,12.0,16.9,8.22,48.2,Spring
2023-10-28,274.0,14.0,402.0,0.8,10.7,14.4,7.0,8.8,9.0,15.8,13.44,48.0,Spring
2023-10-29,285.0,13.2,318.0,6.0,13.6,16.0,11.1,11.0,10.2,15.1,9.26,47.9,Spring
2023-10-30,292.0,13.4,294.0,31.0,14.0,16.6,11.3,11.3,15.9,15.2,3.85,52.2,Spring
2023-10-31,277.0,13.2,452.0,9.4,16.4,18.4,14.3,15.0,17.6,16.8,7.68,52.7,Spring
2023-11-01,49.0,7.6,222.0,0.0,16.4,20.8,12.0,13.0,15.7,17.7,19.93,52.5,Spring
2023-11-02,14.0,9.8,229.0,0.0,15.2,21.0,9.4,11.8,14.2,17.7,12.86,52.0,Spring
2023-11-03,42.0,10.7,181.0,16.4,14.2,19.2,9.1,11.6,13.8,17.4,11.36,52.1,Spring
2023-11-04,216.0,5.9,130.0,0.0,14.0,20.6,7.3,9.6,12.9,17.4,20.43,52.5,Spring
2023-11-05,247.0,13.6,358.0,0.0,14.4,19.5,9.2,11.6,12.4,17.7,15.78,52.1,Spring
2023-11-06,65.0,7.2,154.0,0.0,13.5,19.8,7.1,9.9,11.7,17.2,20.98,51.7,Spring
2023-11-07,65.0,7.2,154.0,1.2,11.7,17.4,5.9,9.2,10.4,16.8,20.58,50.9,Spring
2023-11-08,234.0,16.0,537.0,0.0,14.0,17.9,10.1,11.1,11.2,16.9,24.16,50.4,Spring
2023-11-09,247.0,13.6,358.0,0.0,13.5,19.1,7.9,9.4,10.9,16.7,15.7,49.8,Spring
2023-11-10,65.0,7.2,154.0,0.0,12.6,18.6,6.6,10.3,11.9,16.9,22.17,49.6,Spring
2023-11-11,216.0,5.9,130.0,0.0,14.0,20.5,7.4,10.9,11.7,17.5,18.72,49.2,Spring
2023-11-12,70.0,9.9,274.0,0.0,12.9,20.4,5.3,10.1,10.2,17.6,28.33,48.9,Spring
2023-11-13,251.0,10.2,300.0,0.0,13.5,20.4,6.6,10.9,10.5,17.9,27.81,48.3,Spring
2023-11-14,286.0,7.8,224.0,6.8,13.3,18.7,7.8,11.5,13.1,17.4,8.22,48.2,Spring
2023-11-15,229.0,11.8,296.0,0.2,14.2,18.9,9.4,12.0,13.8,17.6,16.27,48.4,Spring
2023-11-16,73.0,7.1,208.0,0.0,14.3,20.4,8.2,11.5,13.1,18.2,22.15,48.4,Spring
2023-11-17,14.0,9.8,229.0,0.0,16.2,23.5,8.9,12.4,15.0,18.4,12.95,48.0,Spring
2023-11-18,277.0,15.4,646.0,3.2,16.3,18.7,13.9,15.1,16.6,18.4,4.72,47.7,Spring
2023-11-19,19.0,11.8,379.0,13.4,17.7,20.8,14.6,15.1,17.7,18.7,14.09,50.8,Spring
2023-11-20,17.0,19.4,493.0,3.4,19.2,23.2,15.1,16.3,17.5,19.9,17.78,51.9,Spring
2023-11-21,261.0,13.7,384.0,1.8,20.0,24.7,15.2,15.8,16.3,20.8,24.07,51.6,Spring
2023-11-22,224.0,13.5,352.0,0.2,17.8,23.6,12.0,15.2,15.8,21.3,23.38,50.9,Spring
2023-11-23,87.0,8.4,217.0,0.0,17.3,22.1,12.5,15.2,15.6,21.3,26.18,49.9,Spring
2023-11-24,73.0,7.1,208.0,1.4,14.5,18.3,10.6,11.3,12.4,19.6,21.03,49.3,Spring
2023-11-25,54.0,10.8,291.0,0.0,14.0,19.3,8.6,10.3,9.8,18.3,21.44,48.7,Spring
2023-11-26,56.0,10.2,252.0,0.0,14.1,18.7,9.4,12.0,12.0,18.5,25.97,48.0,Spring
2023-11-27,73.0,7.1,208.0,0.0,15.0,19.7,10.2,11.4,11.8,18.1,19.4,47.1,Spring
2023-11-28,51.0,10.1,275.0,3.0,16.1,21.0,11.2,13.1,14.5,18.6,20.22,46.1,Spring
2023-11-29,44.0,7.6,179.0,0.2,15.6,20.0,11.1,13.4,12.9,18.9,23.14,45.7,Spring
2023-11-30,46.0,6.0,150.0,0.0,14.8,19.9,9.7,12.6,11.2,18.5,17.75,44.7,Spring
2023-12-01,247.0,13.6,358.0,0.2,14.8,20.4,9.2,6.0,11.7,17.2,15.2,44.1,Summer
2023-12-02,90.0,6.8,197.0,0.0,17.1,19.9,14.2,13.2,14.6,19.1,14.28,44.0,Summer
2023-12-03,29.0,10.9,352.0,0.0,17.9,19.7,16.0,16.0,17.8,19.2,6.13,41.5,Summer
2023-12-04,112.0,10.7,381.0,0.0,18.6,21.2,16.0,15.5,19.1,19.8,10.17,43.3,Summer
2023-12-05,64.0,13.0,364.0,11.4,16.1,17.3,14.8,15.2,17.3,19.3,3.14,47.9,Summer
2023-12-06,271.0,17.8,540.0,2.6,18.3,22.1,14.4,13.6,16.3,19.5,18.2,51.9,Summer
2023-12-07,202.0,12.2,348.0,0.0,17.1,20.2,13.9,12.5,14.4,19.2,16.45,51.0,Summer
2023-12-08,234.0,13.6,389.0,0.0,15.1,20.7,9.5,6.8,12.0,19.5,28.59,49.7,Summer
2023-12-09,41.0,8.6,220.0,0.0,14.9,22.6,7.2,5.2,13.0,19.9,19.6,48.5,Summer
2023-12-10,8.0,13.3,373.0,0.8,15.2,20.6,9.7,7.4,15.4,19.7,19.2,48.4,Summer
2023-12-11,58.0,7.1,220.0,0.2,17.3,21.7,12.9,11.1,14.4,20.1,18.74,48.8,Summer
2023-12-12,247.0,11.4,358.0,1.0,14.8,18.4,11.1,8.4,11.3,18.3,17.16,46.9,Summer
2023-12-13,237.0,15.8,643.0,0.6,15.7,18.8,12.5,9.9,12.3,17.3,17.83,44.5,Summer
2023-12-14,263.0,14.8,435.0,0.0,17.1,19.8,14.3,12.3,13.1,17.9,20.24,44.1,Summer
2023-12-15,260.0,8.0,221.0,0.0,15.5,20.0,10.9,6.9,13.1,18.3,17.3,43.1,Summer
2023-12-16,41.0,8.6,220.0,0.0,15.6,22.8,8.4,5.7,13.7,18.8,21.18,40.7,Summer
2023-12-17,279.0,8.8,164.0,0.0,17.0,24.6,9.4,7.2,14.0,19.8,26.8,38.7,Summer
2023-12-18,232.0,10.4,213.0,0.2,20.3,25.3,15.3,13.3,18.4,20.8,14.9,36.5,Summer
2023-12-19,112.0,10.7,381.0,0.0,18.8,22.5,15.0,12.3,19.1,21.2,10.15,35.3,Summer
2023-12-20,19.0,8.4,199.0,0.0,18.0,24.5,11.4,9.6,16.3,20.9,26.44,34.5,Summer
2023-12-21,200.0,7.8,208.0,0.0,17.7,24.2,11.1,10.8,16.2,21.0,21.59,33.1,Summer
2023-12-22,278.0,11.7,345.0,3.0,19.2,23.6,14.7,13.6,18.3,21.2,18.94,31.9,Summer
2023-12-23,79.0,10.5,291.0,1.4,20.7,23.3,18.1,18.0,20.0,21.4,14.87,33.0,Summer
2023-12-24,260.0,13.7,450.0,0.2,22.1,24.9,19.2,18.7,21.4,21.9,12.48,32.1,Summer
2023-12-25,261.0,10.7,322.0,15.4,21.7,24.7,18.6,18.0,21.7,22.2,9.34,35.0,Summer
2023-12-26,357.0,9.6,284.0,4.8,21.6,24.3,18.9,19.3,22.3,22.3,13.94,43.9,Summer
2023-12-27,234.0,8.0,263.0,0.0,20.1,25.4,14.8,14.5,18.9,22.8,22.14,43.5,Summer
2023-12-28,112.0,10.7,381.0,1.0,18.2,22.3,14.0,14.1,18.3,21.9,12.57,42.6,Summer
2023-12-29,32.0,14.4,426.0,40.0,21.4,24.7,18.0,18.6,22.7,22.0,11.46,46.5,Summer
2023-12-30,262.0,10.0,381.0,2.0,22.6,26.5,18.6,18.3,22.6,23.0,24.61,51.4,Summer
2023-12-31,6.0,10.2,309.0,32.8,22.8,27.6,18.0,16.9,21.7,22.9,11.88,50.4,Summer
2024-01-01,255.0,8.2,205.0,1.0,15.7,21.6,9.8,10.3,13.5,21.8,26.73,51.5,Summer
2024-01-02,272.0,9.4,222.0,0.0,13.9,20.6,7.2,8.1,12.1,20.7,14.53,50.2,Summer
2024-01-03,16.0,7.8,257.0,0.0,15.8,22.2,9.4,9.9,13.4,20.7,18.38,49.0,Summer
2024-01-04,53.0,8.7,210.0,0.0,17.4,23.0,11.7,11.8,15.3,21.5,20.4,48.0,Summer
2024-01-05,29.0,10.2,159.0,4.6,18.1,23.0,13.1,13.3,17.3,21.5,10.94,47.5,Summer
2024-01-06,32.0,13.0,274.0,6.2,17.4,22.2,12.6,12.6,17.0,21.4,15.91,48.5,Summer
2024-01-07,76.0,8.8,228.0,0.0,18.0,24.0,12.0,12.8,17.6,22.0,25.93,49.0,Summer
2024-01-08,57.0,10.6,419.0,0.0,19.2,23.5,14.8,15.4,17.0,22.9,23.08,47.8,Summer
2024-01-09,46.0,12.8,439.0,0.0,19.3,24.2,14.3,15.3,16.1,23.4,29.87,46.5,Summer
2024-01-10,77.0,11.4,320.0,0.0,18.7,24.5,12.9,13.8,16.8,23.3,28.4,45.0,Summer
2024-01-11,66.0,8.1,202.0,0.0,19.3,25.3,13.2,14.0,16.5,23.4,26.23,44.4,Summer
2024-01-12,211.0,12.7,355.0,0.0,19.1,25.9,12.2,13.0,16.4,22.8,16.35,41.4,Summer
2024-01-13,234.0,8.2,195.0,0.0,19.3,26.4,12.1,13.0,17.2,23.2,28.29,39.1,Summer
2024-01-14,58.0,7.6,187.0,0.0,19.5,26.2,12.8,13.9,18.1,23.3,24.26,36.6,Summer
2024-01-15,188.0,13.4,357.0,19.4,21.6,25.5,17.6,18.0,21.0,23.3,10.5,39.9,Summer
2024-01-16,85.0,12.5,445.0,1.2,20.3,22.9,17.8,18.4,20.3,23.1,11.06,48.1,Summer
2024-01-17,262.0,10.0,381.0,0.0,22.1,25.6,18.6,19.6,21.7,23.8,23.06,46.4,Summer
2024-01-18,66.0,7.3,206.0,0.0,22.5,25.1,19.8,19.8,21.3,24.0,19.97,45.3,Summer
2024-01-19,52.0,5.2,159.0,8.0,21.2,23.2,19.1,18.8,23.3,23.7,8.48,46.3,Summer
2024-01-20,54.0,8.5,263.0,0.0,22.6,25.5,19.6,19.4,21.7,23.8,16.95,47.5,Summer
2024-01-21,229.0,11.2,253.0,0.0,21.4,25.9,16.9,18.2,21.7,23.7,19.37,45.4,Summer
2024-01-22,260.0,7.7,187.0,1.8,23.3,27.4,19.2,19.5,22.3,24.1,17.65,45.4,Summer
2024-01-23,227.0,9.2,268.0,1.4,21.9,25.8,18.0,16.9,21.1,23.8,16.28,45.0,Summer
2024-01-24,53.0,8.7,210.0,0.0,16.5,22.0,10.9,13.5,11.9,22.4,22.19,41.3,Summer
2024-01-25,269.0,13.0,328.0,0.0,18.7,24.2,13.2,12.9,13.5,22.2,26.07,38.8,Summer
2024-01-26,58.0,7.6,187.0,0.2,19.4,25.6,13.2,14.7,15.4,22.6,22.54,36.5,Summer
2024-01-27,82.0,8.0,175.0,2.0,17.8,24.6,11.0,12.9,17.8,21.6,11.83,34.5,Summer
2024-01-28,354.0,10.4,368.0,17.4,22.1,25.8,18.3,18.1,23.1,22.6,7.98,37.6,Summer
2024-01-29,257.0,12.9,484.0,1.2,19.5,23.1,15.8,15.7,15.5,21.9,26.65,46.4,Summer
2024-01-30,229.0,11.2,253.0,0.0,21.8,26.9,16.8,16.6,17.2,22.3,22.67,44.5,Summer
2024-01-31,30.0,8.9,262.0,0.0,21.0,28.2,13.8,15.4,18.1,22.8,23.49,42.6,Summer
2024-02-01,74.0,7.6,192.0,0.0,20.3,25.6,14.9,12.2,16.3,22.4,27.12,40.6,Summer
2024-02-02,80.0,7.3,141.0,0.8,19.5,24.9,14.1,11.6,17.4,21.5,15.74,38.6,Summer
2024-02-03,253.0,22.4,820.0,14.8,17.6,21.2,14.0,13.2,14.9,20.1,21.79,46.0,Summer
2024-02-04,254.0,11.8,312.0,0.0,16.5,23.1,9.9,7.7,12.2,20.1,24.47,45.7,Summer
2024-02-05,278.0,6.8,190.0,0.0,17.1,25.4,8.7,7.5,14.5,21.3,25.97,44.5,Summer
2024-02-06,278.0,6.8,190.0,0.0,17.7,25.6,9.7,8.1,16.1,22.3,24.64,42.8,Summer
2024-02-07,140.0,7.7,174.0,0.0,18.4,25.9,10.9,9.8,16.2,22.9,25.22,40.7,Summer
2024-02-08,226.0,8.0,167.0,0.0,18.7,26.2,11.1,10.5,16.5,22.9,21.81,38.4,Summer
2024-02-09,87.0,6.2,147.0,0.0,19.4,24.1,14.7,13.1,18.8,22.5,11.35,36.3,Summer
2024-02-10,344.0,6.7,179.0,0.0,21.2,25.6,16.7,15.5,20.4,23.0,13.56,35.0,Summer
2024-02-11,121.0,7.8,224.0,0.0,18.1,21.6,14.5,11.3,11.7,21.2,25.23,33.5,Summer
2024-02-12,74.0,6.6,151.0,0.0,16.4,23.8,9.0,7.3,14.3,21.4,19.25,31.7,Summer
2024-02-13,28.0,7.0,215.0,0.0,17.8,24.3,11.2,10.1,14.7,21.9,17.99,30.4,Summer
2024-02-14,278.0,6.8,190.0,0.0,17.3,24.7,9.8,9.0,14.6,22.0,25.18,29.0,Summer
2024-02-15,85.0,6.4,179.0,0.0,17.8,25.0,10.6,9.0,16.1,21.9,20.94,27.5,Summer
2024-02-16,65.0,5.4,124.0,0.0,19.7,25.6,13.8,12.3,16.6,22.3,15.8,26.4,Summer
2024-02-17,226.0,8.0,167.0,0.0,18.9,26.6,11.1,9.8,15.1,22.6,24.66,25.3,Summer
2024-02-18,53.0,8.2,217.0,0.0,18.4,24.6,12.2,11.4,16.2,22.4,15.12,24.2,Summer
2024-02-19,74.0,7.6,192.0,0.0,20.8,26.7,14.8,14.1,17.1,22.9,25.84,23.4,Summer
2024-02-20,39.0,10.9,255.0,0.6,20.8,26.5,15.1,12.5,17.6,22.6,23.05,22.6,Summer
2024-02-21,77.0,8.1,197.0,0.0,16.9,23.5,10.2,8.8,12.6,21.8,26.04,21.7,Summer
2024-02-22,235.0,6.3,166.0,0.0,15.8,24.6,6.9,6.7,13.5,21.4,19.87,21.0,Summer
2024-02-23,262.0,7.6,221.0,0.2,20.5,26.4,14.6,13.0,16.7,22.6,20.03,20.5,Summer
2024-02-24,10.0,9.7,230.0,0.8,19.2,27.0,11.4,10.6,17.1,22.0,15.68,19.9,Summer
2024-02-25,354.0,10.4,368.0,15.2,20.8,23.8,17.9,17.2,21.4,22.0,7.74,21.5,Summer
2024-02-26,105.0,12.6,504.0,5.2,19.0,20.6,17.3,17.7,20.2,21.8,5.57,30.0,Summer
2024-02-27,91.0,11.3,297.0,1.2,17.6,21.6,13.5,12.5,18.2,21.5,11.48,31.5,Summer
2024-02-28,280.0,14.8,501.0,3.8,16.7,23.1,10.3,9.9,15.6,20.9,14.69,31.6,Summer
2024-02-29,269.0,13.0,328.0,0.0,19.2,24.3,14.0,12.8,14.4,21.5,24.81,31.8,Summer
2024-03-01,248.0,10.2,231.0,0.0,17.0,23.7,10.3,10.0,14.3,21.0,22.71,30.4,Autumn
2024-03-02,225.0,7.1,148.0,0.2,17.3,23.8,10.9,10.0,15.9,20.5,15.41,28.9,Autumn
2024-03-03,291.0,14.8,408.0,6.4,19.2,21.5,16.8,16.0,20.0,20.8,7.77,29.7,Autumn
2024-03-04,340.0,13.9,524.0,16.2,20.0,25.1,14.8,15.5,19.4,20.9,6.97,33.7,Autumn
2024-03-05,267.0,20.1,652.0,8.6,15.6,19.6,11.5,10.6,13.7,19.6,19.09,40.5,Autumn
2024-03-06,94.0,6.4,137.0,0.2,15.7,21.3,10.0,8.8,11.7,19.2,17.61,39.1,Autumn
2024-03-07,245.0,13.2,318.0,0.0,14.1,19.8,8.4,8.0,12.6,18.9,9.71,38.2,Autumn
2024-03-08,275.0,14.8,468.0,0.0,18.4,22.8,14.0,12.9,16.1,19.8,17.1,37.5,Autumn
2024-03-09,64.0,7.3,196.0,0.0,16.4,21.7,11.0,9.9,13.4,19.9,22.24,36.6,Autumn
2024-03-10,93.0,7.3,202.0,0.0,16.1,22.5,9.6,9.8,14.8,20.1,20.13,35.5,Autumn
2024-03-11,56.0,7.9,207.0,0.0,16.9,23.1,10.6,10.6,14.5,19.7,18.87,34.3,Autumn
2024-03-12,50.0,5.2,146.0,0.6,19.3,22.1,16.5,15.6,19.3,20.2,8.55,33.2,Autumn
2024-03-13,112.0,10.7,381.0,0.2,18.1,22.4,13.8,12.3,18.8,20.7,11.0,32.6,Autumn
2024-03-14,30.0,10.1,270.0,0.0,18.9,25.0,12.8,12.6,16.8,20.5,20.24,31.5,Autumn
2024-03-15,279.0,8.8,235.0,4.2,17.7,21.6,13.7,14.8,16.8,20.1,8.63,30.7,Autumn
2024-03-16,244.0,8.6,242.0,0.6,13.5,19.6,7.4,8.0,10.7,19.1,22.38,32.1,Autumn
2024-03-17,95.0,9.0,191.0,0.0,12.2,19.4,5.0,6.4,11.1,17.8,11.71,31.1,Autumn
2024-03-18,272.0,9.4,222.0,0.0,14.6,20.6,8.6,9.0,12.6,18.0,15.13,30.0,Autumn
2024-03-19,73.0,7.1,208.0,0.0,15.7,21.1,10.2,9.8,10.8,18.4,21.72,28.9,Autumn
2024-03-20,252.0,9.6,240.0,0.0,13.3,19.2,7.3,8.0,9.7,18.2,22.57,27.7,Autumn
2024-03-21,174.0,9.0,157.0,0.0,12.4,20.0,4.8,5.6,10.6,17.2,13.76,26.6,Autumn
2024-03-22,215.0,6.4,157.0,0.0,13.9,22.2,5.6,6.4,11.7,17.2,16.23,25.9,Autumn
2024-03-23,257.0,11.9,330.0,2.8,17.3,21.3,13.4,12.6,16.6,18.7,9.8,25.6,Autumn
2024-03-24,247.0,13.8,375.0,0.2,16.6,22.6,10.5,10.7,15.8,19.0,11.54,25.6,Autumn
2024-03-25,43.0,11.4,304.0,0.2,16.5,22.8,10.2,9.4,14.7,18.7,18.25,25.3,Autumn
2024-03-26,357.0,9.2,266.0,0.8,18.7,23.3,14.0,12.6,16.8,18.7,13.15,24.9,Autumn
2024-03-27,91.0,8.2,195.0,1.0,17.7,23.6,11.8,11.0,16.2,18.8,15.12,24.6,Autumn
2024-03-28,48.0,10.1,324.0,5.2,16.8,21.8,11.7,10.5,15.4,18.1,13.44,24.4,Autumn
2024-03-29,28.0,9.4,226.0,3.6,14.3,18.3,10.3,8.2,12.5,17.5,14.18,27.1,Autumn
2024-03-30,87.0,9.0,237.0,0.0,12.3,19.1,5.4,4.6,9.2,16.4,18.34,27.0,Autumn
2024-03-31,87.0,9.0,237.0,0.0,12.4,19.4,5.3,4.6,10.3,16.2,19.08,26.4,Autumn
2024-04-01,43.0,7.4,173.0,0.0,13.0,19.6,6.4,6.1,12.7,16.6,9.9,25.7,Autumn
2024-04-02,222.0,7.2,188.0,0.0,15.9,21.4,10.3,9.5,13.6,17.8,14.86,25.3,Autumn
2024-04-03,215.0,6.4,157.0,0.0,15.0,22.1,7.9,7.8,13.9,17.6,16.44,24.7,Autumn
2024-04-04,240.0,9.9,233.0,0.0,16.5,23.4,9.5,9.6,14.4,18.2,17.3,24.2,Autumn
2024-04-05,7.0,7.9,208.0,0.8,15.5,20.0,11.0,10.7,14.3,18.1,13.69,24.0,Autumn
2024-04-06,253.0,12.0,348.0,12.0,13.5,17.8,9.2,9.0,15.4,17.7,5.87,29.2,Autumn
2024-04-07,7.0,7.9,208.0,0.0,15.5,19.5,11.4,11.4,14.5,18.1,10.59,32.0,Autumn
2024-04-08,284.0,17.7,476.0,4.8,14.7,20.2,9.1,9.6,13.8,17.6,13.47,31.6,Autumn
2024-04-09,22.0,7.6,173.0,1.8,16.7,21.6,11.7,11.8,17.2,18.3,11.4,34.1,Autumn
2024-04-10,50.0,5.2,146.0,0.4,19.6,21.2,18.0,17.4,18.9,19.1,8.88,33.6,Autumn
2024-04-11,68.0,14.3,449.0,8.0,20.0,21.2,18.8,18.5,20.1,19.3,1.61,33.7,Autumn
2024-04-12,289.0,7.9,205.0,24.0,17.7,22.3,13.0,13.2,18.5,19.5,10.74,44.6,Autumn
2024-04-13,58.0,6.1,147.0,1.4,14.5,19.8,9.1,11.2,14.0,18.0,10.54,40.8,Autumn
2024-04-14,339.0,12.8,254.0,1.0,15.0,20.4,9.7,10.9,13.8,17.6,13.12,40.2,Autumn
2024-04-15,339.0,12.8,254.0,0.0,15.4,21.1,9.6,10.8,13.6,17.4,12.86,39.9,Autumn
2024-04-16,339.0,12.8,254.0,0.0,15.2,20.4,10.0,10.6,13.8,17.3,12.93,39.4,Autumn
2024-04-17,339.0,12.8,254.0,1.4,14.6,20.4,8.8,10.0,14.7,17.0,12.39,39.0,Autumn
2024-04-18,14.0,9.8,229.0,2.0,14.9,21.2,8.5,10.3,14.4,17.1,13.56,38.8,Autumn
2024-04-19,355.0,12.9,351.0,6.8,16.9,22.2,11.6,11.9,16.5,17.5,11.43,39.7,Autumn
2024-04-20,286.0,15.4,305.0,17.2,16.3,19.3,13.2,15.0,18.3,17.9,3.24,48.8,Autumn
2024-04-21,264.0,6.6,147.0,0.4,15.8,18.5,13.0,12.3,15.0,17.9,7.76,45.9,Autumn
2024-04-22,58.0,7.5,256.0,0.2,15.7,19.4,11.9,12.0,13.6,17.2,11.7,45.8,Autumn
2024-04-23,308.0,7.5,173.0,0.0,14.0,20.4,7.5,9.3,12.4,16.8,11.91,46.4,Autumn
2024-04-24,255.0,10.7,279.0,0.0,12.0,19.1,4.8,8.0,10.6,16.0,14.66,42.2,Autumn
2024-04-25,303.0,10.6,271.0,0.0,12.7,19.2,6.2,8.8,12.8,15.9,6.26,41.9,Autumn
2024-04-26,292.0,10.8,328.0,1.4,14.4,19.2,9.6,10.4,14.1,16.4,9.78,41.8,Autumn
2024-04-27,205.0,6.8,160.0,0.6,12.3,17.1,7.5,9.5,10.9,15.8,10.49,41.6,Autumn
2024-04-28,267.0,12.0,405.0,0.0,13.5,18.2,8.7,10.3,11.2,15.8,14.2,41.4,Autumn
2024-04-29,118.0,6.3,175.0,1.6,12.9,17.7,8.0,9.8,13.7,15.9,8.74,41.3,Autumn
2024-04-30,7.0,12.2,311.0,4.8,13.4,19.6,7.1,10.1,13.2,16.4,12.85,40.2,Autumn
2024-05-01,308.0,7.5,173.0,0.4,12.8,19.2,6.3,9.1,12.7,15.6,10.79,41.1,Autumn
2024-05-02,172.0,7.4,167.0,1.2,13.6,18.2,9.0,8.2,10.9,15.3,13.34,42.7,Autumn
2024-05-03,232.0,15.2,404.0,0.6,12.9,17.7,8.1,8.0,11.9,14.8,9.74,42.7,Autumn
2024-05-04,219.0,8.0,201.0,0.2,11.2,17.7,4.6,6.7,11.4,14.4,6.83,42.6,Autumn
2024-05-05,328.0,5.2,149.0,0.0,12.9,18.1,7.6,8.2,12.2,14.8,6.04,42.3,Autumn
2024-05-06,298.0,12.3,309.0,0.6,12.8,18.6,6.9,8.3,12.6,14.9,7.44,42.2,Autumn
2024-05-07,205.0,6.8,160.0,0.0,11.3,17.2,5.4,7.2,11.0,14.5,7.95,41.9,Autumn
2024-05-08,237.0,10.8,233.0,0.0,10.7,16.9,4.5,6.0,8.5,13.9,13.18,41.7,Autumn
2024-05-09,188.0,7.4,241.0,0.0,9.3,16.4,2.1,4.3,8.2,13.1,13.35,41.5,Autumn
2024-05-10,188.0,7.4,241.0,0.0,9.0,14.8,3.1,3.8,7.8,12.6,13.41,41.2,Autumn
2024-05-11,188.0,7.4,241.0,0.0,9.3,16.0,2.6,3.6,7.7,12.3,13.24,41.0,Autumn
2024-05-12,188.0,9.1,227.0,0.0,8.5,16.7,0.2,2.5,8.6,12.0,12.41,40.8,Autumn
2024-05-13,36.0,6.2,190.0,0.2,11.2,17.1,5.3,5.8,11.3,13.4,8.71,40.5,Autumn
2024-05-14,219.0,8.0,201.0,0.0,10.5,17.4,3.6,5.1,11.1,13.2,6.39,40.1,Autumn
2024-05-15,282.0,27.5,579.0,16.0,15.1,20.4,9.8,10.0,14.9,14.9,7.49,41.2,Autumn
2024-05-16,183.0,13.9,775.0,2.0,14.9,18.4,11.3,10.2,13.5,14.7,8.4,42.6,Autumn
2024-05-17,187.0,10.9,287.0,0.0,11.1,18.0,4.2,6.5,11.9,14.7,8.16,43.2,Autumn
2024-05-18,72.0,5.8,125.0,0.0,10.7,17.8,3.5,5.4,9.7,13.4,11.4,44.7,Autumn
2024-05-19,96.0,5.7,135.0,0.0,10.0,16.3,3.8,5.2,10.7,12.9,9.7,44.5,Autumn
2024-05-20,150.0,9.0,230.0,48.8,13.5,17.2,9.8,8.3,14.6,13.9,2.67,45.8,Autumn
2024-05-21,274.0,11.7,394.0,0.6,15.4,17.9,12.9,12.7,15.2,15.0,6.39,50.4,Autumn
2024-05-22,90.0,5.3,157.0,0.6,13.8,19.3,8.4,10.0,14.0,15.2,10.7,48.0,Autumn
2024-05-23,236.0,8.2,200.0,0.0,12.8,18.3,7.3,8.4,11.5,14.5,9.4,48.5,Autumn
